shrid2,road_award_date_new,road_award_date_upg,road_comp_date_new,road_comp_date_upg,road_comp_date_stip_new,road_comp_date_stip_upg,road_sanc_year_new,road_sanc_year_upg,road_length_new,road_length_upg,road_cost_new,road_cost_upg,road_cost_sanc_new,road_cost_sanc_upg,road_cost_state_new,road_cost_state_upg,road_name_new,road_name_upg
01-03-01-0002-00008200,,,,,,,,,,,,,,,,,,
01-03-01-0002-00008300,,,,,,,,,,,,,,,,,,
01-03-01-0002-00009300,,,,,,,,,,,,,,,,,,
01-03-01-0002-00009500,,,,,,,,,,,,,,,,,,
01-03-01-0002-00009700,,,,,,,,,,,,,,,,,,
01-03-01-0004-00117000,,,,,,,,,,,,,,,,,,
01-03-01-0004-00117100,,,,,,,,,,,,,,,,,,
01-03-05-0002-00494700,,,,,,,,,,,,,,,,,,
01-03-05-0002-00497500,,,,,,,,,,,,,,,,,,
01-03-07-0002-00681800,,,,,,,,,,,,,,,,,,
01-03-07-0002-00682000,,,,,,,,,,,,,,,,,,
01-03-07-0002-00682100,,,,,,,,,,,,,,,,,,
01-03-07-0003-00709400,,,,,,,,,,,,,,,,,,
01-03-07-0003-00710000,,,,,,,,,,,,,,,,,,
01-03-07-0003-00713900,,,,,,,,,,,,,,,,,,
01-03-07-0003-00714000,,,,,,,,,,,,,,,,,,
01-03-07-0003-00714100,,,,,,,,,,,,,,,,,,
01-03-07-0003-00714200,,,,,,,,,,,,,,,,,,
01-03-07-0004-00721200,,,,,,,,,,,,,,,,,,
01-03-07-0004-00721300,,,,,,,,,,,,,,,,,,
01-03-07-0004-00721400,,,,,,,,,,,,,,,,,,
01-03-07-0004-00721500,,,,,,,,,,,,,,,,,,
01-03-07-0004-00722700,,,,,,,,,,,,,,,,,,
01-03-16-0002-01109100,,,,,,,,,,,,,,,,,,
01-03-16-0002-01109900,,,,,,,,,,,,,,,,,,
01-03-16-0002-01117400,,,,,,,,,,,,,,,,,,
01-03-16-0002-01117600,,,,,,,,,,,,,,,,,,
01-03-17-0002-01187100,,,,,,,,,,,,,,,,,,
01-03-17-0005-01262800,,,,,,,,,,,,,,,,,,
01-03-17-0005-01265600,,,,,,,,,,,,,,,,,,
01-03-17-0005-01265900,,,,,,,,,,,,,,,,,,
01-03-17-0005-01266000,,,,,,,,,,,,,,,,,,
01-03-17-0005-01267200,,,,,,,,,,,,,,,,,,
01-03-17-0005-01267300,,,,,,,,,,,,,,,,,,
01-05-03-0002-00244500,,,,,,,,,,,,,,,,,,
01-05-03-0002-00245000,,,,,,,,,,,,,,,,,,
01-05-03-0002-00245100,,,,,,,,,,,,,,,,,,
01-05-06-0005-00763200,,,,,,,,,,,,,,,,,,
01-05-06-0006-00832100,,,,,,,,,,,,,,,,,,
01-05-06-0006-00849200,,,,,,,,,,,,,,,,,,
01-05-06-0006-00849400,,,,,,,,,,,,,,,,,,
01-05-06-0006-00851400,,,,,,,,,,,,,,,,,,
01-05-06-0006-00851600,,,,,,,,,,,,,,,,,,
01-05-06-0006-00856800,,,,,,,,,,,,,,,,,,
01-05-06-0006-00856900,,,,,,,,,,,,,,,,,,
01-05-08-0001-01056400,,,,,,,,,,,,,,,,,,
01-05-11-0002-01475100,,,,,,,,,,,,,,,,,,
01-05-11-0002-01475200,,,,,,,,,,,,,,,,,,
01-05-11-0004-01531400,,,,,,,,,,,,,,,,,,
01-05-13-0001-01643300,,,,,,,,,,,,,,,,,,
01-06-17-0002-00561400,,,,,,,,,,,,,,,,,,
01-06-18-0002-00593600,,,,,,,,,,,,,,,,,,
01-06-18-0002-00593700,,,,,,,,,,,,,,,,,,
01-06-18-0002-00593800,,,,,,,,,,,,,,,,,,
01-06-18-0002-00594000,,,,,,,,,,,,,,,,,,
01-06-18-0002-00594100,,,,,,,,,,,,,,,,,,
01-06-18-0002-00594200,,,,,,,,,,,,,,,,,,
01-06-18-0002-00594300,,,,,,,,,,,,,,,,,,
01-06-18-0002-00594400,,,,,,,,,,,,,,,,,,
01-06-18-0002-00594500,,,,,,,,,,,,,,,,,,
01-06-18-0002-00594600,,,,,,,,,,,,,,,,,,
01-06-18-0002-00594700,,,,,,,,,,,,,,,,,,
01-06-18-0002-00594800,,,,,,,,,,,,,,,,,,
01-06-18-0002-00594900,,,,,,,,,,,,,,,,,,
01-06-18-0002-00595000,,,,,,,,,,,,,,,,,,
01-06-18-0002-00595100,,,,,,,,,,,,,,,,,,
01-06-18-0002-00595200,,,,,,,,,,,,,,,,,,
01-06-18-0002-00595300,,,,,,,,,,,,,,,,,,
01-06-18-0002-00595600,,,,,,,,,,,,,,,,,,
01-06-18-0002-00595700,,,,,,,,,,,,,,,,,,
01-06-18-0002-00595800,,,,,,,,,,,,,,,,,,
01-06-18-0002-00595900,,,,,,,,,,,,,,,,,,
01-06-18-0002-00596000,,,,,,,,,,,,,,,,,,
01-06-18-0002-00596100,,,,,,,,,,,,,,,,,,
01-06-18-0002-00596200,,,,,,,,,,,,,,,,,,
01-06-18-0002-00596300,,,,,,,,,,,,,,,,,,
01-06-18-0002-00596400,,,,,,,,,,,,,,,,,,
01-06-18-0002-00596500,,,,,,,,,,,,,,,,,,
01-06-18-0002-00596600,,,,,,,,,,,,,,,,,,
01-06-18-0002-00596700,,,,,,,,,,,,,,,,,,
01-06-18-0002-00596800,,,,,,,,,,,,,,,,,,
01-06-18-0002-00596900,,,,,,,,,,,,,,,,,,
01-06-18-0002-00597000,,,,,,,,,,,,,,,,,,
01-06-18-0002-00598700,,,,,,,,,,,,,,,,,,
01-06-18-0003-00601100,,,,,,,,,,,,,,,,,,
01-06-18-0003-00607700,,,,,,,,,,,,,,,,,,
01-08-06-0007-00851700,,,,,,,,,,,,,,,,,,
01-08-06-0007-00851800,,,,,,,,,,,,,,,,,,
01-08-06-0007-00852000,,,,,,,,,,,,,,,,,,
01-08-06-0007-00852600,,,,,,,,,,,,,,,,,,
01-08-06-0007-00852800,,,,,,,,,,,,,,,,,,
01-08-06-0007-00859400,,,,,,,,,,,,,,,,,,
01-08-07-0009-01074600,,,,,,,,,,,,,,,,,,
01-08-09-0001-01192000,,,,,,,,,,,,,,,,,,
01-08-13-0004-01718700,,,,,,,,,,,,,,,,,,
01-09-01-0001-00001200,,,,,,,,,,,,,,,,,,
01-09-01-0001-00018600,,,,,,,,,,,,,,,,,,
01-09-01-0002-00034300,,,,,,,,,,,,,,,,,,
01-09-01-0002-00037200,,,,,,,,,,,,,,,,,,
01-09-01-0002-00037300,,,,,,,,,,,,,,,,,,
01-09-01-0002-00038600,,,,,,,,,,,,,,,,,,
01-09-01-0002-00038700,,,,,,,,,,,,,,,,,,
01-09-01-0002-00038800,,,,,,,,,,,,,,,,,,
01-09-01-0002-00041100,,,,,,,,,,,,,,,,,,
01-09-01-0002-00041200,,,,,,,,,,,,,,,,,,
01-09-01-0002-00041300,,,,,,,,,,,,,,,,,,
01-09-01-0002-00041500,,,,,,,,,,,,,,,,,,
01-09-01-0002-00041800,,,,,,,,,,,,,,,,,,
01-09-01-0002-00050300,,,,,,,,,,,,,,,,,,
01-09-01-0002-00052300,,,,,,,,,,,,,,,,,,
01-09-01-0002-00052500,,,,,,,,,,,,,,,,,,
01-09-01-0002-00052600,,,,,,,,,,,,,,,,,,
01-09-01-0002-00052900,,,,,,,,,,,,,,,,,,
01-09-01-0002-00053000,,,,,,,,,,,,,,,,,,
01-09-01-0002-00053100,,,,,,,,,,,,,,,,,,
01-09-01-0002-00053200,,,,,,,,,,,,,,,,,,
01-09-01-0002-00053300,,,,,,,,,,,,,,,,,,
01-09-01-0002-00053400,,,,,,,,,,,,,,,,,,
01-09-01-0002-00053500,,,,,,,,,,,,,,,,,,
01-09-01-0002-00053600,,,,,,,,,,,,,,,,,,
01-09-01-0002-00053900,,,,,,,,,,,,,,,,,,
01-09-01-0002-00054100,,,,,,,,,,,,,,,,,,
01-09-01-0002-00054200,,,,,,,,,,,,,,,,,,
01-09-01-0002-00054300,,,,,,,,,,,,,,,,,,
01-09-01-0002-00056400,,,,,,,,,,,,,,,,,,
01-09-01-0002-00057000,,,,,,,,,,,,,,,,,,
01-09-01-0002-00057200,,,,,,,,,,,,,,,,,,
01-09-03-0003-00374000,,,,,,,,,,,,,,,,,,
01-09-03-0003-00426900,,,,,,,,,,,,,,,,,,
01-09-04-0002-00633500,,,,,,,,,,,,,,,,,,
01-09-05-0003-00804100,,,,,,,,,,,,,,,,,,
01-09-07-0001-00979400,,,,,,,,,,,,,,,,,,
01-09-07-0001-00979600,,,,,,,,,,,,,,,,,,
01-09-09-0001-01070600,,,,,,,,,,,,,,,,,,
01-09-09-0002-01083400,,,,,,,,,,,,,,,,,,
01-09-09-0002-01083500,,,,,,,,,,,,,,,,,,
01-09-09-0002-01083600,,,,,,,,,,,,,,,,,,
01-09-10-0001-01125000,,,,,,,,,,,,,,,,,,
01-09-10-0001-01125100,,,,,,,,,,,,,,,,,,
01-09-10-0001-01125200,,,,,,,,,,,,,,,,,,
01-09-10-0001-01125500,,,,,,,,,,,,,,,,,,
01-09-10-0001-01125600,,,,,,,,,,,,,,,,,,
01-09-10-0001-01125700,,,,,,,,,,,,,,,,,,
01-09-10-0001-01125800,,,,,,,,,,,,,,,,,,
01-09-10-0001-01125900,,,,,,,,,,,,,,,,,,
01-09-10-0001-01126000,,,,,,,,,,,,,,,,,,
01-09-10-0001-01129000,,,,,,,,,,,,,,,,,,
01-09-10-0001-01129100,,,,,,,,,,,,,,,,,,
01-09-10-0001-01129200,,,,,,,,,,,,,,,,,,
01-09-10-0001-01129300,,,,,,,,,,,,,,,,,,
01-09-10-0001-01129400,,,,,,,,,,,,,,,,,,
01-09-10-0002-01137800,,,,,,,,,,,,,,,,,,
01-09-10-0002-01137900,,,,,,,,,,,,,,,,,,
01-09-10-0002-01138000,,,,,,,,,,,,,,,,,,
01-09-10-0002-01138300,,,,,,,,,,,,,,,,,,
01-09-10-0002-01138400,,,,,,,,,,,,,,,,,,
01-09-10-0002-01138500,,,,,,,,,,,,,,,,,,
01-09-10-0002-01138700,,,,,,,,,,,,,,,,,,
01-09-10-0002-01138800,,,,,,,,,,,,,,,,,,
01-09-10-0002-01140100,,,,,,,,,,,,,,,,,,
01-09-10-0002-01140200,,,,,,,,,,,,,,,,,,
01-09-10-0002-01140300,,,,,,,,,,,,,,,,,,
01-09-10-0002-01140400,,,,,,,,,,,,,,,,,,
01-09-10-0002-01140500,,,,,,,,,,,,,,,,,,
01-09-10-0002-01140600,,,,,,,,,,,,,,,,,,
01-09-10-0002-01140700,,,,,,,,,,,,,,,,,,
01-09-10-0002-01140800,,,,,,,,,,,,,,,,,,
01-09-10-0002-01140900,,,,,,,,,,,,,,,,,,
01-09-10-0002-01141000,,,,,,,,,,,,,,,,,,
01-09-10-0002-01141100,,,,,,,,,,,,,,,,,,
01-09-10-0002-01141200,,,,,,,,,,,,,,,,,,
01-09-10-0002-01141300,,,,,,,,,,,,,,,,,,
01-09-10-0002-01141400,,,,,,,,,,,,,,,,,,
01-09-10-0002-01141900,,,,,,,,,,,,,,,,,,
01-09-10-0002-01142000,,,,,,,,,,,,,,,,,,
01-09-10-0002-01142100,,,,,,,,,,,,,,,,,,
01-09-10-0002-01142200,,,,,,,,,,,,,,,,,,
01-09-10-0002-01142300,,,,,,,,,,,,,,,,,,
01-09-10-0002-01142400,,,,,,,,,,,,,,,,,,
01-09-10-0002-01142500,,,,,,,,,,,,,,,,,,
01-09-10-0002-01142600,,,,,,,,,,,,,,,,,,
01-09-10-0002-01142900,,,,,,,,,,,,,,,,,,
01-09-10-0002-01143000,,,,,,,,,,,,,,,,,,
01-09-10-0002-01143300,,,,,,,,,,,,,,,,,,
01-09-10-0002-01143800,,,,,,,,,,,,,,,,,,
01-09-12-0004-01361900,,,,,,,,,,,,,,,,,,
01-09-16-0002-01671500,,,,,,,,,,,,,,,,,,
01-09-16-0002-01673000,,,,,,,,,,,,,,,,,,
01-09-16-0002-01673100,,,,,,,,,,,,,,,,,,
01-09-16-0002-01674000,,,,,,,,,,,,,,,,,,
01-09-16-0002-01674800,,,,,,,,,,,,,,,,,,
01-09-16-0002-01674900,,,,,,,,,,,,,,,,,,
01-09-16-0002-01675200,,,,,,,,,,,,,,,,,,
01-09-16-0002-01675800,,,,,,,,,,,,,,,,,,
01-09-16-0002-01675900,,,,,,,,,,,,,,,,,,
01-09-16-0002-01676000,,,,,,,,,,,,,,,,,,
01-09-16-0002-01676100,,,,,,,,,,,,,,,,,,
01-09-16-0002-01676200,,,,,,,,,,,,,,,,,,
01-09-16-0003-01706800,,,,,,,,,,,,,,,,,,
01-09-19-0005-02122600,,,,,,,,,,,,,,,,,,
01-09-19-0005-02127400,,,,,,,,,,,,,,,,,,
01-09-20-0003-02279700,,,,,,,,,,,,,,,,,,
01-09-20-0005-02336900,,,,,,,,,,,,,,,,,,
01-09-21-0001-02430200,,,,,,,,,,,,,,,,,,
01-09-21-0003-02495800,,,,,,,,,,,,,,,,,,
01-09-21-0003-02499600,,,,,,,,,,,,,,,,,,
01-09-21-0003-02505800,,,,,,,,,,,,,,,,,,
01-09-21-0003-02506900,,,,,,,,,,,,,,,,,,
01-09-21-0003-02508700,,,,,,,,,,,,,,,,,,
01-09-21-0003-02516900,,,,,,,,,,,,,,,,,,
01-09-22-0002-02616000,,,,,,,,,,,,,,,,,,
01-09-22-0002-02616100,,,,,,,,,,,,,,,,,,
01-09-22-0003-02718500,,,,,,,,,,,,,,,,,,
01-09-23-0001-02777600,,,,,,,,,,,,,,,,,,
01-09-23-0001-02787900,,,,,,,,,,,,,,,,,,
01-09-23-0001-02789200,,,,,,,,,,,,,,,,,,
01-09-23-0001-02796600,,,,,,,,,,,,,,,,,,
01-09-23-0002-02828200,,,,,,,,,,,,,,,,,,
01-09-23-0002-02829200,,,,,,,,,,,,,,,,,,
01-09-25-0001-03232000,,,,,,,,,,,,,,,,,,
01-09-25-0001-03236700,,,,,,,,,,,,,,,,,,
01-09-27-0002-03613300,,,,,,,,,,,,,,,,,,
01-09-27-0002-03613400,,,,,,,,,,,,,,,,,,
01-09-27-0002-03613500,,,,,,,,,,,,,,,,,,
01-09-27-0002-03613800,,,,,,,,,,,,,,,,,,
01-09-27-0002-03613900,,,,,,,,,,,,,,,,,,
01-09-27-0002-03614000,,,,,,,,,,,,,,,,,,
01-09-27-0002-03614100,,,,,,,,,,,,,,,,,,
01-09-27-0002-03614200,,,,,,,,,,,,,,,,,,
01-09-27-0002-03614300,,,,,,,,,,,,,,,,,,
01-09-27-0002-03614700,,,,,,,,,,,,,,,,,,
01-09-27-0002-03615100,,,,,,,,,,,,,,,,,,
01-09-27-0002-03618100,,,,,,,,,,,,,,,,,,
01-09-27-0002-03618200,,,,,,,,,,,,,,,,,,
01-09-27-0002-03618500,,,,,,,,,,,,,,,,,,
01-09-27-0002-03618600,,,,,,,,,,,,,,,,,,
01-09-27-0002-03618700,,,,,,,,,,,,,,,,,,
01-09-27-0002-03618800,,,,,,,,,,,,,,,,,,
01-09-27-0002-03618900,,,,,,,,,,,,,,,,,,
01-09-27-0002-03619000,,,,,,,,,,,,,,,,,,
01-09-27-0002-03619100,,,,,,,,,,,,,,,,,,
01-09-27-0002-03619200,,,,,,,,,,,,,,,,,,
01-09-27-0002-03619300,,,,,,,,,,,,,,,,,,
01-09-27-0002-03619400,,,,,,,,,,,,,,,,,,
01-09-36-0005-04572400,,,,,,,,,,,,,,,,,,
01-09-36-0005-04572500,,,,,,,,,,,,,,,,,,
01-09-36-0005-04572600,,,,,,,,,,,,,,,,,,
01-09-36-0005-04573800,,,,,,,,,,,,,,,,,,
01-09-36-0005-04579800,,,,,,,,,,,,,,,,,,
01-09-36-0005-04580000,,,,,,,,,,,,,,,,,,
01-09-36-0005-04581200,,,,,,,,,,,,,,,,,,
01-09-36-0005-04581300,,,,,,,,,,,,,,,,,,
01-09-36-0005-04584700,,,,,,,,,,,,,,,,,,
01-09-36-0005-04584900,,,,,,,,,,,,,,,,,,
01-09-36-0005-04585000,,,,,,,,,,,,,,,,,,
01-09-36-0005-04585100,,,,,,,,,,,,,,,,,,
01-09-36-0005-04585200,,,,,,,,,,,,,,,,,,
01-09-36-0005-04585300,,,,,,,,,,,,,,,,,,
01-09-36-0005-04585400,,,,,,,,,,,,,,,,,,
01-09-36-0005-04585600,,,,,,,,,,,,,,,,,,
01-09-42-0001-04936500,,,,,,,,,,,,,,,,,,
01-09-42-0003-05040300,,,,,,,,,,,,,,,,,,
01-09-42-0003-05040800,,,,,,,,,,,,,,,,,,
01-09-44-0003-05371000,,,,,,,,,,,,,,,,,,
01-09-45-0004-05502000,,,,,,,,,,,,,,,,,,
01-09-47-0001-05878500,,,,,,,,,,,,,,,,,,
01-09-47-0004-05937000,,,,,,,,,,,,,,,,,,
01-09-47-0004-05937600,,,,,,,,,,,,,,,,,,
01-09-47-0004-05938400,,,,,,,,,,,,,,,,,,
01-09-48-0004-06149900,,,,,,,,,,,,,,,,,,
01-09-48-0004-06150000,,,,,,,,,,,,,,,,,,
01-09-48-0004-06150100,,,,,,,,,,,,,,,,,,
01-09-48-0004-06150900,,,,,,,,,,,,,,,,,,
01-09-48-0004-06151000,,,,,,,,,,,,,,,,,,
01-09-48-0004-06151100,,,,,,,,,,,,,,,,,,
01-09-48-0004-06151200,,,,,,,,,,,,,,,,,,
01-09-48-0004-06151300,,,,,,,,,,,,,,,,,,
01-09-48-0004-06151400,,,,,,,,,,,,,,,,,,
01-09-48-0004-06157800,,,,,,,,,,,,,,,,,,
01-09-48-0004-06157900,,,,,,,,,,,,,,,,,,
01-09-48-0004-06158000,,,,,,,,,,,,,,,,,,
01-09-48-0004-06158100,,,,,,,,,,,,,,,,,,
01-09-48-0004-06158200,,,,,,,,,,,,,,,,,,
01-09-48-0004-06158400,,,,,,,,,,,,,,,,,,
01-09-48-0004-06159000,,,,,,,,,,,,,,,,,,
01-09-48-0004-06159100,,,,,,,,,,,,,,,,,,
01-09-48-0004-06159200,,,,,,,,,,,,,,,,,,
01-09-48-0004-06159300,,,,,,,,,,,,,,,,,,
01-09-48-0004-06159400,,,,,,,,,,,,,,,,,,
01-09-48-0004-06159500,,,,,,,,,,,,,,,,,,
01-09-48-0004-06159600,,,,,,,,,,,,,,,,,,
01-09-48-0004-06159700,,,,,,,,,,,,,,,,,,
01-09-48-0004-06159900,,,,,,,,,,,,,,,,,,
01-09-48-0004-06160000,,,,,,,,,,,,,,,,,,
01-09-48-0004-06160100,,,,,,,,,,,,,,,,,,
01-09-48-0004-06160200,,,,,,,,,,,,,,,,,,
01-09-48-0004-06160300,,,,,,,,,,,,,,,,,,
01-09-48-0004-06160800,,,,,,,,,,,,,,,,,,
01-09-50-0001-06425100,,,,,,,,,,,,,,,,,,
01-09-50-0001-06430600,,,,,,,,,,,,,,,,,,
01-09-50-0001-06433500,,,,,,,,,,,,,,,,,,
01-09-50-0001-06440100,,,,,,,,,,,,,,,,,,
01-09-50-0001-06448100,,,,,,,,,,,,,,,,,,
01-09-51-0001-06561000,,,,,,,,,,,,,,,,,,
01-09-51-0001-06568400,,,,,,,,,,,,,,,,,,
01-09-52-0002-06670100,,,,,,,,,,,,,,,,,,
01-09-52-0002-06671300,,,,,,,,,,,,,,,,,,
01-09-53-0004-06869000,,,,,,,,,,,,,,,,,,
01-09-54-0002-06984600,,,,,,,,,,,,,,,,,,
01-09-54-0002-06984700,,,,,,,,,,,,,,,,,,
01-09-54-0002-06984800,,,,,,,,,,,,,,,,,,
01-09-54-0002-06985000,,,,,,,,,,,,,,,,,,
01-09-54-0002-06985100,,,,,,,,,,,,,,,,,,
01-09-54-0002-06985200,,,,,,,,,,,,,,,,,,
01-09-54-0002-06985300,,,,,,,,,,,,,,,,,,
01-09-54-0002-06985400,,,,,,,,,,,,,,,,,,
01-09-54-0002-06985700,,,,,,,,,,,,,,,,,,
01-09-54-0002-06985800,,,,,,,,,,,,,,,,,,
01-09-54-0002-06985900,,,,,,,,,,,,,,,,,,
01-09-54-0002-06986000,,,,,,,,,,,,,,,,,,
01-09-54-0002-06986700,,,,,,,,,,,,,,,,,,
01-09-54-0002-06986800,,,,,,,,,,,,,,,,,,
01-09-54-0002-06987000,,,,,,,,,,,,,,,,,,
01-09-54-0002-06987500,,,,,,,,,,,,,,,,,,
01-09-54-0005-07120000,,,,,,,,,,,,,,,,,,
01-09-54-0005-07134700,,,,,,,,,,,,,,,,,,
01-09-54-0005-07134900,,,,,,,,,,,,,,,,,,
01-09-54-0005-07135200,,,,,,,,,,,,,,,,,,
01-09-54-0005-07135300,,,,,,,,,,,,,,,,,,
01-09-54-0005-07135400,,,,,,,,,,,,,,,,,,
01-09-54-0005-07135500,,,,,,,,,,,,,,,,,,
01-09-55-0002-07227500,,,,,,,,,,,,,,,,,,
01-09-55-0002-07227600,,,,,,,,,,,,,,,,,,
01-09-55-0002-07228100,,,,,,,,,,,,,,,,,,
01-09-55-0002-07228200,,,,,,,,,,,,,,,,,,
01-09-57-0001-07674800,,,,,,,,,,,,,,,,,,
01-09-57-0001-07679400,,,,,,,,,,,,,,,,,,
01-09-57-0003-07729900,,,,,,,,,,,,,,,,,,
01-09-57-0003-07737500,,,,,,,,,,,,,,,,,,
01-09-57-0003-07742100,,,,,,,,,,,,,,,,,,
01-09-57-0004-07745200,,,,,,,,,,,,,,,,,,
01-09-58-0002-07830600,,,,,,,,,,,,,,,,,,
01-09-58-0002-07830800,,,,,,,,,,,,,,,,,,
01-09-58-0002-07830900,,,,,,,,,,,,,,,,,,
01-09-62-0004-09032600,,,,,,,,,,,,,,,,,,
01-09-62-0004-09035600,,,,,,,,,,,,,,,,,,
01-09-62-0004-09035700,,,,,,,,,,,,,,,,,,
01-09-62-0004-09035800,,,,,,,,,,,,,,,,,,
01-09-62-0004-09036100,,,,,,,,,,,,,,,,,,
01-09-62-0004-09036200,,,,,,,,,,,,,,,,,,
01-09-64-0002-09405300,,,,,,,,,,,,,,,,,,
01-09-66-0002-10045100,,,,,,,,,,,,,,,,,,
01-09-66-0003-10138100,,,,,,,,,,,,,,,,,,
01-09-67-0002-10218700,,,,,,,,,,,,,,,,,,
01-09-67-0002-10224000,,,,,,,,,,,,,,,,,,
01-09-67-0002-10226300,,,,,,,,,,,,,,,,,,
01-09-67-0002-10231600,,,,,,,,,,,,,,,,,,
01-09-67-0002-10260500,,,,,,,,,,,,,,,,,,
01-09-68-0002-10385100,,,,,,,,,,,,,,,,,,
01-09-69-0002-10479100,,,,,,,,,,,,,,,,,,
01-09-70-0003-10718800,,,,,,,,,,,,,,,,,,
01-09-70-0003-10727700,,,,,,,,,,,,,,,,,,
01-10-02-0025-00262200,,,,,,,,,,,,,,,,,,
01-10-02-0025-00262400,,,,,,,,,,,,,,,,,,
01-10-05-0014-00447100,,,,,,,,,,,,,,,,,,
01-10-09-0007-00753700,,,,,,,,,,,,,,,,,,
01-10-22-0008-02336800,,,,,,,,,,,,,,,,,,
01-10-28-0006-02954300,,,,,,,,,,,,,,,,,,
01-10-28-0008-02977900,,,,,,,,,,,,,,,,,,
01-10-28-0008-02978500,,,,,,,,,,,,,,,,,,
01-11-03-0001-00026700,,,,,,,,,,,,,,,,,,
01-11-03-0001-00026800,,,,,,,,,,,,,,,,,,
01-13-02-0003-00013200,,,,,,,,,,,,,,,,,,
01-13-02-0016-00029700,,,,,,,,,,,,,,,,,,
01-13-02-0016-00029800,,,,,,,,,,,,,,,,,,
01-13-04-0003-00050200,,,,,,,,,,,,,,,,,,
01-13-04-0003-00050300,,,,,,,,,,,,,,,,,,
01-13-06-0007-00100500,,,,,,,,,,,,,,,,,,
01-13-07-0005-00109500,,,,,,,,,,,,,,,,,,
01-13-07-0012-00121100,,,,,,,,,,,,,,,,,,
01-13-07-0012-00121200,,,,,,,,,,,,,,,,,,
01-14-06-0003-00159100,,,,,,,,,,,,,,,,,,
01-14-06-0003-00159800,,,,,,,,,,,,,,,,,,
01-14-06-0004-00161300,,,,,,,,,,,,,,,,,,
01-14-06-0004-00161600,,,,,,,,,,,,,,,,,,
01-15-01-0001-00002000,,,,,,,,,,,,,,,,,,
01-15-01-0001-00002300,,,,,,,,,,,,,,,,,,
01-15-01-0001-00004400,,,,,,,,,,,,,,,,,,
01-15-03-0003-00021700,,,,,,,,,,,,,,,,,,
01-15-03-0003-00021900,,,,,,,,,,,,,,,,,,
01-15-03-0003-00022000,,,,,,,,,,,,,,,,,,
01-15-03-0003-00022100,,,,,,,,,,,,,,,,,,
01-15-03-0003-00022200,,,,,,,,,,,,,,,,,,
01-15-03-0003-00022300,,,,,,,,,,,,,,,,,,
01-15-03-0003-00022400,,,,,,,,,,,,,,,,,,
01-15-03-0003-00022500,,,,,,,,,,,,,,,,,,
01-15-03-0003-00022600,,,,,,,,,,,,,,,,,,
01-15-03-0003-00022700,,,,,,,,,,,,,,,,,,
01-15-03-0003-00022800,,,,,,,,,,,,,,,,,,
01-15-03-0003-00022900,,,,,,,,,,,,,,,,,,
01-15-03-0003-00023000,,,,,,,,,,,,,,,,,,
01-15-03-0003-00023100,,,,,,,,,,,,,,,,,,
01-15-03-0003-00023200,,,,,,,,,,,,,,,,,,
01-15-03-0003-00023400,,,,,,,,,,,,,,,,,,
01-15-03-0003-00023500,,,,,,,,,,,,,,,,,,
01-15-03-0003-00023600,,,,,,,,,,,,,,,,,,
01-15-03-0003-00023700,,,,,,,,,,,,,,,,,,
01-15-03-0003-00023800,,,,,,,,,,,,,,,,,,
01-15-03-0003-00023900,,,,,,,,,,,,,,,,,,
01-15-03-0003-00024100,,,,,,,,,,,,,,,,,,
01-15-03-0090-00024400,,,,,,,,,,,,,,,,,,
01-15-03-0090-00024600,,,,,,,,,,,,,,,,,,
01-15-03-0090-00024700,,,,,,,,,,,,,,,,,,
01-15-03-0090-00024800,,,,,,,,,,,,,,,,,,
01-15-03-0090-00024900,,,,,,,,,,,,,,,,,,
01-15-03-0090-00025000,,,,,,,,,,,,,,,,,,
01-15-03-0090-00025100,,,,,,,,,,,,,,,,,,
01-15-03-0090-00025200,,,,,,,,,,,,,,,,,,
01-15-03-0090-00025300,,,,,,,,,,,,,,,,,,
01-15-03-0091-00025400,,,,,,,,,,,,,,,,,,
01-15-03-0091-00025500,,,,,,,,,,,,,,,,,,
01-15-03-0091-00025600,,,,,,,,,,,,,,,,,,
01-15-03-0091-00025700,,,,,,,,,,,,,,,,,,
01-15-03-0091-00025900,,,,,,,,,,,,,,,,,,
01-15-03-0091-00026000,,,,,,,,,,,,,,,,,,
01-15-03-0091-00026100,,,,,,,,,,,,,,,,,,
01-15-03-0091-00026200,,,,,,,,,,,,,,,,,,
01-15-03-0091-00026300,,,,,,,,,,,,,,,,,,
01-15-03-0091-00026400,,,,,,,,,,,,,,,,,,
01-15-03-0091-00026500,,,,,,,,,,,,,,,,,,
01-15-03-0091-00026600,,,,,,,,,,,,,,,,,,
01-15-03-0091-00026700,,,,,,,,,,,,,,,,,,
01-15-03-0091-00026800,,,,,,,,,,,,,,,,,,
01-15-03-0091-00026900,,,,,,,,,,,,,,,,,,
01-15-03-0091-00027000,,,,,,,,,,,,,,,,,,
01-15-03-0091-00027100,,,,,,,,,,,,,,,,,,
01-15-03-0091-00027200,,,,,,,,,,,,,,,,,,
01-15-03-0091-00027300,,,,,,,,,,,,,,,,,,
01-15-03-0091-00027400,,,,,,,,,,,,,,,,,,
01-15-03-0091-00027500,,,,,,,,,,,,,,,,,,
01-15-05-0092-00039100,,,,,,,,,,,,,,,,,,
01-15-05-0092-00039200,,,,,,,,,,,,,,,,,,
01-15-05-0092-00039300,,,,,,,,,,,,,,,,,,
01-15-05-0092-00039400,,,,,,,,,,,,,,,,,,
01-15-05-0092-00039500,,,,,,,,,,,,,,,,,,
01-15-05-0092-00039700,,,,,,,,,,,,,,,,,,
01-15-05-0092-00039800,,,,,,,,,,,,,,,,,,
01-15-05-0092-00039900,,,,,,,,,,,,,,,,,,
01-15-05-0092-00040000,,,,,,,,,,,,,,,,,,
01-15-05-0092-00040100,,,,,,,,,,,,,,,,,,
01-15-05-0092-00040300,,,,,,,,,,,,,,,,,,
01-15-05-0092-00040400,,,,,,,,,,,,,,,,,,
01-16-04-0007-00085800,,,,,,,,,,,,,,,,,,
01-17-03-0002-00278800,,,,,,,,,,,,,,,,,,
01-17-04-0001-00317300,,,,,,,,,,,,,,,,,,
01-17-04-0001-00330200,,,,,,,,,,,,,,,,,,
01-17-04-0002-00346500,,,,,,,,,,,,,,,,,,
01-17-04-0002-00348200,,,,,,,,,,,,,,,,,,
01-17-05-0002-00431600,,,,,,,,,,,,,,,,,,
01-17-05-0002-00432100,,,,,,,,,,,,,,,,,,
01-17-06-0001-00457000,,,,,,,,,,,,,,,,,,
01-17-06-0001-00457400,,,,,,,,,,,,,,,,,,
01-17-06-0001-00457900,,,,,,,,,,,,,,,,,,
01-17-06-0001-00459000,,,,,,,,,,,,,,,,,,
01-17-06-0001-00462200,,,,,,,,,,,,,,,,,,
01-17-06-0001-00467800,,,,,,,,,,,,,,,,,,
01-17-06-0001-00468000,,,,,,,,,,,,,,,,,,
01-17-06-0001-00468800,,,,,,,,,,,,,,,,,,
01-17-06-0001-00469000,,,,,,,,,,,,,,,,,,
01-17-06-0001-00469200,,,,,,,,,,,,,,,,,,
01-17-06-0002-00478400,,,,,,,,,,,,,,,,,,
01-17-06-0002-00479000,,,,,,,,,,,,,,,,,,
01-17-06-0006-00519900,,,,,,,,,,,,,,,,,,
01-17-06-0006-00520100,,,,,,,,,,,,,,,,,,
01-17-06-0006-00522800,,,,,,,,,,,,,,,,,,
01-17-06-0006-00524000,,,,,,,,,,,,,,,,,,
01-17-06-0007-00537700,,,,,,,,,,,,,,,,,,
01-17-06-0007-00538200,,,,,,,,,,,,,,,,,,
01-18-05-0001-00416800,,,,,,,,,,,,,,,,,,
01-18-06-0001-00519400,,,,,,,,,,,,,,,,,,
01-18-06-0012-00633400,,,,,,,,,,,,,,,,,,
01-18-10-0006-01011900,,,,,,,,,,,,,,,,,,
01-18-11-0007-01251700,,,,,,,,,,,,,,,,,,
01-18-11-0007-01252400,,,,,,,,,,,,,,,,,,
01-18-11-0007-01254200,,,,,,,,,,,,,,,,,,
01-18-11-0007-01254700,,,,,,,,,,,,,,,,,,
01-18-11-0007-01256500,,,,,,,,,,,,,,,,,,
01-18-11-0007-01262100,,,,,,,,,,,,,,,,,,
01-18-11-0007-01262200,,,,,,,,,,,,,,,,,,
01-18-12-0001-01270800,,,,,,,,,,,,,,,,,,
01-18-12-0001-01274400,,,,,,,,,,,,,,,,,,
01-18-12-0001-01274600,,,,,,,,,,,,,,,,,,
01-18-12-0001-01274700,,,,,,,,,,,,,,,,,,
01-18-12-0001-01276900,,,,,,,,,,,,,,,,,,
01-18-12-0001-01280800,,,,,,,,,,,,,,,,,,
01-18-12-0091-01359400,,,,,,,,,,,,,,,,,,
01-18-12-0091-01361200,,,,,,,,,,,,,,,,,,
01-18-12-0091-01361900,,,,,,,,,,,,,,,,,,
01-18-12-0091-01364100,,,,,,,,,,,,,,,,,,
01-18-16-0004-01807400,,,,,,,,,,,,,,,,,,
01-18-16-0004-01807500,,,,,,,,,,,,,,,,,,
01-18-17-0004-01894800,,,,,,,,,,,,,,,,,,
01-18-17-0005-01923100,,,,,,,,,,,,,,,,,,
01-18-17-0005-01931400,,,,,,,,,,,,,,,,,,
01-18-19-0002-02098400,,,,,,,,,,,,,,,,,,
01-18-19-0002-02098800,,,,,,,,,,,,,,,,,,
01-18-19-0002-02099100,,,,,,,,,,,,,,,,,,
01-18-19-0002-02099200,,,,,,,,,,,,,,,,,,
01-18-19-0002-02099300,,,,,,,,,,,,,,,,,,
01-18-19-0002-02099400,,,,,,,,,,,,,,,,,,
01-18-19-0002-02099500,,,,,,,,,,,,,,,,,,
01-18-19-0002-02099800,,,,,,,,,,,,,,,,,,
01-18-19-0002-02100300,,,,,,,,,,,,,,,,,,
01-18-19-0002-02100400,,,,,,,,,,,,,,,,,,
01-18-19-0002-02100500,,,,,,,,,,,,,,,,,,
01-18-19-0002-02100600,,,,,,,,,,,,,,,,,,
01-18-19-0002-02100800,,,,,,,,,,,,,,,,,,
01-18-19-0002-02100900,,,,,,,,,,,,,,,,,,
01-18-19-0002-02101100,,,,,,,,,,,,,,,,,,
01-18-19-0002-02101200,,,,,,,,,,,,,,,,,,
01-18-19-0002-02101300,,,,,,,,,,,,,,,,,,
01-18-19-0002-02101600,,,,,,,,,,,,,,,,,,
01-18-19-0002-02102900,,,,,,,,,,,,,,,,,,
01-18-19-0002-02103400,,,,,,,,,,,,,,,,,,
01-18-19-0002-02103700,,,,,,,,,,,,,,,,,,
01-18-19-0002-02103800,,,,,,,,,,,,,,,,,,
01-18-19-0002-02105000,,,,,,,,,,,,,,,,,,
01-18-19-0002-02105100,,,,,,,,,,,,,,,,,,
01-18-19-0002-02105500,,,,,,,,,,,,,,,,,,
01-18-19-0002-02105600,,,,,,,,,,,,,,,,,,
01-18-19-0002-02106200,,,,,,,,,,,,,,,,,,
01-18-19-0002-02106800,,,,,,,,,,,,,,,,,,
01-18-19-0002-02107000,,,,,,,,,,,,,,,,,,
01-18-19-0002-02107600,,,,,,,,,,,,,,,,,,
01-18-19-0002-02107900,,,,,,,,,,,,,,,,,,
01-18-19-0002-02108400,,,,,,,,,,,,,,,,,,
01-18-19-0002-02108500,,,,,,,,,,,,,,,,,,
01-18-19-0002-02108600,,,,,,,,,,,,,,,,,,
01-18-19-0002-02108700,,,,,,,,,,,,,,,,,,
01-18-19-0002-02108900,,,,,,,,,,,,,,,,,,
01-18-19-0002-02109000,,,,,,,,,,,,,,,,,,
01-18-19-0002-02109100,,,,,,,,,,,,,,,,,,
01-18-19-0002-02109200,,,,,,,,,,,,,,,,,,
01-18-19-0002-02110100,,,,,,,,,,,,,,,,,,
01-18-19-0002-02110400,,,,,,,,,,,,,,,,,,
01-18-19-0002-02110600,,,,,,,,,,,,,,,,,,
01-18-19-0002-02110700,,,,,,,,,,,,,,,,,,
01-18-19-0002-02110900,,,,,,,,,,,,,,,,,,
01-18-19-0002-02111200,,,,,,,,,,,,,,,,,,
01-18-19-0002-02111400,,,,,,,,,,,,,,,,,,
01-18-19-0002-02111700,,,,,,,,,,,,,,,,,,
01-18-19-0002-02111900,,,,,,,,,,,,,,,,,,
01-18-19-0002-02112000,,,,,,,,,,,,,,,,,,
01-18-19-0002-02112200,,,,,,,,,,,,,,,,,,
01-18-19-0002-02112400,,,,,,,,,,,,,,,,,,
01-18-19-0002-02112500,,,,,,,,,,,,,,,,,,
01-18-19-0002-02112700,,,,,,,,,,,,,,,,,,
01-18-19-0002-02112900,,,,,,,,,,,,,,,,,,
01-18-19-0002-02113500,,,,,,,,,,,,,,,,,,
01-18-19-0002-02113600,,,,,,,,,,,,,,,,,,
01-18-19-0002-02113900,,,,,,,,,,,,,,,,,,
01-18-19-0002-02114100,,,,,,,,,,,,,,,,,,
01-18-19-0002-02114300,,,,,,,,,,,,,,,,,,
01-18-19-0002-02114700,,,,,,,,,,,,,,,,,,
01-18-19-0002-02115200,,,,,,,,,,,,,,,,,,
01-18-19-0002-02115300,,,,,,,,,,,,,,,,,,
01-18-19-0002-02115400,,,,,,,,,,,,,,,,,,
01-18-19-0002-02115500,,,,,,,,,,,,,,,,,,
01-18-19-0002-02115600,,,,,,,,,,,,,,,,,,
01-18-19-0002-02116700,,,,,,,,,,,,,,,,,,
01-18-19-0002-02117200,,,,,,,,,,,,,,,,,,
01-18-19-0002-02117400,,,,,,,,,,,,,,,,,,
01-18-19-0002-02117700,,,,,,,,,,,,,,,,,,
01-18-19-0002-02117800,,,,,,,,,,,,,,,,,,
01-18-19-0002-02117900,,,,,,,,,,,,,,,,,,
01-18-19-0002-02118100,,,,,,,,,,,,,,,,,,
01-18-19-0002-02118200,,,,,,,,,,,,,,,,,,
01-18-19-0002-02118300,,,,,,,,,,,,,,,,,,
01-18-19-0002-02118600,,,,,,,,,,,,,,,,,,
01-18-19-0002-02119400,,,,,,,,,,,,,,,,,,
01-18-19-0002-02119500,,,,,,,,,,,,,,,,,,
01-18-19-0002-02119800,,,,,,,,,,,,,,,,,,
01-18-19-0002-02120400,,,,,,,,,,,,,,,,,,
01-18-19-0002-02120800,,,,,,,,,,,,,,,,,,
01-18-19-0002-02121000,,,,,,,,,,,,,,,,,,
01-18-19-0002-02121600,,,,,,,,,,,,,,,,,,
01-18-19-0002-02121700,,,,,,,,,,,,,,,,,,
01-18-19-0002-02121800,,,,,,,,,,,,,,,,,,
01-18-19-0002-02121900,,,,,,,,,,,,,,,,,,
01-18-19-0002-02122300,,,,,,,,,,,,,,,,,,
01-18-19-0002-02122500,,,,,,,,,,,,,,,,,,
01-18-19-0002-02122700,,,,,,,,,,,,,,,,,,
01-18-19-0002-02122900,,,,,,,,,,,,,,,,,,
01-18-19-0002-02123000,,,,,,,,,,,,,,,,,,
01-18-19-0002-02123400,,,,,,,,,,,,,,,,,,
01-18-19-0002-02124200,,,,,,,,,,,,,,,,,,
01-18-19-0002-02124300,,,,,,,,,,,,,,,,,,
01-18-19-0002-02124400,,,,,,,,,,,,,,,,,,
01-18-19-0002-02124500,,,,,,,,,,,,,,,,,,
01-18-19-0002-02124600,,,,,,,,,,,,,,,,,,
01-18-19-0002-02124700,,,,,,,,,,,,,,,,,,
01-18-19-0002-02125000,,,,,,,,,,,,,,,,,,
01-18-19-0002-02125100,,,,,,,,,,,,,,,,,,
01-18-19-0002-02125200,,,,,,,,,,,,,,,,,,
01-18-19-0002-02125300,,,,,,,,,,,,,,,,,,
01-18-19-0002-02125400,,,,,,,,,,,,,,,,,,
01-18-19-0002-02125500,,,,,,,,,,,,,,,,,,
01-18-19-0002-02125600,,,,,,,,,,,,,,,,,,
01-18-19-0002-02125800,,,,,,,,,,,,,,,,,,
01-18-19-0002-02125900,,,,,,,,,,,,,,,,,,
01-18-19-0002-02126200,,,,,,,,,,,,,,,,,,
01-18-19-0002-02126300,,,,,,,,,,,,,,,,,,
01-18-19-0002-02126400,,,,,,,,,,,,,,,,,,
01-18-19-0002-02126500,,,,,,,,,,,,,,,,,,
01-18-19-0002-02126800,,,,,,,,,,,,,,,,,,
01-18-19-0002-02128000,,,,,,,,,,,,,,,,,,
01-18-19-0002-02128600,,,,,,,,,,,,,,,,,,
01-18-19-0002-02129600,,,,,,,,,,,,,,,,,,
01-18-19-0002-02129700,,,,,,,,,,,,,,,,,,
01-18-19-0002-02129800,,,,,,,,,,,,,,,,,,
01-18-19-0002-02129900,,,,,,,,,,,,,,,,,,
01-18-19-0002-02130200,,,,,,,,,,,,,,,,,,
01-18-19-0002-02130500,,,,,,,,,,,,,,,,,,
01-18-19-0002-02130600,,,,,,,,,,,,,,,,,,
01-18-19-0002-02130800,,,,,,,,,,,,,,,,,,
01-18-19-0002-02130900,,,,,,,,,,,,,,,,,,
01-18-19-0002-02131000,,,,,,,,,,,,,,,,,,
01-18-19-0002-02131100,,,,,,,,,,,,,,,,,,
01-18-19-0002-02131400,,,,,,,,,,,,,,,,,,
01-18-19-0002-02131600,,,,,,,,,,,,,,,,,,
01-18-19-0002-02131700,,,,,,,,,,,,,,,,,,
01-18-19-0002-02131800,,,,,,,,,,,,,,,,,,
01-18-19-0002-02132000,,,,,,,,,,,,,,,,,,
01-18-19-0002-02132300,,,,,,,,,,,,,,,,,,
01-18-19-0002-02132400,,,,,,,,,,,,,,,,,,
01-18-19-0002-02132600,,,,,,,,,,,,,,,,,,
01-18-19-0002-02132700,,,,,,,,,,,,,,,,,,
01-18-19-0002-02132800,,,,,,,,,,,,,,,,,,
01-18-19-0002-02132900,,,,,,,,,,,,,,,,,,
01-18-19-0002-02136900,,,,,,,,,,,,,,,,,,
01-18-19-0002-02137000,,,,,,,,,,,,,,,,,,
01-18-19-0002-02137800,,,,,,,,,,,,,,,,,,
01-18-19-0002-02138100,,,,,,,,,,,,,,,,,,
01-18-19-0002-02138200,,,,,,,,,,,,,,,,,,
01-18-19-0002-02139100,,,,,,,,,,,,,,,,,,
01-18-19-0002-02139800,,,,,,,,,,,,,,,,,,
01-18-19-0002-02140100,,,,,,,,,,,,,,,,,,
01-18-19-0002-02140300,,,,,,,,,,,,,,,,,,
01-18-19-0002-02142400,,,,,,,,,,,,,,,,,,
01-18-19-0002-02143200,,,,,,,,,,,,,,,,,,
01-18-19-0002-02143900,,,,,,,,,,,,,,,,,,
01-18-19-0002-02144400,,,,,,,,,,,,,,,,,,
01-18-19-0002-02146700,,,,,,,,,,,,,,,,,,
01-18-19-0002-02147000,,,,,,,,,,,,,,,,,,
01-18-19-0002-02148200,,,,,,,,,,,,,,,,,,
01-18-19-0002-02148400,,,,,,,,,,,,,,,,,,
01-18-19-0002-02148600,,,,,,,,,,,,,,,,,,
01-18-19-0002-02149000,,,,,,,,,,,,,,,,,,
01-18-19-0002-02149100,,,,,,,,,,,,,,,,,,
01-18-19-0002-02149500,,,,,,,,,,,,,,,,,,
01-18-19-0002-02149600,,,,,,,,,,,,,,,,,,
01-18-19-0002-02149700,,,,,,,,,,,,,,,,,,
01-18-19-0002-02149900,,,,,,,,,,,,,,,,,,
01-18-19-0002-02150200,,,,,,,,,,,,,,,,,,
01-18-19-0002-02150300,,,,,,,,,,,,,,,,,,
01-18-19-0002-02150500,,,,,,,,,,,,,,,,,,
01-18-19-0002-02150600,,,,,,,,,,,,,,,,,,
01-18-19-0002-02151400,,,,,,,,,,,,,,,,,,
01-18-19-0002-02151500,,,,,,,,,,,,,,,,,,
01-18-19-0002-02151600,,,,,,,,,,,,,,,,,,
01-18-19-0002-02151900,,,,,,,,,,,,,,,,,,
01-18-19-0002-02152500,,,,,,,,,,,,,,,,,,
01-18-19-0002-02153100,,,,,,,,,,,,,,,,,,
01-18-19-0002-02153400,,,,,,,,,,,,,,,,,,
01-18-19-0002-02153600,,,,,,,,,,,,,,,,,,
01-18-19-0002-02153700,,,,,,,,,,,,,,,,,,
01-18-19-0002-02153800,,,,,,,,,,,,,,,,,,
01-18-19-0002-02154000,,,,,,,,,,,,,,,,,,
01-18-19-0002-02154100,,,,,,,,,,,,,,,,,,
01-18-19-0002-02154300,,,,,,,,,,,,,,,,,,
01-18-19-0002-02154500,,,,,,,,,,,,,,,,,,
01-18-19-0002-02154700,,,,,,,,,,,,,,,,,,
01-18-19-0002-02154800,,,,,,,,,,,,,,,,,,
01-18-19-0002-02155800,,,,,,,,,,,,,,,,,,
01-18-19-0002-02157000,,,,,,,,,,,,,,,,,,
01-18-19-0002-02157100,,,,,,,,,,,,,,,,,,
01-18-19-0002-02157400,,,,,,,,,,,,,,,,,,
01-18-19-0002-02158400,,,,,,,,,,,,,,,,,,
01-18-19-0002-02158900,,,,,,,,,,,,,,,,,,
01-18-19-0002-02159900,,,,,,,,,,,,,,,,,,
01-18-19-0002-02160300,,,,,,,,,,,,,,,,,,
01-18-19-0002-02160400,,,,,,,,,,,,,,,,,,
01-18-19-0002-02161400,,,,,,,,,,,,,,,,,,
01-18-19-0002-02161700,,,,,,,,,,,,,,,,,,
01-18-19-0002-02162000,,,,,,,,,,,,,,,,,,
01-18-19-0002-02162200,,,,,,,,,,,,,,,,,,
01-18-19-0002-02162800,,,,,,,,,,,,,,,,,,
01-18-19-0002-02163000,,,,,,,,,,,,,,,,,,
01-18-19-0002-02164300,,,,,,,,,,,,,,,,,,
01-18-19-0002-02164600,,,,,,,,,,,,,,,,,,
01-18-19-0002-02164700,,,,,,,,,,,,,,,,,,
01-18-19-0002-02165400,,,,,,,,,,,,,,,,,,
01-18-19-0002-02167100,,,,,,,,,,,,,,,,,,
01-18-19-0002-02167500,,,,,,,,,,,,,,,,,,
01-18-19-0002-02167700,,,,,,,,,,,,,,,,,,
01-18-19-0002-02167800,,,,,,,,,,,,,,,,,,
01-18-19-0002-02168000,,,,,,,,,,,,,,,,,,
01-18-19-0002-02169100,,,,,,,,,,,,,,,,,,
01-18-19-0002-02169200,,,,,,,,,,,,,,,,,,
01-18-19-0002-02169700,,,,,,,,,,,,,,,,,,
01-18-19-0002-02169900,,,,,,,,,,,,,,,,,,
01-18-19-0002-02170000,,,,,,,,,,,,,,,,,,
01-18-19-0002-02170200,,,,,,,,,,,,,,,,,,
01-18-19-0002-02170300,,,,,,,,,,,,,,,,,,
01-18-19-0002-02170400,,,,,,,,,,,,,,,,,,
01-18-19-0002-02170500,,,,,,,,,,,,,,,,,,
01-18-19-0002-02170600,,,,,,,,,,,,,,,,,,
01-18-19-0002-02170700,,,,,,,,,,,,,,,,,,
01-18-19-0002-02170800,,,,,,,,,,,,,,,,,,
01-18-19-0002-02170900,,,,,,,,,,,,,,,,,,
01-18-19-0002-02171200,,,,,,,,,,,,,,,,,,
01-18-19-0002-02171400,,,,,,,,,,,,,,,,,,
01-18-19-0002-02171600,,,,,,,,,,,,,,,,,,
01-18-19-0002-02171700,,,,,,,,,,,,,,,,,,
01-18-19-0002-02171800,,,,,,,,,,,,,,,,,,
01-18-19-0002-02172100,,,,,,,,,,,,,,,,,,
01-18-19-0002-02172600,,,,,,,,,,,,,,,,,,
01-18-19-0002-02173000,,,,,,,,,,,,,,,,,,
01-18-19-0002-02173300,,,,,,,,,,,,,,,,,,
01-18-19-0002-02173600,,,,,,,,,,,,,,,,,,
01-18-19-0002-02173700,,,,,,,,,,,,,,,,,,
01-18-19-0002-02173800,,,,,,,,,,,,,,,,,,
01-18-19-0002-02173900,,,,,,,,,,,,,,,,,,
01-18-19-0002-02174800,,,,,,,,,,,,,,,,,,
01-18-19-0002-02174900,,,,,,,,,,,,,,,,,,
01-18-19-0002-02175100,,,,,,,,,,,,,,,,,,
01-18-19-0002-02175600,,,,,,,,,,,,,,,,,,
01-18-19-0002-02176200,,,,,,,,,,,,,,,,,,
01-18-19-0002-02176300,,,,,,,,,,,,,,,,,,
01-18-19-0002-02176500,,,,,,,,,,,,,,,,,,
01-18-19-0002-02176700,,,,,,,,,,,,,,,,,,
01-18-19-0002-02176800,,,,,,,,,,,,,,,,,,
01-18-19-0002-02176900,,,,,,,,,,,,,,,,,,
01-18-19-0002-02177000,,,,,,,,,,,,,,,,,,
01-18-19-0002-02177100,,,,,,,,,,,,,,,,,,
01-18-19-0002-02177200,,,,,,,,,,,,,,,,,,
01-18-19-0002-02177300,,,,,,,,,,,,,,,,,,
01-18-19-0002-02178000,,,,,,,,,,,,,,,,,,
01-18-19-0002-02178400,,,,,,,,,,,,,,,,,,
01-18-19-0002-02178600,,,,,,,,,,,,,,,,,,
01-18-19-0002-02178700,,,,,,,,,,,,,,,,,,
01-18-19-0002-02178900,,,,,,,,,,,,,,,,,,
01-18-19-0002-02179000,,,,,,,,,,,,,,,,,,
01-18-19-0002-02179100,,,,,,,,,,,,,,,,,,
01-18-19-0002-02179300,,,,,,,,,,,,,,,,,,
01-18-19-0002-02179400,,,,,,,,,,,,,,,,,,
01-18-19-0002-02179800,,,,,,,,,,,,,,,,,,
01-18-19-0002-02180200,,,,,,,,,,,,,,,,,,
01-18-19-0002-02180800,,,,,,,,,,,,,,,,,,
01-18-19-0002-02181300,,,,,,,,,,,,,,,,,,
01-18-19-0003-02182200,,,,,,,,,,,,,,,,,,
01-18-19-0003-02182300,,,,,,,,,,,,,,,,,,
01-18-19-0003-02182400,,,,,,,,,,,,,,,,,,
01-18-19-0003-02182800,,,,,,,,,,,,,,,,,,
01-18-19-0003-02182900,,,,,,,,,,,,,,,,,,
01-18-19-0003-02183000,,,,,,,,,,,,,,,,,,
01-18-19-0003-02183100,,,,,,,,,,,,,,,,,,
01-18-19-0003-02183200,,,,,,,,,,,,,,,,,,
01-18-19-0003-02184700,,,,,,,,,,,,,,,,,,
01-18-19-0003-02184800,,,,,,,,,,,,,,,,,,
01-18-19-0003-02185100,,,,,,,,,,,,,,,,,,
01-18-19-0003-02185200,,,,,,,,,,,,,,,,,,
01-18-19-0003-02185300,,,,,,,,,,,,,,,,,,
01-18-19-0003-02185500,,,,,,,,,,,,,,,,,,
01-18-19-0003-02185900,,,,,,,,,,,,,,,,,,
01-18-19-0003-02186600,,,,,,,,,,,,,,,,,,
01-18-19-0003-02186700,,,,,,,,,,,,,,,,,,
01-18-19-0003-02187700,,,,,,,,,,,,,,,,,,
01-18-19-0003-02188300,,,,,,,,,,,,,,,,,,
01-18-19-0003-02188800,,,,,,,,,,,,,,,,,,
01-18-19-0003-02189600,,,,,,,,,,,,,,,,,,
01-18-19-0003-02189700,,,,,,,,,,,,,,,,,,
01-18-19-0003-02189900,,,,,,,,,,,,,,,,,,
01-18-19-0003-02191800,,,,,,,,,,,,,,,,,,
01-18-19-0003-02192400,,,,,,,,,,,,,,,,,,
01-18-19-0003-02192500,,,,,,,,,,,,,,,,,,
01-18-19-0003-02194800,,,,,,,,,,,,,,,,,,
01-18-19-0003-02196000,,,,,,,,,,,,,,,,,,
01-18-19-0003-02196300,,,,,,,,,,,,,,,,,,
01-18-19-0003-02196500,,,,,,,,,,,,,,,,,,
01-18-19-0003-02196600,,,,,,,,,,,,,,,,,,
01-18-19-0003-02196800,,,,,,,,,,,,,,,,,,
01-18-19-0003-02198600,,,,,,,,,,,,,,,,,,
01-18-19-0003-02198900,,,,,,,,,,,,,,,,,,
01-18-19-0003-02199200,,,,,,,,,,,,,,,,,,
01-18-19-0003-02199400,,,,,,,,,,,,,,,,,,
01-18-19-0003-02199500,,,,,,,,,,,,,,,,,,
01-18-19-0003-02199700,,,,,,,,,,,,,,,,,,
01-18-19-0003-02201100,,,,,,,,,,,,,,,,,,
01-18-19-0003-02201800,,,,,,,,,,,,,,,,,,
01-18-19-0003-02205100,,,,,,,,,,,,,,,,,,
01-18-19-0003-02210400,,,,,,,,,,,,,,,,,,
01-18-19-0003-02211600,,,,,,,,,,,,,,,,,,
01-18-19-0003-02211800,,,,,,,,,,,,,,,,,,
01-18-19-0003-02211900,,,,,,,,,,,,,,,,,,
01-18-19-0003-02212300,,,,,,,,,,,,,,,,,,
01-18-19-0003-02212400,,,,,,,,,,,,,,,,,,
01-18-19-0003-02212500,,,,,,,,,,,,,,,,,,
01-18-19-0003-02212600,,,,,,,,,,,,,,,,,,
01-18-19-0003-02212800,,,,,,,,,,,,,,,,,,
01-18-19-0003-02212900,,,,,,,,,,,,,,,,,,
01-18-19-0003-02213000,,,,,,,,,,,,,,,,,,
01-18-19-0003-02213500,,,,,,,,,,,,,,,,,,
01-18-19-0003-02213600,,,,,,,,,,,,,,,,,,
01-18-19-0003-02214800,,,,,,,,,,,,,,,,,,
01-18-19-0003-02214900,,,,,,,,,,,,,,,,,,
01-18-19-0003-02215000,,,,,,,,,,,,,,,,,,
01-18-19-0003-02215100,,,,,,,,,,,,,,,,,,
01-18-19-0003-02215200,,,,,,,,,,,,,,,,,,
01-18-19-0003-02215300,,,,,,,,,,,,,,,,,,
01-18-19-0003-02215400,,,,,,,,,,,,,,,,,,
01-18-19-0003-02215500,,,,,,,,,,,,,,,,,,
01-18-19-0003-02215600,,,,,,,,,,,,,,,,,,
01-18-19-0003-02215700,,,,,,,,,,,,,,,,,,
01-18-19-0003-02215900,,,,,,,,,,,,,,,,,,
01-18-19-0003-02216100,,,,,,,,,,,,,,,,,,
01-18-19-0003-02216400,,,,,,,,,,,,,,,,,,
01-18-19-0003-02217100,,,,,,,,,,,,,,,,,,
01-18-19-0003-02217200,,,,,,,,,,,,,,,,,,
01-18-19-0003-02217300,,,,,,,,,,,,,,,,,,
01-18-19-0003-02217500,,,,,,,,,,,,,,,,,,
01-18-19-0003-02217700,,,,,,,,,,,,,,,,,,
01-18-19-0003-02218000,,,,,,,,,,,,,,,,,,
01-18-19-0003-02218100,,,,,,,,,,,,,,,,,,
01-18-19-0003-02219900,,,,,,,,,,,,,,,,,,
01-18-19-0003-02220100,,,,,,,,,,,,,,,,,,
01-18-19-0003-02220200,,,,,,,,,,,,,,,,,,
01-18-19-0003-02220300,,,,,,,,,,,,,,,,,,
01-18-19-0003-02220400,,,,,,,,,,,,,,,,,,
01-18-19-0003-02223500,,,,,,,,,,,,,,,,,,
01-18-19-0003-02223700,,,,,,,,,,,,,,,,,,
01-18-19-0003-02224400,,,,,,,,,,,,,,,,,,
01-18-19-0003-02224500,,,,,,,,,,,,,,,,,,
01-18-19-0003-02224600,,,,,,,,,,,,,,,,,,
01-18-19-0003-02225300,,,,,,,,,,,,,,,,,,
01-18-19-0003-02225400,,,,,,,,,,,,,,,,,,
01-18-19-0003-02225500,,,,,,,,,,,,,,,,,,
01-18-19-0003-02225600,,,,,,,,,,,,,,,,,,
01-18-19-0003-02225900,,,,,,,,,,,,,,,,,,
01-18-19-0003-02226000,,,,,,,,,,,,,,,,,,
01-18-19-0003-02226100,,,,,,,,,,,,,,,,,,
01-18-19-0003-02226200,,,,,,,,,,,,,,,,,,
01-18-19-0003-02226300,,,,,,,,,,,,,,,,,,
01-18-19-0003-02227000,,,,,,,,,,,,,,,,,,
01-18-19-0003-02227200,,,,,,,,,,,,,,,,,,
01-18-19-0003-02227600,,,,,,,,,,,,,,,,,,
01-18-19-0003-02227900,,,,,,,,,,,,,,,,,,
01-18-19-0003-02228000,,,,,,,,,,,,,,,,,,
01-18-19-0003-02228200,,,,,,,,,,,,,,,,,,
01-18-19-0003-02228300,,,,,,,,,,,,,,,,,,
01-18-19-0003-02228400,,,,,,,,,,,,,,,,,,
01-18-19-0003-02228500,,,,,,,,,,,,,,,,,,
01-18-19-0003-02228600,,,,,,,,,,,,,,,,,,
01-18-19-0003-02228700,,,,,,,,,,,,,,,,,,
01-18-19-0003-02228800,,,,,,,,,,,,,,,,,,
01-18-19-0003-02228900,,,,,,,,,,,,,,,,,,
01-18-19-0003-02237900,,,,,,,,,,,,,,,,,,
01-18-19-0003-02238000,,,,,,,,,,,,,,,,,,
01-18-19-0003-02238100,,,,,,,,,,,,,,,,,,
01-18-19-0003-02238300,,,,,,,,,,,,,,,,,,
01-18-19-0003-02238400,,,,,,,,,,,,,,,,,,
01-18-19-0003-02238500,,,,,,,,,,,,,,,,,,
01-18-19-0003-02238700,,,,,,,,,,,,,,,,,,
01-18-19-0003-02239100,,,,,,,,,,,,,,,,,,
01-18-19-0003-02240000,,,,,,,,,,,,,,,,,,
01-18-19-0003-02240100,,,,,,,,,,,,,,,,,,
01-18-19-0003-02240200,,,,,,,,,,,,,,,,,,
01-18-19-0003-02240300,,,,,,,,,,,,,,,,,,
01-18-19-0003-02240400,,,,,,,,,,,,,,,,,,
01-18-19-0003-02240700,,,,,,,,,,,,,,,,,,
01-18-19-0003-02240800,,,,,,,,,,,,,,,,,,
01-18-19-0003-02241000,,,,,,,,,,,,,,,,,,
01-18-19-0003-02241100,,,,,,,,,,,,,,,,,,
01-18-19-0003-02241200,,,,,,,,,,,,,,,,,,
01-18-19-0003-02241500,,,,,,,,,,,,,,,,,,
01-18-19-0003-02242100,,,,,,,,,,,,,,,,,,
01-18-19-0003-02242300,,,,,,,,,,,,,,,,,,
01-18-19-0003-02242400,,,,,,,,,,,,,,,,,,
01-18-19-0003-02242600,,,,,,,,,,,,,,,,,,
01-18-19-0003-02242700,,,,,,,,,,,,,,,,,,
01-18-19-0003-02243000,,,,,,,,,,,,,,,,,,
01-18-19-0003-02243200,,,,,,,,,,,,,,,,,,
01-18-19-0003-02243300,,,,,,,,,,,,,,,,,,
01-18-19-0003-02243600,,,,,,,,,,,,,,,,,,
01-18-19-0003-02244000,,,,,,,,,,,,,,,,,,
01-18-19-0003-02245100,,,,,,,,,,,,,,,,,,
01-18-19-0003-02245200,,,,,,,,,,,,,,,,,,
01-18-19-0003-02245300,,,,,,,,,,,,,,,,,,
01-18-19-0003-02245400,,,,,,,,,,,,,,,,,,
01-18-19-0003-02245800,,,,,,,,,,,,,,,,,,
01-18-19-0003-02245900,,,,,,,,,,,,,,,,,,
01-18-19-0003-02246000,,,,,,,,,,,,,,,,,,
01-18-19-0003-02246200,,,,,,,,,,,,,,,,,,
01-18-19-0003-02249400,,,,,,,,,,,,,,,,,,
01-18-19-0003-02249500,,,,,,,,,,,,,,,,,,
01-18-19-0003-02249600,,,,,,,,,,,,,,,,,,
01-18-19-0003-02249700,,,,,,,,,,,,,,,,,,
01-18-19-0003-02249900,,,,,,,,,,,,,,,,,,
01-18-19-0003-02250100,,,,,,,,,,,,,,,,,,
01-18-19-0003-02250600,,,,,,,,,,,,,,,,,,
01-18-19-0003-02251500,,,,,,,,,,,,,,,,,,
01-18-19-0003-02252200,,,,,,,,,,,,,,,,,,
01-18-19-0003-02252300,,,,,,,,,,,,,,,,,,
01-18-19-0003-02253300,,,,,,,,,,,,,,,,,,
01-18-19-0003-02253800,,,,,,,,,,,,,,,,,,
01-18-19-0003-02254100,,,,,,,,,,,,,,,,,,
01-18-19-0003-02255200,,,,,,,,,,,,,,,,,,
01-18-19-0003-02255300,,,,,,,,,,,,,,,,,,
01-18-19-0003-02255500,,,,,,,,,,,,,,,,,,
01-18-19-0003-02256900,,,,,,,,,,,,,,,,,,
01-18-19-0003-02257000,,,,,,,,,,,,,,,,,,
01-18-19-0003-02259000,,,,,,,,,,,,,,,,,,
01-18-19-0003-02260400,,,,,,,,,,,,,,,,,,
01-18-19-0003-02261400,,,,,,,,,,,,,,,,,,
01-18-19-0003-02261500,,,,,,,,,,,,,,,,,,
01-18-19-0003-02263300,,,,,,,,,,,,,,,,,,
01-18-19-0003-02263700,,,,,,,,,,,,,,,,,,
01-18-19-0003-02263800,,,,,,,,,,,,,,,,,,
01-18-19-0003-02263900,,,,,,,,,,,,,,,,,,
01-18-19-0003-02264000,,,,,,,,,,,,,,,,,,
01-18-19-0003-02264600,,,,,,,,,,,,,,,,,,
01-18-19-0003-02264900,,,,,,,,,,,,,,,,,,
01-18-19-0003-02268800,,,,,,,,,,,,,,,,,,
01-18-19-0003-02268900,,,,,,,,,,,,,,,,,,
01-18-19-0003-02270200,,,,,,,,,,,,,,,,,,
01-18-19-0003-02272600,,,,,,,,,,,,,,,,,,
01-18-19-0003-02272700,,,,,,,,,,,,,,,,,,
01-18-19-0003-02273700,,,,,,,,,,,,,,,,,,
01-18-19-0003-02274700,,,,,,,,,,,,,,,,,,
01-18-19-0003-02274800,,,,,,,,,,,,,,,,,,
01-18-19-0003-02275000,,,,,,,,,,,,,,,,,,
01-18-19-0003-02275100,,,,,,,,,,,,,,,,,,
01-18-19-0003-02278100,,,,,,,,,,,,,,,,,,
01-18-19-0003-02278800,,,,,,,,,,,,,,,,,,
01-18-19-0003-02278900,,,,,,,,,,,,,,,,,,
01-18-19-0003-02279200,,,,,,,,,,,,,,,,,,
01-18-19-0003-02279300,,,,,,,,,,,,,,,,,,
01-18-19-0003-02279400,,,,,,,,,,,,,,,,,,
01-18-19-0003-02280000,,,,,,,,,,,,,,,,,,
01-18-19-0003-02280200,,,,,,,,,,,,,,,,,,
01-18-19-0003-02280300,,,,,,,,,,,,,,,,,,
01-18-19-0003-02283300,,,,,,,,,,,,,,,,,,
01-18-19-0003-02284200,,,,,,,,,,,,,,,,,,
01-18-20-0001-02337800,,,,,,,,,,,,,,,,,,
01-18-20-0001-02340600,,,,,,,,,,,,,,,,,,
01-18-20-0001-02341000,,,,,,,,,,,,,,,,,,
01-18-20-0001-02343400,,,,,,,,,,,,,,,,,,
01-18-20-0001-02345900,,,,,,,,,,,,,,,,,,
01-18-20-0001-02346400,,,,,,,,,,,,,,,,,,
01-18-20-0001-02347500,,,,,,,,,,,,,,,,,,
01-18-20-0001-02347800,,,,,,,,,,,,,,,,,,
01-18-20-0001-02348200,,,,,,,,,,,,,,,,,,
01-18-20-0001-02348300,,,,,,,,,,,,,,,,,,
01-18-20-0001-02348400,,,,,,,,,,,,,,,,,,
01-18-20-0001-02348500,,,,,,,,,,,,,,,,,,
01-18-20-0001-02348600,,,,,,,,,,,,,,,,,,
01-18-20-0001-02348700,,,,,,,,,,,,,,,,,,
01-18-20-0001-02349100,,,,,,,,,,,,,,,,,,
01-18-20-0001-02349300,,,,,,,,,,,,,,,,,,
01-18-20-0001-02349600,,,,,,,,,,,,,,,,,,
01-18-20-0001-02351000,,,,,,,,,,,,,,,,,,
01-18-20-0001-02351900,,,,,,,,,,,,,,,,,,
01-18-20-0001-02352200,,,,,,,,,,,,,,,,,,
01-18-20-0001-02353800,,,,,,,,,,,,,,,,,,
01-18-20-0002-02356300,,,,,,,,,,,,,,,,,,
01-18-20-0002-02357100,,,,,,,,,,,,,,,,,,
01-18-20-0002-02361400,,,,,,,,,,,,,,,,,,
01-18-20-0002-02362300,,,,,,,,,,,,,,,,,,
01-18-20-0002-02364400,,,,,,,,,,,,,,,,,,
01-18-20-0002-02366300,,,,,,,,,,,,,,,,,,
01-18-20-0002-02366500,,,,,,,,,,,,,,,,,,
01-18-20-0002-02368400,,,,,,,,,,,,,,,,,,
01-18-20-0002-02368500,,,,,,,,,,,,,,,,,,
01-18-20-0003-02369200,,,,,,,,,,,,,,,,,,
01-18-20-0003-02371200,,,,,,,,,,,,,,,,,,
01-18-20-0003-02373100,,,,,,,,,,,,,,,,,,
01-18-20-0003-02375700,,,,,,,,,,,,,,,,,,
01-18-20-0003-02377700,,,,,,,,,,,,,,,,,,
01-18-20-0003-02378000,,,,,,,,,,,,,,,,,,
01-18-20-0003-02379400,,,,,,,,,,,,,,,,,,
01-18-20-0004-02381800,,,,,,,,,,,,,,,,,,
01-18-20-0004-02382500,,,,,,,,,,,,,,,,,,
01-18-20-0004-02385300,,,,,,,,,,,,,,,,,,
01-18-20-0004-02386400,,,,,,,,,,,,,,,,,,
01-18-20-0004-02392600,,,,,,,,,,,,,,,,,,
01-18-20-0004-02398500,,,,,,,,,,,,,,,,,,
01-18-20-0004-02398600,,,,,,,,,,,,,,,,,,
01-18-20-0004-02398800,,,,,,,,,,,,,,,,,,
01-19-05-0008-00575600,,,,,,,,,,,,,,,,,,
01-19-05-0008-00575800,,,,,,,,,,,,,,,,,,
01-19-05-0008-00576600,,,,,,,,,,,,,,,,,,
01-19-10-0003-01502400,,,,,,,,,,,,,,,,,,
01-19-10-0016-01606300,,,,,,,,,,,,,,,,,,
01-19-15-0024-03357100,,,,,,,,,,,,,,,,,,
01-20-01-0004-00020700,,,,,,,,,,,,,,,,,,
01-20-01-0004-00020800,,,,,,,,,,,,,,,,,,
01-20-01-0004-00020900,,,,,,,,,,,,,,,,,,
01-20-01-0004-00021000,,,,,,,,,,,,,,,,,,
01-20-01-0004-00021100,,,,,,,,,,,,,,,,,,
01-20-01-0004-00021200,,,,,,,,,,,,,,,,,,
01-20-01-0004-00021400,,,,,,,,,,,,,,,,,,
01-20-01-0004-00021500,,,,,,,,,,,,,,,,,,
01-20-01-0004-00021600,,,,,,,,,,,,,,,,,,
01-20-01-0004-00021700,,,,,,,,,,,,,,,,,,
01-20-01-0004-00021800,,,,,,,,,,,,,,,,,,
01-20-01-0004-00021900,,,,,,,,,,,,,,,,,,
01-20-01-0004-00022000,,,,,,,,,,,,,,,,,,
01-20-01-0004-00022100,,,,,,,,,,,,,,,,,,
01-20-01-0004-00022200,,,,,,,,,,,,,,,,,,
01-20-01-0004-00022500,,,,,,,,,,,,,,,,,,
01-20-01-0004-00022600,,,,,,,,,,,,,,,,,,
01-20-02-0005-00168600,,,,,,,,,,,,,,,,,,
01-20-02-0005-00168700,,,,,,,,,,,,,,,,,,
01-20-02-0005-00168800,,,,,,,,,,,,,,,,,,
01-20-02-0005-00169000,,,,,,,,,,,,,,,,,,
01-20-02-0005-00169100,,,,,,,,,,,,,,,,,,
01-20-02-0005-00169200,,,,,,,,,,,,,,,,,,
01-20-02-0005-00169300,,,,,,,,,,,,,,,,,,
01-20-02-0005-00169400,,,,,,,,,,,,,,,,,,
01-20-02-0005-00169500,,,,,,,,,,,,,,,,,,
01-20-02-0005-00169700,,,,,,,,,,,,,,,,,,
01-20-02-0005-00169800,,,,,,,,,,,,,,,,,,
01-20-02-0005-00169900,,,,,,,,,,,,,,,,,,
01-20-02-0005-00170500,,,,,,,,,,,,,,,,,,
01-20-02-0005-00170600,,,,,,,,,,,,,,,,,,
01-20-02-0005-00170700,,,,,,,,,,,,,,,,,,
01-20-02-0005-00170800,,,,,,,,,,,,,,,,,,
01-20-02-0005-00170900,,,,,,,,,,,,,,,,,,
01-20-02-0005-00171000,,,,,,,,,,,,,,,,,,
01-20-02-0005-00171100,,,,,,,,,,,,,,,,,,
01-20-02-0005-00171200,,,,,,,,,,,,,,,,,,
01-20-02-0005-00171300,,,,,,,,,,,,,,,,,,
01-20-02-0005-00171400,,,,,,,,,,,,,,,,,,
01-20-02-0005-00171500,,,,,,,,,,,,,,,,,,
01-20-02-0005-00176000,,,,,,,,,,,,,,,,,,
01-20-02-0005-00176100,,,,,,,,,,,,,,,,,,
01-20-02-0005-00176200,,,,,,,,,,,,,,,,,,
01-20-02-0005-00176300,,,,,,,,,,,,,,,,,,
01-20-02-0005-00176400,,,,,,,,,,,,,,,,,,
01-20-02-0005-00176800,,,,,,,,,,,,,,,,,,
01-20-02-0005-00176900,,,,,,,,,,,,,,,,,,
01-20-04-0009-00624600,,,,,,,,,,,,,,,,,,
01-20-04-0014-00663300,,,,,,,,,,,,,,,,,,
01-20-07-0001-01028500,,,,,,,,,,,,,,,,,,
01-20-07-0001-01028900,,,,,,,,,,,,,,,,,,
01-20-07-0001-01032900,,,,,,,,,,,,,,,,,,
01-20-07-0001-01033100,,,,,,,,,,,,,,,,,,
01-20-07-0001-01033300,,,,,,,,,,,,,,,,,,
01-20-07-0001-01033400,,,,,,,,,,,,,,,,,,
01-20-07-0001-01033500,,,,,,,,,,,,,,,,,,
01-20-07-0001-01033600,,,,,,,,,,,,,,,,,,
01-20-07-0001-01033700,,,,,,,,,,,,,,,,,,
01-20-07-0001-01033800,,,,,,,,,,,,,,,,,,
01-20-07-0001-01033900,,,,,,,,,,,,,,,,,,
01-20-07-0001-01034000,,,,,,,,,,,,,,,,,,
01-20-07-0001-01034100,,,,,,,,,,,,,,,,,,
01-20-07-0001-01034300,,,,,,,,,,,,,,,,,,
01-20-07-0001-01034400,,,,,,,,,,,,,,,,,,
01-20-07-0001-01034500,,,,,,,,,,,,,,,,,,
01-20-07-0001-01034900,,,,,,,,,,,,,,,,,,
01-20-07-0001-01035000,,,,,,,,,,,,,,,,,,
01-20-07-0001-01044400,,,,,,,,,,,,,,,,,,
01-20-07-0001-01044500,,,,,,,,,,,,,,,,,,
01-20-07-0001-01044600,,,,,,,,,,,,,,,,,,
01-20-07-0001-01044700,,,,,,,,,,,,,,,,,,
01-20-07-0001-01044800,,,,,,,,,,,,,,,,,,
01-20-07-0001-01045000,,,,,,,,,,,,,,,,,,
01-20-07-0001-01045400,,,,,,,,,,,,,,,,,,
01-20-07-0001-01045500,,,,,,,,,,,,,,,,,,
01-20-07-0001-01045600,,,,,,,,,,,,,,,,,,
01-20-07-0001-01045700,,,,,,,,,,,,,,,,,,
01-20-07-0001-01045900,,,,,,,,,,,,,,,,,,
01-20-07-0001-01046100,,,,,,,,,,,,,,,,,,
01-20-07-0002-01050200,,,,,,,,,,,,,,,,,,
01-20-07-0002-01064600,,,,,,,,,,,,,,,,,,
01-20-07-0002-01064700,,,,,,,,,,,,,,,,,,
01-20-07-0002-01066100,,,,,,,,,,,,,,,,,,
01-20-07-0002-01066300,,,,,,,,,,,,,,,,,,
01-20-07-0002-01066400,,,,,,,,,,,,,,,,,,
01-20-07-0002-01066600,,,,,,,,,,,,,,,,,,
01-20-07-0002-01072400,,,,,,,,,,,,,,,,,,
01-20-12-0003-02286100,,,,,,,,,,,,,,,,,,
01-20-12-0003-02286500,,,,,,,,,,,,,,,,,,
01-20-12-0003-02286600,,,,,,,,,,,,,,,,,,
01-20-12-0003-02286700,,,,,,,,,,,,,,,,,,
01-20-12-0003-02286800,,,,,,,,,,,,,,,,,,
01-20-12-0003-02286900,,,,,,,,,,,,,,,,,,
01-20-12-0003-02287000,,,,,,,,,,,,,,,,,,
01-20-12-0003-02287300,,,,,,,,,,,,,,,,,,
01-20-12-0004-02303400,,,,,,,,,,,,,,,,,,
01-20-12-0004-02303500,,,,,,,,,,,,,,,,,,
01-20-12-0005-02317100,,,,,,,,,,,,,,,,,,
01-20-12-0005-02317200,,,,,,,,,,,,,,,,,,
01-20-12-0005-02317300,,,,,,,,,,,,,,,,,,
01-20-12-0005-02317500,,,,,,,,,,,,,,,,,,
01-20-12-0005-02317600,,,,,,,,,,,,,,,,,,
01-20-12-0005-02318000,,,,,,,,,,,,,,,,,,
01-20-12-0005-02318100,,,,,,,,,,,,,,,,,,
01-20-12-0005-02318200,,,,,,,,,,,,,,,,,,
01-20-12-0005-02318300,,,,,,,,,,,,,,,,,,
01-20-12-0005-02318400,,,,,,,,,,,,,,,,,,
01-20-12-0005-02318500,,,,,,,,,,,,,,,,,,
01-20-12-0005-02318600,,,,,,,,,,,,,,,,,,
01-20-12-0005-02318700,,,,,,,,,,,,,,,,,,
01-20-12-0005-02318800,,,,,,,,,,,,,,,,,,
01-20-12-0005-02318900,,,,,,,,,,,,,,,,,,
01-20-12-0005-02319000,,,,,,,,,,,,,,,,,,
01-20-12-0005-02319100,,,,,,,,,,,,,,,,,,
01-20-12-0005-02319200,,,,,,,,,,,,,,,,,,
01-20-12-0005-02319300,,,,,,,,,,,,,,,,,,
01-20-12-0005-02319500,,,,,,,,,,,,,,,,,,
01-20-12-0006-02322100,,,,,,,,,,,,,,,,,,
01-20-12-0006-02322200,,,,,,,,,,,,,,,,,,
01-20-12-0006-02322300,,,,,,,,,,,,,,,,,,
01-20-13-0002-02362300,,,,,,,,,,,,,,,,,,
01-21-03-0004-00198700,,,,,,,,,,,,,,,,,,
01-21-03-0004-00202100,,,,,,,,,,,,,,,,,,
01-21-03-0004-00203400,,,,,,,,,,,,,,,,,,
01-21-04-0001-00309200,,,,,,,,,,,,,,,,,,
01-21-08-0003-01187100,,,,,,,,,,,,,,,,,,
01-21-08-0003-01193200,,,,,,,,,,,,,,,,,,
01-21-08-0003-01194900,,,,,,,,,,,,,,,,,,
01-21-08-0003-01206000,,,,,,,,,,,,,,,,,,
01-21-08-0003-01219900,,,,,,,,,,,,,,,,,,
01-21-08-0004-01221400,,,,,,,,,,,,,,,,,,
01-21-08-0005-01243000,,,,,,,,,,,,,,,,,,
01-21-08-0006-01261100,,,,,,,,,,,,,,,,,,
01-21-08-0006-01263300,,,,,,,,,,,,,,,,,,
01-21-08-0006-01272800,,,,,,,,,,,,,,,,,,
01-21-08-0006-01273000,,,,,,,,,,,,,,,,,,
01-21-08-0006-01273100,,,,,,,,,,,,,,,,,,
01-21-08-0008-01296300,,,,,,,,,,,,,,,,,,
01-21-08-0009-01320200,,,,,,,,,,,,,,,,,,
01-21-08-0017-01432800,,,,,,,,,,,,,,,,,,
01-21-08-0017-01433300,,,,,,,,,,,,,,,,,,
01-21-08-0017-01434700,,,,,,,,,,,,,,,,,,
01-21-08-0017-01434800,,,,,,,,,,,,,,,,,,
01-21-08-0017-01440600,,,,,,,,,,,,,,,,,,
01-21-08-0017-01442700,,,,,,,,,,,,,,,,,,
01-21-08-0017-01442800,,,,,,,,,,,,,,,,,,
01-21-08-0017-01448200,,,,,,,,,,,,,,,,,,
01-21-08-0017-01448300,,,,,,,,,,,,,,,,,,
01-21-08-0017-01448400,,,,,,,,,,,,,,,,,,
01-21-08-0017-01448500,,,,,,,,,,,,,,,,,,
01-21-13-0009-02193100,,,,,,,,,,,,,,,,,,
01-21-14-0002-02272000,,,,,,,,,,,,,,,,,,
01-21-14-0003-02285900,,,,,,,,,,,,,,,,,,
01-21-14-0003-02286000,,,,,,,,,,,,,,,,,,
01-21-14-0004-02288100,,,,,,,,,,,,,,,,,,
01-21-14-0010-02362100,,,,,,,,,,,,,,,,,,
01-21-15-0001-02368900,,,,,,,,,,,,,,,,,,
01-21-15-0001-02370100,,,,,,,,,,,,,,,,,,
01-21-15-0001-02370500,,,,,,,,,,,,,,,,,,
01-21-15-0001-02377200,,,,,,,,,,,,,,,,,,
01-21-15-0002-02382100,,,,,,,,,,,,,,,,,,
01-21-17-0014-02877800,,,,,,,,,,,,,,,,,,
01-21-18-0010-03032200,,,,,,,,,,,,,,,,,,
01-21-18-0011-03049300,,,,,,,,,,,,,,,,,,
01-21-19-0008-03167200,,,,,,,,,,,,,,,,,,
01-21-19-0008-03167300,,,,,,,,,,,,,,,,,,
01-21-19-0011-03220800,,,,,,,,,,,,,,,,,,
01-21-19-0011-03225000,,,,,,,,,,,,,,,,,,
01-21-20-0002-03415700,,,,,,,,,,,,,,,,,,
01-21-20-0002-03416300,,,,,,,,,,,,,,,,,,
01-21-24-0002-04015400,,,,,,,,,,,,,,,,,,
01-21-24-0002-04016400,,,,,,,,,,,,,,,,,,
01-21-24-0002-04018000,,,,,,,,,,,,,,,,,,
01-21-24-0002-04020300,,,,,,,,,,,,,,,,,,
01-21-24-0002-04020400,,,,,,,,,,,,,,,,,,
01-21-24-0002-04020500,,,,,,,,,,,,,,,,,,
01-21-24-0002-04021800,,,,,,,,,,,,,,,,,,
01-21-25-0002-04188900,,,,,,,,,,,,,,,,,,
01-21-25-0002-04195500,,,,,,,,,,,,,,,,,,
01-21-25-0002-04195700,,,,,,,,,,,,,,,,,,
01-21-25-0002-04195900,,,,,,,,,,,,,,,,,,
01-21-28-0004-04769100,,,,,,,,,,,,,,,,,,
01-21-28-0004-04769200,,,,,,,,,,,,,,,,,,
01-21-28-0004-04769600,,,,,,,,,,,,,,,,,,
01-21-28-0004-04771900,,,,,,,,,,,,,,,,,,
01-21-28-0004-04774300,,,,,,,,,,,,,,,,,,
01-21-28-0004-04774700,,,,,,,,,,,,,,,,,,
01-22-01-0002-00019300,,,,,,,,,,,,,,,,,,
01-22-01-0002-00019400,,,,,,,,,,,,,,,,,,
01-22-01-0002-00019500,,,,,,,,,,,,,,,,,,
01-22-01-0002-00020300,,,,,,,,,,,,,,,,,,
01-22-01-0002-00020700,,,,,,,,,,,,,,,,,,
01-22-01-0002-00020800,,,,,,,,,,,,,,,,,,
01-22-01-0002-00023500,,,,,,,,,,,,,,,,,,
01-22-01-0004-00055500,,,,,,,,,,,,,,,,,,
01-22-02-0002-00097100,,,,,,,,,,,,,,,,,,
01-22-02-0006-00193200,,,,,,,,,,,,,,,,,,
01-22-02-0006-00193600,,,,,,,,,,,,,,,,,,
01-22-02-0006-00208000,,,,,,,,,,,,,,,,,,
01-22-02-0007-00212000,,,,,,,,,,,,,,,,,,
01-22-02-0007-00212100,,,,,,,,,,,,,,,,,,
01-22-02-0007-00212200,,,,,,,,,,,,,,,,,,
01-22-02-0009-00239900,,,,,,,,,,,,,,,,,,
01-22-03-0001-00251700,,,,,,,,,,,,,,,,,,
01-22-03-0001-00251800,,,,,,,,,,,,,,,,,,
01-22-03-0001-00251900,,,,,,,,,,,,,,,,,,
01-22-03-0001-00252000,,,,,,,,,,,,,,,,,,
01-22-03-0001-00252100,,,,,,,,,,,,,,,,,,
01-22-03-0001-00252200,,,,,,,,,,,,,,,,,,
01-22-04-0006-00454400,,,,,,,,,,,,,,,,,,
01-22-04-0006-00454500,,,,,,,,,,,,,,,,,,
01-22-06-0007-00612600,,,,,,,,,,,,,,,,,,
01-22-06-0007-00612700,,,,,,,,,,,,,,,,,,
01-22-07-0004-00727500,,,,,,,,,,,,,,,,,,
01-22-07-0004-00727600,,,,,,,,,,,,,,,,,,
01-22-07-0004-00727700,,,,,,,,,,,,,,,,,,
01-22-07-0004-00727800,,,,,,,,,,,,,,,,,,
01-22-07-0004-00736900,,,,,,,,,,,,,,,,,,
01-22-09-0004-00976800,,,,,,,,,,,,,,,,,,
01-22-10-0001-01072500,,,,,,,,,,,,,,,,,,
01-22-10-0003-01112700,,,,,,,,,,,,,,,,,,
01-22-10-0003-01112800,,,,,,,,,,,,,,,,,,
01-22-10-0008-01176100,,,,,,,,,,,,,,,,,,
01-22-10-0008-01176300,,,,,,,,,,,,,,,,,,
01-22-10-0010-01219900,,,,,,,,,,,,,,,,,,
01-22-10-0010-01220100,,,,,,,,,,,,,,,,,,
01-22-11-0008-01352300,,,,,,,,,,,,,,,,,,
01-22-11-0009-01365500,,,,,,,,,,,,,,,,,,
01-22-11-0009-01365600,,,,,,,,,,,,,,,,,,
01-22-11-0009-01365900,,,,,,,,,,,,,,,,,,
01-22-11-0009-01367800,,,,,,,,,,,,,,,,,,
01-22-11-0010-01373600,,,,,,,,,,,,,,,,,,
01-22-13-0001-01574500,,,,,,,,,,,,,,,,,,
01-22-13-0001-01586000,,,,,,,,,,,,,,,,,,
01-22-13-0003-01617900,,,,,,,,,,,,,,,,,,
01-22-13-0003-01618000,,,,,,,,,,,,,,,,,,
01-22-13-0003-01629900,,,,,,,,,,,,,,,,,,
01-22-14-0006-01723100,,,,,,,,,,,,,,,,,,
01-22-15-0001-01749400,,,,,,,,,,,,,,,,,,
01-22-15-0001-01750400,,,,,,,,,,,,,,,,,,
01-22-15-0001-01750500,,,,,,,,,,,,,,,,,,
01-22-15-0001-01750600,,,,,,,,,,,,,,,,,,
01-22-15-0003-01802400,,,,,,,,,,,,,,,,,,
01-22-15-0004-01878400,,,,,,,,,,,,,,,,,,
01-22-16-0001-01904300,,,,,,,,,,,,,,,,,,
01-22-16-0004-02013600,,,,,,,,,,,,,,,,,,
01-22-16-0004-02018300,,,,,,,,,,,,,,,,,,
01-23-01-0001-00018300,,,,,,,,,,,,,,,,,,
01-23-01-0001-00018500,,,,,,,,,,,,,,,,,,
01-23-01-0001-00018700,,,,,,,,,,,,,,,,,,
01-23-01-0001-00018800,,,,,,,,,,,,,,,,,,
01-23-01-0001-00018900,,,,,,,,,,,,,,,,,,
01-23-01-0001-00019000,,,,,,,,,,,,,,,,,,
01-23-01-0001-00019100,,,,,,,,,,,,,,,,,,
01-23-01-0001-00019200,,,,,,,,,,,,,,,,,,
01-23-01-0001-00019300,,,,,,,,,,,,,,,,,,
01-23-01-0001-00019600,,,,,,,,,,,,,,,,,,
01-23-01-0001-00019700,,,,,,,,,,,,,,,,,,
01-23-01-0001-00019900,,,,,,,,,,,,,,,,,,
01-23-01-0001-00020000,,,,,,,,,,,,,,,,,,
01-23-01-0001-00020300,,,,,,,,,,,,,,,,,,
01-23-01-0001-00020400,,,,,,,,,,,,,,,,,,
01-23-01-0001-00020500,,,,,,,,,,,,,,,,,,
01-23-01-0001-00022200,,,,,,,,,,,,,,,,,,
01-23-04-0002-00278700,,,,,,,,,,,,,,,,,,
01-23-06-0004-00423800,,,,,,,,,,,,,,,,,,
01-23-06-0004-00423900,,,,,,,,,,,,,,,,,,
01-23-06-0006-00474100,,,,,,,,,,,,,,,,,,
01-23-06-0006-00474200,,,,,,,,,,,,,,,,,,
01-23-10-0002-00977300,,,,,,,,,,,,,,,,,,
01-23-12-0005-01338700,,,,,,,,,,,,,,,,,,
01-23-13-0006-01532300,,,,,,,,,,,,,,,,,,
01-23-13-0006-01532500,,,,,,,,,,,,,,,,,,
01-23-13-0006-01532700,,,,,,,,,,,,,,,,,,
01-23-13-0006-01534300,,,,,,,,,,,,,,,,,,
01-23-13-0006-01539000,,,,,,,,,,,,,,,,,,
01-23-13-0006-01539200,,,,,,,,,,,,,,,,,,
01-23-13-0006-01539400,,,,,,,,,,,,,,,,,,
01-23-13-0006-01539900,,,,,,,,,,,,,,,,,,
01-23-13-0006-01540100,,,,,,,,,,,,,,,,,,
01-23-13-0006-01540300,,,,,,,,,,,,,,,,,,
01-23-13-0006-01540400,,,,,,,,,,,,,,,,,,
01-23-13-0006-01540600,,,,,,,,,,,,,,,,,,
01-23-13-0006-01540700,,,,,,,,,,,,,,,,,,
01-23-13-0006-01543500,,,,,,,,,,,,,,,,,,
01-23-13-0006-01543900,,,,,,,,,,,,,,,,,,
01-23-13-0006-01544200,,,,,,,,,,,,,,,,,,
01-23-13-0006-01544300,,,,,,,,,,,,,,,,,,
01-23-13-0006-01544700,,,,,,,,,,,,,,,,,,
01-23-13-0006-01546500,,,,,,,,,,,,,,,,,,
01-23-13-0006-01546600,,,,,,,,,,,,,,,,,,
01-23-13-0006-01546700,,,,,,,,,,,,,,,,,,
01-23-13-0006-01546800,,,,,,,,,,,,,,,,,,
01-23-13-0006-01546900,,,,,,,,,,,,,,,,,,
01-23-13-0006-01547000,,,,,,,,,,,,,,,,,,
01-23-13-0006-01547600,,,,,,,,,,,,,,,,,,
01-23-13-0006-01552900,,,,,,,,,,,,,,,,,,
01-23-13-0006-01554700,,,,,,,,,,,,,,,,,,
01-23-13-0006-01554800,,,,,,,,,,,,,,,,,,
01-23-13-0006-01555100,,,,,,,,,,,,,,,,,,
01-23-16-0001-01920400,,,,,,,,,,,,,,,,,,
01-23-16-0001-01920500,,,,,,,,,,,,,,,,,,
01-23-16-0001-01920600,,,,,,,,,,,,,,,,,,
01-23-16-0001-01921400,,,,,,,,,,,,,,,,,,
01-23-16-0001-01921600,,,,,,,,,,,,,,,,,,
01-23-16-0001-01921700,,,,,,,,,,,,,,,,,,
01-23-16-0001-01924100,,,,,,,,,,,,,,,,,,
01-23-23-0004-02810100,,,,,,,,,,,,,,,,,,
01-23-23-0004-02811000,,,,,,,,,,,,,,,,,,
01-23-23-0004-02811200,,,,,,,,,,,,,,,,,,
01-23-23-0004-02811300,,,,,,,,,,,,,,,,,,
01-23-23-0005-02843100,,,,,,,,,,,,,,,,,,
01-23-23-0005-02844700,,,,,,,,,,,,,,,,,,
01-23-26-0003-03185700,,,,,,,,,,,,,,,,,,
01-23-26-0003-03188700,,,,,,,,,,,,,,,,,,
01-23-26-0003-03188900,,,,,,,,,,,,,,,,,,
01-23-26-0003-03191500,,,,,,,,,,,,,,,,,,
01-23-26-0003-03191600,,,,,,,,,,,,,,,,,,
01-23-26-0003-03192400,,,,,,,,,,,,,,,,,,
01-23-27-0003-03276900,,,,,,,,,,,,,,,,,,
01-23-27-0006-03330100,,,,,,,,,,,,,,,,,,
01-23-27-0006-03333800,,,,,,,,,,,,,,,,,,
01-23-28-0006-03429900,,,,,,,,,,,,,,,,,,
01-23-28-0006-03430000,,,,,,,,,,,,,,,,,,
01-23-28-0006-03430100,,,,,,,,,,,,,,,,,,
01-23-28-0006-03430200,,,,,,,,,,,,,,,,,,
01-23-28-0006-03430300,,,,,,,,,,,,,,,,,,
01-23-28-0006-03430400,,,,,,,,,,,,,,,,,,
01-23-28-0006-03430500,,,,,,,,,,,,,,,,,,
01-23-28-0006-03430600,,,,,,,,,,,,,,,,,,
01-23-28-0006-03430700,,,,,,,,,,,,,,,,,,
01-23-28-0006-03430800,,,,,,,,,,,,,,,,,,
01-23-28-0006-03430900,,,,,,,,,,,,,,,,,,
01-23-28-0006-03431000,,,,,,,,,,,,,,,,,,
01-23-28-0006-03431100,,,,,,,,,,,,,,,,,,
01-23-28-0006-03431200,,,,,,,,,,,,,,,,,,
01-23-28-0006-03431400,,,,,,,,,,,,,,,,,,
01-23-28-0006-03431500,,,,,,,,,,,,,,,,,,
01-23-28-0006-03431600,,,,,,,,,,,,,,,,,,
01-23-28-0006-03431700,,,,,,,,,,,,,,,,,,
01-23-28-0006-03431800,,,,,,,,,,,,,,,,,,
01-23-28-0006-03432000,,,,,,,,,,,,,,,,,,
01-23-28-0006-03432100,,,,,,,,,,,,,,,,,,
01-23-28-0006-03432200,,,,,,,,,,,,,,,,,,
01-23-28-0006-03432300,,,,,,,,,,,,,,,,,,
01-23-28-0006-03432400,,,,,,,,,,,,,,,,,,
01-23-28-0006-03432500,,,,,,,,,,,,,,,,,,
01-23-28-0006-03432700,,,,,,,,,,,,,,,,,,
01-23-28-0006-03432800,,,,,,,,,,,,,,,,,,
01-23-28-0006-03432900,,,,,,,,,,,,,,,,,,
01-23-28-0006-03433000,,,,,,,,,,,,,,,,,,
01-23-29-0001-03433500,,,,,,,,,,,,,,,,,,
01-23-29-0001-03433600,,,,,,,,,,,,,,,,,,
01-23-29-0001-03433700,,,,,,,,,,,,,,,,,,
01-23-29-0001-03433800,,,,,,,,,,,,,,,,,,
01-23-29-0001-03433900,,,,,,,,,,,,,,,,,,
01-23-29-0001-03434000,,,,,,,,,,,,,,,,,,
01-23-29-0001-03434100,,,,,,,,,,,,,,,,,,
01-23-29-0001-03434200,,,,,,,,,,,,,,,,,,
01-23-29-0001-03434400,,,,,,,,,,,,,,,,,,
01-23-29-0001-03434500,,,,,,,,,,,,,,,,,,
01-23-29-0001-03434600,,,,,,,,,,,,,,,,,,
01-23-29-0001-03434700,,,,,,,,,,,,,,,,,,
01-23-29-0001-03434800,,,,,,,,,,,,,,,,,,
01-23-29-0001-03434900,,,,,,,,,,,,,,,,,,
01-23-29-0001-03435000,,,,,,,,,,,,,,,,,,
01-23-29-0001-03435100,,,,,,,,,,,,,,,,,,
01-23-29-0001-03435200,,,,,,,,,,,,,,,,,,
01-23-29-0001-03435300,,,,,,,,,,,,,,,,,,
01-23-29-0001-03435400,,,,,,,,,,,,,,,,,,
01-23-29-0001-03435500,,,,,,,,,,,,,,,,,,
01-23-29-0001-03435600,,,,,,,,,,,,,,,,,,
01-23-29-0001-03435700,,,,,,,,,,,,,,,,,,
01-23-29-0001-03435800,,,,,,,,,,,,,,,,,,
01-23-29-0001-03435900,,,,,,,,,,,,,,,,,,
01-23-29-0001-03436000,,,,,,,,,,,,,,,,,,
01-23-29-0001-03436100,,,,,,,,,,,,,,,,,,
01-23-29-0001-03436200,,,,,,,,,,,,,,,,,,
01-23-29-0001-03436300,,,,,,,,,,,,,,,,,,
01-23-29-0001-03436400,,,,,,,,,,,,,,,,,,
01-23-29-0001-03436500,,,,,,,,,,,,,,,,,,
01-23-29-0001-03436600,,,,,,,,,,,,,,,,,,
01-23-29-0001-03436900,,,,,,,,,,,,,,,,,,
01-23-29-0001-03437500,,,,,,,,,,,,,,,,,,
01-23-29-0001-03437600,,,,,,,,,,,,,,,,,,
01-23-29-0001-03437700,,,,,,,,,,,,,,,,,,
01-23-29-0001-03437800,,,,,,,,,,,,,,,,,,
01-23-29-0001-03438700,,,,,,,,,,,,,,,,,,
01-23-29-0001-03438800,,,,,,,,,,,,,,,,,,
01-23-29-0001-03438900,,,,,,,,,,,,,,,,,,
01-23-29-0001-03439000,,,,,,,,,,,,,,,,,,
01-23-29-0001-03440800,,,,,,,,,,,,,,,,,,
01-23-29-0001-03440900,,,,,,,,,,,,,,,,,,
01-23-29-0001-03441000,,,,,,,,,,,,,,,,,,
01-23-29-0001-03441400,,,,,,,,,,,,,,,,,,
01-23-29-0001-03441700,,,,,,,,,,,,,,,,,,
01-23-29-0001-03442100,,,,,,,,,,,,,,,,,,
01-23-29-0001-03442900,,,,,,,,,,,,,,,,,,
01-23-29-0001-03443000,,,,,,,,,,,,,,,,,,
01-23-29-0001-03443100,,,,,,,,,,,,,,,,,,
01-23-29-0001-03443200,,,,,,,,,,,,,,,,,,
01-23-29-0001-03443300,,,,,,,,,,,,,,,,,,
01-23-29-0001-03443500,,,,,,,,,,,,,,,,,,
01-23-29-0001-03443600,,,,,,,,,,,,,,,,,,
01-23-29-0001-03443700,,,,,,,,,,,,,,,,,,
01-23-29-0001-03444000,,,,,,,,,,,,,,,,,,
01-23-29-0001-03444900,,,,,,,,,,,,,,,,,,
01-23-29-0001-03445000,,,,,,,,,,,,,,,,,,
01-23-29-0001-03445100,,,,,,,,,,,,,,,,,,
01-23-29-0001-03445600,,,,,,,,,,,,,,,,,,
01-23-29-0001-03445700,,,,,,,,,,,,,,,,,,
01-23-29-0001-03449100,,,,,,,,,,,,,,,,,,
01-23-29-0001-03449200,,,,,,,,,,,,,,,,,,
01-23-29-0001-03449300,,,,,,,,,,,,,,,,,,
01-23-29-0001-03449700,,,,,,,,,,,,,,,,,,
01-23-29-0001-03461900,,,,,,,,,,,,,,,,,,
01-23-29-0001-03462400,,,,,,,,,,,,,,,,,,
01-23-29-0001-03462500,,,,,,,,,,,,,,,,,,
01-23-29-0001-03465300,,,,,,,,,,,,,,,,,,
01-23-29-0002-03467700,,,,,,,,,,,,,,,,,,
01-23-29-0002-03467800,,,,,,,,,,,,,,,,,,
01-23-29-0002-03468100,,,,,,,,,,,,,,,,,,
01-23-29-0002-03476000,,,,,,,,,,,,,,,,,,
01-23-29-0002-03502400,,,,,,,,,,,,,,,,,,
01-23-29-0002-03502500,,,,,,,,,,,,,,,,,,
01-23-29-0002-03502600,,,,,,,,,,,,,,,,,,
01-23-29-0002-03502700,,,,,,,,,,,,,,,,,,
01-23-29-0002-03502900,,,,,,,,,,,,,,,,,,
01-23-29-0002-03503000,,,,,,,,,,,,,,,,,,
01-23-29-0004-03529500,,,,,,,,,,,,,,,,,,
01-23-29-0004-03530400,,,,,,,,,,,,,,,,,,
01-23-38-0002-04532200,,,,,,,,,,,,,,,,,,
01-23-38-0002-04533200,,,,,,,,,,,,,,,,,,
01-23-38-0002-04533300,,,,,,,,,,,,,,,,,,
01-23-38-0002-04533400,,,,,,,,,,,,,,,,,,
01-23-38-0002-04533500,,,,,,,,,,,,,,,,,,
01-23-38-0002-04533600,,,,,,,,,,,,,,,,,,
01-23-39-0003-04672300,,,,,,,,,,,,,,,,,,
01-23-39-0003-04680100,,,,,,,,,,,,,,,,,,
01-23-39-0003-04680200,,,,,,,,,,,,,,,,,,
01-23-42-0001-04932700,,,,,,,,,,,,,,,,,,
01-23-43-0005-05152700,,,,,,,,,,,,,,,,,,
01-23-43-0006-05174200,,,,,,,,,,,,,,,,,,
01-23-43-0006-05180500,,,,,,,,,,,,,,,,,,
01-23-44-0002-05295000,,,,,,,,,,,,,,,,,,
01-23-44-0002-05295200,,,,,,,,,,,,,,,,,,
01-23-44-0002-05296500,,,,,,,,,,,,,,,,,,
01-23-44-0002-05297700,,,,,,,,,,,,,,,,,,
01-23-44-0002-05297800,,,,,,,,,,,,,,,,,,
01-23-44-0002-05298000,,,,,,,,,,,,,,,,,,
01-24-01-0007-00066300,,,,,,,,,,,,,,,,,,
01-24-01-0007-00066400,,,,,,,,,,,,,,,,,,
01-24-01-0007-00066500,,,,,,,,,,,,,,,,,,
01-24-01-0007-00066600,,,,,,,,,,,,,,,,,,
01-24-01-0007-00067900,,,,,,,,,,,,,,,,,,
01-24-01-0007-00068200,,,,,,,,,,,,,,,,,,
01-24-01-0007-00068800,,,,,,,,,,,,,,,,,,
01-24-01-0007-00070400,,,,,,,,,,,,,,,,,,
01-24-01-0007-00070600,,,,,,,,,,,,,,,,,,
01-24-01-0007-00070700,,,,,,,,,,,,,,,,,,
01-24-01-0007-00070900,,,,,,,,,,,,,,,,,,
01-24-01-0007-00071000,,,,,,,,,,,,,,,,,,
01-24-01-0007-00072300,,,,,,,,,,,,,,,,,,
01-24-01-0007-00074100,,,,,,,,,,,,,,,,,,
01-24-01-0007-00074500,,,,,,,,,,,,,,,,,,
01-24-01-0007-00076100,,,,,,,,,,,,,,,,,,
01-24-01-0007-00076900,,,,,,,,,,,,,,,,,,
01-24-01-0007-00077000,,,,,,,,,,,,,,,,,,
01-24-01-0007-00077300,,,,,,,,,,,,,,,,,,
01-24-01-0007-00077400,,,,,,,,,,,,,,,,,,
01-24-02-0008-00175100,,,,,,,,,,,,,,,,,,
01-24-02-0011-00207700,,,,,,,,,,,,,,,,,,
01-24-02-0012-00209600,,,,,,,,,,,,,,,,,,
01-24-02-0012-00210800,,,,,,,,,,,,,,,,,,
01-24-02-0012-00218100,,,,,,,,,,,,,,,,,,
01-24-02-0012-00218800,,,,,,,,,,,,,,,,,,
01-24-08-0008-00606400,,,,,,,,,,,,,,,,,,
01-24-09-0001-00621300,,,,,,,,,,,,,,,,,,
01-24-17-0007-01219000,,,,,,,,,,,,,,,,,,
01-27-14-0004-01731200,,,,,,,,,,,,,,,,,,
01-27-25-0009-03124400,,,,,,,,,,,,,,,,,,
01-27-35-0003-04320100,,,,,,,,,,,,,,,,,,
01-28-07-0030-00664900,,,,,,,,,,,,,,,,,,
01-28-10-0005-00992500,,,,,,,,,,,,,,,,,,
01-28-10-0005-00992600,,,,,,,,,,,,,,,,,,
01-28-10-0005-00992700,,,,,,,,,,,,,,,,,,
01-28-10-0005-00992800,,,,,,,,,,,,,,,,,,
01-28-10-0029-01056900,,,,,,,,,,,,,,,,,,
01-28-11-0028-01232000,,,,,,,,,,,,,,,,,,
01-28-17-0015-02097400,,,,,,,,,,,,,,,,,,
01-28-20-0028-02435300,,,,,,,,,,,,,,,,,,
01-28-20-0032-02441800,,,,,,,,,,,,,,,,,,
01-28-20-0033-02442100,,,,,,,,,,,,,,,,,,
01-28-20-0033-02442200,,,,,,,,,,,,,,,,,,
01-28-20-0033-02442300,,,,,,,,,,,,,,,,,,
01-28-20-0033-02443200,,,,,,,,,,,,,,,,,,
01-28-20-0033-02443300,,,,,,,,,,,,,,,,,,
01-28-20-0033-02443400,,,,,,,,,,,,,,,,,,
01-29-10-0004-00718200,,,,,,,,,,,,,,,,,,
01-29-10-0004-00718300,,,,,,,,,,,,,,,,,,
01-29-20-0002-02061500,,,,,,,,,,,,,,,,,,
01-29-21-0003-02169200,,,,,,,,,,,,,,,,,,
01-29-21-0003-02169300,,,,,,,,,,,,,,,,,,
01-29-23-0004-02552100,,,,,,,,,,,,,,,,,,
01-29-23-0004-02552300,,,,,,,,,,,,,,,,,,
01-33-01-0002-00021900,,,,,,,,,,,,,,,,,,
01-33-01-0002-00022000,,,,,,,,,,,,,,,,,,
01-33-01-0006-00051900,,,,,,,,,,,,,,,,,,
01-33-01-0006-00053900,,,,,,,,,,,,,,,,,,
01-33-01-0008-00062400,,,,,,,,,,,,,,,,,,
01-33-01-0008-00064000,,,,,,,,,,,,,,,,,,
01-33-03-0001-00065100,,,,,,,,,,,,,,,,,,
01-33-03-0001-00065200,,,,,,,,,,,,,,,,,,
01-33-03-0001-00065300,,,,,,,,,,,,,,,,,,
01-33-03-0001-00067700,,,,,,,,,,,,,,,,,,
01-33-03-0001-00068000,,,,,,,,,,,,,,,,,,
01-33-03-0001-00068400,,,,,,,,,,,,,,,,,,
01-33-03-0001-00078500,,,,,,,,,,,,,,,,,,
01-33-03-0001-00078900,,,,,,,,,,,,,,,,,,
01-33-03-0001-00081200,,,,,,,,,,,,,,,,,,
01-33-03-0003-00084100,,,,,,,,,,,,,,,,,,
01-33-03-0003-00084200,,,,,,,,,,,,,,,,,,
01-33-03-0003-00085200,,,,,,,,,,,,,,,,,,
01-33-03-0003-00085300,,,,,,,,,,,,,,,,,,
01-33-03-0003-00087200,,,,,,,,,,,,,,,,,,
01-33-03-0003-00087400,,,,,,,,,,,,,,,,,,
01-33-03-0003-00087600,,,,,,,,,,,,,,,,,,
01-33-03-0003-00087800,,,,,,,,,,,,,,,,,,
01-33-03-0003-00088200,,,,,,,,,,,,,,,,,,
01-33-03-0003-00088300,,,,,,,,,,,,,,,,,,
01-33-03-0003-00088500,,,,,,,,,,,,,,,,,,
01-33-03-0003-00090000,,,,,,,,,,,,,,,,,,
01-33-03-0003-00090100,,,,,,,,,,,,,,,,,,
01-33-03-0003-00098900,,,,,,,,,,,,,,,,,,
01-33-03-0003-00099000,,,,,,,,,,,,,,,,,,
01-33-03-0003-00099200,,,,,,,,,,,,,,,,,,
01-33-03-0004-00108300,,,,,,,,,,,,,,,,,,
01-33-03-0004-00108400,,,,,,,,,,,,,,,,,,
01-33-03-0004-00112000,,,,,,,,,,,,,,,,,,
01-33-03-0004-00117100,,,,,,,,,,,,,,,,,,
01-33-03-0004-00117200,,,,,,,,,,,,,,,,,,
01-33-03-0004-00117300,,,,,,,,,,,,,,,,,,
01-33-03-0006-00133100,,,,,,,,,,,,,,,,,,
01-33-03-0006-00133200,,,,,,,,,,,,,,,,,,
01-33-03-0006-00136600,,,,,,,,,,,,,,,,,,
01-33-03-0006-00136700,,,,,,,,,,,,,,,,,,
01-33-03-0006-00138100,,,,,,,,,,,,,,,,,,
01-33-03-0006-00138200,,,,,,,,,,,,,,,,,,
01-33-03-0006-00139400,,,,,,,,,,,,,,,,,,
01-33-03-0006-00139900,,,,,,,,,,,,,,,,,,
01-33-03-0006-00140900,,,,,,,,,,,,,,,,,,
01-33-03-0006-00141000,,,,,,,,,,,,,,,,,,
01-33-03-0006-00141100,,,,,,,,,,,,,,,,,,
01-33-03-0006-00141300,,,,,,,,,,,,,,,,,,
01-33-03-0006-00141400,,,,,,,,,,,,,,,,,,
01-33-03-0006-00141500,,,,,,,,,,,,,,,,,,
01-33-03-0006-00141600,,,,,,,,,,,,,,,,,,
01-33-03-0006-00141700,,,,,,,,,,,,,,,,,,
01-33-03-0006-00141800,,,,,,,,,,,,,,,,,,
01-33-03-0006-00142000,,,,,,,,,,,,,,,,,,
01-33-03-0006-00142200,,,,,,,,,,,,,,,,,,
01-33-03-0006-00142400,,,,,,,,,,,,,,,,,,
01-33-03-0006-00142500,,,,,,,,,,,,,,,,,,
01-33-03-0006-00142600,,,,,,,,,,,,,,,,,,
01-33-03-0006-00142700,,,,,,,,,,,,,,,,,,
01-33-03-0006-00142800,,,,,,,,,,,,,,,,,,
01-33-03-0006-00142900,,,,,,,,,,,,,,,,,,
01-33-03-0006-00143200,,,,,,,,,,,,,,,,,,
01-33-03-0006-00143300,,,,,,,,,,,,,,,,,,
01-33-03-0008-00172500,,,,,,,,,,,,,,,,,,
01-33-03-0008-00173400,,,,,,,,,,,,,,,,,,
01-33-04-0001-00178000,,,,,,,,,,,,,,,,,,
01-33-04-0001-00180500,,,,,,,,,,,,,,,,,,
01-33-04-0003-00198400,,,,,,,,,,,,,,,,,,
01-33-04-0007-00250500,,,,,,,,,,,,,,,,,,
01-33-05-0001-00270500,,,,,,,,,,,,,,,,,,
01-33-05-0001-00270800,,,,,,,,,,,,,,,,,,
01-33-05-0001-00273700,,,,,,,,,,,,,,,,,,
01-33-05-0001-00274300,,,,,,,,,,,,,,,,,,
01-33-05-0001-00276500,,,,,,,,,,,,,,,,,,
01-33-05-0008-00356500,,,,,,,,,,,,,,,,,,
01-33-05-0008-00356700,,,,,,,,,,,,,,,,,,
01-33-06-0005-00457700,,,,,,,,,,,,,,,,,,
01-33-06-0005-00457800,,,,,,,,,,,,,,,,,,
01-33-07-0004-00558900,,,,,,,,,,,,,,,,,,
01-33-07-0004-00559000,,,,,,,,,,,,,,,,,,
01-33-08-0002-00650300,,,,,,,,,,,,,,,,,,
01-33-08-0005-00662400,,,,,,,,,,,,,,,,,,
01-33-08-0005-00662500,,,,,,,,,,,,,,,,,,
01-33-08-0005-00662700,,,,,,,,,,,,,,,,,,
01-33-08-0005-00664900,,,,,,,,,,,,,,,,,,
01-33-08-0005-00665700,,,,,,,,,,,,,,,,,,
01-33-08-0005-00665900,,,,,,,,,,,,,,,,,,
01-33-08-0006-00673400,,,,,,,,,,,,,,,,,,
01-33-08-0006-00673500,,,,,,,,,,,,,,,,,,
01-33-08-0006-00676800,,,,,,,,,,,,,,,,,,
01-33-08-0006-00676900,,,,,,,,,,,,,,,,,,
01-33-08-0006-00677000,,,,,,,,,,,,,,,,,,
01-33-10-0004-00760200,,,,,,,,,,,,,,,,,,
01-33-10-0004-00761500,,,,,,,,,,,,,,,,,,
01-33-10-0004-00764900,,,,,,,,,,,,,,,,,,
01-33-10-0004-00765100,,,,,,,,,,,,,,,,,,
01-33-10-0005-00768100,,,,,,,,,,,,,,,,,,
01-33-11-0004-00784900,,,,,,,,,,,,,,,,,,
01-33-11-0004-00785000,,,,,,,,,,,,,,,,,,
01-33-12-0004-00798900,,,,,,,,,,,,,,,,,,
01-33-12-0004-00799300,,,,,,,,,,,,,,,,,,
01-33-13-0005-00852300,,,,,,,,,,,,,,,,,,
01-33-14-0002-00873000,,,,,,,,,,,,,,,,,,
01-33-14-0004-00882200,,,,,,,,,,,,,,,,,,
01-33-14-0004-00882300,,,,,,,,,,,,,,,,,,
01-33-15-0005-00911700,,,,,,,,,,,,,,,,,,
01-33-15-0007-00919200,,,,,,,,,,,,,,,,,,
01-33-15-0007-00919300,,,,,,,,,,,,,,,,,,
01-33-18-0002-00981500,,,,,,,,,,,,,,,,,,
01-33-18-0003-01003400,,,,,,,,,,,,,,,,,,
01-33-20-0002-01107800,,,,,,,,,,,,,,,,,,
01-33-20-0002-01107900,,,,,,,,,,,,,,,,,,
01-33-20-0007-01149500,,,,,,,,,,,,,,,,,,
01-33-20-0007-01149600,,,,,,,,,,,,,,,,,,
01-33-21-0002-01168800,,,,,,,,,,,,,,,,,,
01-33-21-0004-01192000,,,,,,,,,,,,,,,,,,
01-33-21-0004-01192600,,,,,,,,,,,,,,,,,,
01-33-21-0006-01203600,,,,,,,,,,,,,,,,,,
01-33-22-0006-01278000,,,,,,,,,,,,,,,,,,
01-33-22-0006-01278100,,,,,,,,,,,,,,,,,,
01-33-24-0002-01379700,,,,,,,,,,,,,,,,,,
01-33-24-0002-01379800,,,,,,,,,,,,,,,,,,
01-33-24-0007-01419900,,,,,,,,,,,,,,,,,,
01-33-24-0007-01420700,,,,,,,,,,,,,,,,,,
01-33-24-0007-01420800,,,,,,,,,,,,,,,,,,
01-33-26-0001-01434500,,,,,,,,,,,,,,,,,,
01-33-26-0001-01437700,,,,,,,,,,,,,,,,,,
01-33-26-0001-01437800,,,,,,,,,,,,,,,,,,
01-33-26-0002-01441800,,,,,,,,,,,,,,,,,,
01-33-26-0002-01442600,,,,,,,,,,,,,,,,,,
01-33-26-0004-01448300,,,,,,,,,,,,,,,,,,
01-33-26-0004-01448600,,,,,,,,,,,,,,,,,,
01-33-26-0004-01448700,,,,,,,,,,,,,,,,,,
01-33-26-0004-01448900,,,,,,,,,,,,,,,,,,
01-33-26-0007-01478800,,,,,,,,,,,,,,,,,,
01-33-26-0007-01480400,,,,,,,,,,,,,,,,,,
01-33-28-0001-01532900,,,,,,,,,,,,,,,,,,
01-33-28-0001-01533000,,,,,,,,,,,,,,,,,,
01-33-28-0008-01573600,,,,,,,,,,,,,,,,,,
01-33-28-0008-01574000,,,,,,,,,,,,,,,,,,
01-33-28-0008-01574300,,,,,,,,,,,,,,,,,,
01-33-29-0006-01595400,,,,,,,,,,,,,,,,,,
11-01-001-00001-000002,2006-10-24,,2010-06-01,,2007-11-07,,2004.0,,5.5,,170.1,,181.71,,0.0,,Dett. Bridge - Keran,
11-01-001-00001-000005,2006-10-24,,2010-06-01,,2007-11-07,,2004.0,,5.5,,170.1,,181.71,,0.0,,Dett. Bridge - Keran,
11-01-001-00001-000006,,,,,,,,,,,,,,,,,,
11-01-001-00001-000007,2011-04-20,,,,,,2007.0,,,,,,,,,,,
11-01-001-00001-000008,2011-04-20,,,,,,2007.0,,,,,,,,,,,
11-01-001-00001-000009,,,,,,,,,,,,,,,,,,
11-01-001-00001-000010,,,,,,,,,,,,,,,,,,
11-01-001-00001-000011,,,,,,,,,,,,,,,,,,
11-01-001-00001-000012,,,,,,,,,,,,,,,,,,
11-01-001-00001-000013,,,,,,,,,,,,,,,,,,
11-01-001-00001-000014,,,,,,,,,,,,,,,,,,
11-01-001-00001-000015,,,,,,,,,,,,,,,,,,
11-01-001-00001-000016,,,,,,,,,,,,,,,,,,
11-01-001-00001-000017,,,,,,,,,,,,,,,,,,
11-01-001-00001-000018,,,,,,,,,,,,,,,,,,
11-01-001-00001-000019,,,,,,,,,,,,,,,,,,
11-01-001-00001-000020,,,,,,,,,,,,,,,,,,
11-01-001-00001-000021,,,,,,,,,,,,,,,,,,
11-01-001-00001-000022,,,,,,,,,,,,,,,,,,
11-01-001-00001-000023,,,,,,,,,,,,,,,,,,
11-01-001-00001-000024,2008-10-02,2010-12-08,2010-10-01,2013-11-01,2009-04-14,2012-05-26,2003.0,2007.0,3.4,13.0,113.13,1218.6,101.99,1626.26,0.0,0.0,,Gungbugh - Chandagam
11-01-001-00001-000025,,2010-12-08,,2013-11-01,,2012-05-26,,2007.0,,13.0,,1218.6,,1626.26,,0.0,,Gungbugh - Chandagam
11-01-001-00001-000026,2006-10-24,,2010-06-01,,2007-11-07,,2004.0,,3.3,,127.77,,131.61,,0.0,,Dardpora - Jandiyal,
11-01-001-00001-000027,,,,,,,,,,,,,,,,,,
11-01-001-00001-000028,,,,,,,,,,,,,,,,,,
11-01-001-00001-000029,,,,,,,,,,,,,,,,,,
11-01-001-00001-000030,,,,,,,,,,,,,,,,,,
11-01-001-00001-000031,,,,,,,,,,,,,,,,,,
11-01-001-00001-000032,,2010-12-08,,2013-11-01,,2012-05-26,,2007.0,,13.0,,1218.6,,1626.26,,0.0,,Gungbugh - Chandagam
11-01-001-00001-000033,,,,,,,,,,,,,,,,,,
11-01-001-00001-000034,,,,,,,,,,,,,,,,,,
11-01-001-00001-000035,,,,,,,,,,,,,,,,,,
11-01-001-00001-000036,2011-05-07,,2012-06-01,,2012-05-21,,2007.0,,2.0,,53.95,,104.83,,0.0,,Lalpora - Arampora,
11-01-001-00001-000037,,,,,,,,,,,,,,,,,,
11-01-001-00001-000038,,,,,,,,,,,,,,,,,,
11-01-001-00001-000039,,2010-12-08,,2013-11-01,,2012-05-26,,2007.0,,13.0,,1218.6,,1626.26,,0.0,,Gungbugh - Chandagam
11-01-001-00001-000040,,2010-12-08,,2013-11-01,,2012-05-26,,2007.0,,13.0,,1218.6,,1626.26,,0.0,,Gungbugh - Chandagam
11-01-001-00001-000041,,,,,,,,,,,,,,,,,,
11-01-001-00001-000042,,,,,,,,,,,,,,,,,,
11-01-001-00001-000043,,,,,,,,,,,,,,,,,,
11-01-001-00001-000044,,,,,,,,,,,,,,,,,,
11-01-001-00001-000045,,,,,,,,,,,,,,,,,,
11-01-001-00001-000046,,,,,,,,,,,,,,,,,,
11-01-001-00001-000047,,,,,,,,,,,,,,,,,,
11-01-001-00001-000048,,,,,,,,,,,,,,,,,,
11-01-001-00001-000049,,,,,,,,,,,,,,,,,,
11-01-001-00001-000050,,,,,,,,,,,,,,,,,,
11-01-001-00001-000051,,,,,,,,,,,,,,,,,,
11-01-001-00001-000052,,,,,,,,,,,,,,,,,,
11-01-001-00001-000053,,,,,,,,,,,,,,,,,,
11-01-001-00001-000054,,,,,,,,,,,,,,,,,,
11-01-001-00001-000055,2003-03-11,2010-12-31,2006-11-01,2013-11-01,2006-07-10,2012-06-30,2000.0,2007.0,2.21,9.5,113.7,985.76,113.7,1071.4,0.0,0.0,,Sulkote - Shatpora Halmatpora
11-01-001-00001-000056,,2010-12-31,,2013-11-01,,2012-06-30,,2007.0,,9.5,,985.76,,1071.4,,0.0,,Sulkote - Shatpora Halmatpora
11-01-001-00001-000057,,,,,,,,,,,,,,,,,,
11-01-001-00001-000058,,,,,,,,,,,,,,,,,,
11-01-001-00001-000059,,2010-12-31,,2013-11-01,,2012-07-10,,2007.0,,13.7,,1432.53,,1733.3,,0.0,,Voudhpora - Gushi
11-01-001-00001-000060,,,,,,,,,,,,,,,,,,
11-01-001-00001-000061,,,,,,,,,,,,,,,,,,
11-01-001-00001-000062,,,,,,,,,,,,,,,,,,
11-01-001-00001-000063,,,,,,,,,,,,,,,,,,
11-01-001-00001-000064,,,,,,,,,,,,,,,,,,
11-01-001-00001-000065,,,,,,,,,,,,,,,,,,
11-01-001-00001-000066,,2010-12-08,,2012-11-01,,2012-06-17,,2007.0,,4.7,,487.29,,584.89,,0.0,,Hirri road km 17th - Zirhama
11-01-001-00001-000067,,2010-12-08,,2012-11-01,,2012-06-17,,2007.0,,4.7,,487.29,,584.89,,0.0,,Hirri road km 17th - Zirhama
11-01-001-00001-000068,,2010-12-08,,2012-11-01,,2012-06-17,,2007.0,,4.7,,487.29,,584.89,,0.0,,Hirri road km 17th - Zirhama
11-01-001-00001-000069,2008-10-10,,2013-11-01,,2009-07-19,,2006.0,,3.5,,78.53,,91.97,,0.0,,Laderwan - Tangpathri Ladernag,
11-01-001-00001-000070,,2010-12-08,,2012-11-01,,2012-06-17,,2007.0,,4.7,,487.29,,584.89,,0.0,,Hirri road km 17th - Zirhama
11-01-001-00001-000071,2010-10-19,,,,,,2003.0,,,,,,,,,,,
11-01-001-00001-000072,,,,,,,,,,,,,,,,,,
11-01-001-00001-000073,,,,,,,,,,,,,,,,,,
11-01-001-00001-000074,,,,,,,,,,,,,,,,,,
11-01-001-00001-000075,,,,,,,,,,,,,,,,,,
11-01-001-00001-000076,2008-09-29,,2010-05-01,,2009-07-13,,2006.0,,1.6,,82.41,,82.93,,0.0,,Gazriyal - Bakhipora,
11-01-001-00001-000077,,,,,,,,,,,,,,,,,,
11-01-001-00001-000078,,,,,,,,,,,,,,,,,,
11-01-001-00001-000079,,,,,,,,,,,,,,,,,,
11-01-001-00001-000080,,,,,,,,,,,,,,,,,,
11-01-001-00001-000081,,,,,,,,,,,,,,,,,,
11-01-001-00001-000082,,,,,,,,,,,,,,,,,,
11-01-001-00001-000083,,,,,,,,,,,,,,,,,,
11-01-001-00001-000084,,,,,,,,,,,,,,,,,,
11-01-001-00001-000085,,,,,,,,,,,,,,,,,,
11-01-001-00001-000086,,,,,,,,,,,,,,,,,,
11-01-001-00001-000087,,,,,,,,,,,,,,,,,,
11-01-001-00001-000088,2009-04-15,,,,,,2006.0,,,,,,,,,,,
11-01-001-00001-000089,2009-04-15,,,,,,2006.0,,,,,,,,,,,
11-01-001-00001-000090,,,,,,,,,,,,,,,,,,
11-01-001-00001-000091,,,,,,,,,,,,,,,,,,
11-01-001-00001-000092,,,,,,,,,,,,,,,,,,
11-01-001-00001-000093,,,,,,,,,,,,,,,,,,
11-01-001-00001-000094,,2010-12-31,,2013-03-01,,2012-06-30,,2007.0,,2.5,,315.19,,365.4,,0.0,,Kralpora - Shaloora
11-01-001-00001-000095,,,,,,,,,,,,,,,,,,
11-01-001-00001-000096,,,,,,,,,,,,,,,,,,
11-01-001-00001-000097,,,,,,,,,,,,,,,,,,
11-01-001-00001-000098,,,,,,,,,,,,,,,,,,
11-01-001-00001-000099,,2010-12-08,,,,,,2007.0,,,,,,,,,,
11-01-001-00001-000100,,,,,,,,,,,,,,,,,,
11-01-001-00001-000101,,,,,,,,,,,,,,,,,,
11-01-001-00001-000102,,2010-12-31,,2013-11-01,,2012-07-10,,2007.0,,13.7,,1432.53,,1733.3,,0.0,,Voudhpora - Gushi
11-01-001-00001-000103,,2010-12-08,,,,,,2007.0,,,,,,,,,,
11-01-001-00001-000104,,2010-12-08,,,,,,2007.0,,,,,,,,,,
11-01-001-00001-000105,,,,,,,,,,,,,,,,,,
11-01-001-00001-000106,2008-10-10,,2012-11-01,,2009-10-17,,2006.0,,4.0,,152.69,,154.91,,0.0,,Karihama - Ogbal,
11-01-001-00001-000107,,,,,,,,,,,,,,,,,,
11-01-001-00001-000108,,,,,,,,,,,,,,,,,,
11-01-001-00001-000109,,,,,,,,,,,,,,,,,,
11-01-001-00001-000110,,,,,,,,,,,,,,,,,,
11-01-001-00001-000111,,,,,,,,,,,,,,,,,,
11-01-001-00001-000112,,,,,,,,,,,,,,,,,,
11-01-001-00001-000113,,,,,,,,,,,,,,,,,,
11-01-001-00001-000114,,2010-12-31,,2013-11-01,,2012-07-10,,2007.0,,13.7,,1432.53,,1733.3,,0.0,,Voudhpora - Gushi
11-01-001-00001-000115,,,,,,,,,,,,,,,,,,
11-01-001-00001-000116,,,,,,,,,,,,,,,,,,
11-01-001-00001-000117,,,,,,,,,,,,,,,,,,
11-01-001-00001-000118,,,,,,,,,,,,,,,,,,
11-01-001-00001-000119,,,,,,,,,,,,,,,,,,
11-01-001-00001-000120,,,,,,,,,,,,,,,,,,
11-01-001-00001-000122,,,,,,,,,,,,,,,,,,
11-01-001-00001-000123,,,,,,,,,,,,,,,,,,
11-01-001-00001-000124,,,,,,,,,,,,,,,,,,
11-01-001-00001-000125,,,,,,,,,,,,,,,,,,
11-01-001-00001-000126,,,,,,,,,,,,,,,,,,
11-01-001-00001-000127,,,,,,,,,,,,,,,,,,
11-01-001-00001-000128,,,,,,,,,,,,,,,,,,
11-01-001-00002-000129,,,,,,,,,,,,,,,,,,
11-01-001-00002-000130,,,,,,,,,,,,,,,,,,
11-01-001-00002-000131,,,,,,,,,,,,,,,,,,
11-01-001-00002-000132,,,,,,,,,,,,,,,,,,
11-01-001-00002-000133,,2010-11-26,,2013-10-01,,2012-05-25,,2007.0,,6.0,,678.43,,810.25,,0.0,,Dolipora - Champora
11-01-001-00002-000134,,2010-11-26,,2013-10-01,,2012-05-25,,2007.0,,6.0,,678.43,,810.25,,0.0,,Dolipora - Champora
11-01-001-00002-000135,,,,,,,,,,,,,,,,,,
11-01-001-00002-000136,,,,,,,,,,,,,,,,,,
11-01-001-00002-000137,,,,,,,,,,,,,,,,,,
11-01-001-00002-000138,,,,,,,,,,,,,,,,,,
11-01-001-00002-000139,,,,,,,,,,,,,,,,,,
11-01-001-00002-000140,,,,,,,,,,,,,,,,,,
11-01-001-00002-000141,,,,,,,,,,,,,,,,,,
11-01-001-00002-000142,2005-10-21,,2011-10-01,,2006-08-21,,2003.0,,6.4,,229.28,,289.89,,0.0,,MANZGAM TO HACHIMARG TUMINA,
11-01-001-00002-000143,,,,,,,,,,,,,,,,,,
11-01-001-00002-000144,,,,,,,,,,,,,,,,,,
11-01-001-00002-000145,,2010-11-26,,2013-10-01,,2012-05-25,,2007.0,,6.0,,678.43,,810.25,,0.0,,Dolipora - Champora
11-01-001-00002-000146,,,,,,,,,,,,,,,,,,
11-01-001-00002-000147,,2010-11-26,,2013-10-01,,2012-05-25,,2007.0,,6.0,,678.43,,810.25,,0.0,,Dolipora - Champora
11-01-001-00002-000148,,,,,,,,,,,,,,,,,,
11-01-001-00002-000149,,,,,,,,,,,,,,,,,,
11-01-001-00002-000150,,,,,,,,,,,,,,,,,,
11-01-001-00002-000151,,,,,,,,,,,,,,,,,,
11-01-001-00002-000152,,2008-11-08,,2012-10-01,,2010-05-22,,2006.0,,16.0,,1135.43,,1232.47,,0.0,,Handwara Magam - Tulwari
11-01-001-00002-000153,,2008-11-08,,2012-10-01,,2010-05-22,,2006.0,,16.0,,1135.43,,1232.47,,0.0,,Handwara Magam - Tulwari
11-01-001-00002-000154,,2008-11-08,,2012-10-01,,2010-05-22,,2006.0,,16.0,,1135.43,,1232.47,,0.0,,Handwara Magam - Tulwari
11-01-001-00002-000155,,2008-11-08,,2012-10-01,,2010-05-22,,2006.0,,16.0,,1135.43,,1232.47,,0.0,,Handwara Magam - Tulwari
11-01-001-00002-000156,,2008-11-08,,2012-10-01,,2010-05-22,,2006.0,,16.0,,1135.43,,1232.47,,0.0,,Handwara Magam - Tulwari
11-01-001-00002-000157,,,,,,,,,,,,,,,,,,
11-01-001-00002-000158,,,,,,,,,,,,,,,,,,
11-01-001-00002-000159,,,,,,,,,,,,,,,,,,
11-01-001-00002-000161,,,,,,,,,,,,,,,,,,
11-01-001-00002-000162,,,,,,,,,,,,,,,,,,
11-01-001-00002-000163,,2008-11-08,,2012-10-01,,2010-05-22,,2006.0,,16.0,,1135.43,,1232.47,,0.0,,Handwara Magam - Tulwari
11-01-001-00002-000164,,,,,,,,,,,,,,,,,,
11-01-001-00002-000165,,2010-12-31,,2013-11-01,,2012-07-10,,2007.0,,13.7,,1432.53,,1733.3,,0.0,,Voudhpora - Gushi
11-01-001-00002-000166,,,,,,,,,,,,,,,,,,
11-01-001-00002-000167,,,,,,,,,,,,,,,,,,
11-01-001-00002-000168,,,,,,,,,,,,,,,,,,
11-01-001-00002-000169,,,,,,,,,,,,,,,,,,
11-01-001-00002-000170,,,,,,,,,,,,,,,,,,
11-01-001-00002-000171,,2010-12-31,,2013-11-01,,2012-07-10,,2007.0,,13.7,,1432.53,,1733.3,,0.0,,Voudhpora - Gushi
11-01-001-00002-000172,,,,,,,,,,,,,,,,,,
11-01-001-00002-000173,,2008-11-08,,2012-10-01,,2010-05-22,,2006.0,,16.0,,1135.43,,1232.47,,0.0,,Handwara Magam - Tulwari
11-01-001-00002-000174,,,,,,,,,,,,,,,,,,
11-01-001-00002-000175,,,,,,,,,,,,,,,,,,
11-01-001-00002-000176,,,,,,,,,,,,,,,,,,
11-01-001-00002-000177,,,,,,,,,,,,,,,,,,
11-01-001-00002-000178,,,,,,,,,,,,,,,,,,
11-01-001-00002-000179,,,,,,,,,,,,,,,,,,
11-01-001-00002-000180,,,,,,,,,,,,,,,,,,
11-01-001-00002-000181,,,,,,,,,,,,,,,,,,
11-01-001-00002-000182,,,,,,,,,,,,,,,,,,
11-01-001-00002-000183,,,,,,,,,,,,,,,,,,
11-01-001-00002-000184,,,,,,,,,,,,,,,,,,
11-01-001-00002-000185,,,,,,,,,,,,,,,,,,
11-01-001-00002-000186,,,,,,,,,,,,,,,,,,
11-01-001-00002-000187,,,,,,,,,,,,,,,,,,
11-01-001-00002-000188,,,,,,,,,,,,,,,,,,
11-01-001-00002-000189,,,,,,,,,,,,,,,,,,
11-01-001-00002-000190,,,,,,,,,,,,,,,,,,
11-01-001-00002-000191,,,,,,,,,,,,,,,,,,
11-01-001-00002-000192,,,,,,,,,,,,,,,,,,
11-01-001-00002-000193,,,,,,,,,,,,,,,,,,
11-01-001-00002-000194,,,,,,,,,,,,,,,,,,
11-01-001-00002-000195,,,,,,,,,,,,,,,,,,
11-01-001-00002-000196,,,,,,,,,,,,,,,,,,
11-01-001-00002-000197,,,,,,,,,,,,,,,,,,
11-01-001-00002-000198,,,,,,,,,,,,,,,,,,
11-01-001-00002-000199,,,,,,,,,,,,,,,,,,
11-01-001-00002-000200,,,,,,,,,,,,,,,,,,
11-01-001-00002-000201,,,,,,,,,,,,,,,,,,
11-01-001-00002-000202,,,,,,,,,,,,,,,,,,
11-01-001-00002-000203,,,,,,,,,,,,,,,,,,
11-01-001-00002-000204,,,,,,,,,,,,,,,,,,
11-01-001-00002-000205,,,,,,,,,,,,,,,,,,
11-01-001-00002-000206,,2011-04-09,,,,,,2007.0,,,,,,,,,,
11-01-001-00002-000207,,,,,,,,,,,,,,,,,,
11-01-001-00002-000208,,,,,,,,,,,,,,,,,,
11-01-001-00002-000209,,,,,,,,,,,,,,,,,,
11-01-001-00002-000210,,2008-11-15,,,,,,2006.0,,,,,,,,,,
11-01-001-00002-000211,,,,,,,,,,,,,,,,,,
11-01-001-00002-000212,,,,,,,,,,,,,,,,,,
11-01-001-00002-000213,,,,,,,,,,,,,,,,,,
11-01-001-00002-000214,,,,,,,,,,,,,,,,,,
11-01-001-00002-000215,,,,,,,,,,,,,,,,,,
11-01-001-00002-000216,,,,,,,,,,,,,,,,,,
11-01-001-00002-000217,,,,,,,,,,,,,,,,,,
11-01-001-00002-000218,,,,,,,,,,,,,,,,,,
11-01-001-00002-000219,,,,,,,,,,,,,,,,,,
11-01-001-00002-000220,,,,,,,,,,,,,,,,,,
11-01-001-00002-000221,,,,,,,,,,,,,,,,,,
11-01-001-00002-000222,,,,,,,,,,,,,,,,,,
11-01-001-00002-000223,,,,,,,,,,,,,,,,,,
11-01-001-00002-000224,,,,,,,,,,,,,,,,,,
11-01-001-00002-000225,,,,,,,,,,,,,,,,,,
11-01-001-00002-000226,,,,,,,,,,,,,,,,,,
11-01-001-00002-000227,,2008-11-08,,2012-10-01,,2010-05-22,,2006.0,,16.0,,1135.43,,1232.47,,0.0,,Handwara Magam - Tulwari
11-01-001-00002-000228,,2008-11-08,,2012-10-01,,2010-05-22,,2006.0,,16.0,,1135.43,,1232.47,,0.0,,Handwara Magam - Tulwari
11-01-001-00002-000229,,2008-11-08,,2012-10-01,,2010-05-22,,2006.0,,16.0,,1135.43,,1232.47,,0.0,,Handwara Magam - Tulwari
11-01-001-00002-000230,,,,,,,,,,,,,,,,,,
11-01-001-00002-000231,,,,,,,,,,,,,,,,,,
11-01-001-00002-000232,,,,,,,,,,,,,,,,,,
11-01-001-00002-000233,2008-12-19,,2010-09-01,,2009-09-29,,2006.0,,4.0,,82.81,,85.75,,0.0,,Zachaldara - Hamla,
11-01-001-00002-000234,,,,,,,,,,,,,,,,,,
11-01-001-00002-000235,,,,,,,,,,,,,,,,,,
11-01-001-00002-000236,,,,,,,,,,,,,,,,,,
11-01-001-00002-000237,,,,,,,,,,,,,,,,,,
11-01-001-00002-000238,2012-10-19,,,,,,2011.0,,,,,,,,,,,
11-01-001-00002-000239,,,,,,,,,,,,,,,,,,
11-01-001-00002-000240,,,,,,,,,,,,,,,,,,
11-01-001-00002-000241,,2010-11-26,,,,,,2007.0,,,,,,,,,,
11-01-001-00002-000242,2008-12-19,,2010-09-01,,2009-09-29,,2006.0,,4.0,,82.81,,85.75,,0.0,,Zachaldara - Hamla,
11-01-001-00002-000243,,,,,,,,,,,,,,,,,,
11-01-001-00002-000244,,,,,,,,,,,,,,,,,,
11-01-001-00002-000245,,,,,,,,,,,,,,,,,,
11-01-001-00002-000246,2010-12-06,,2013-08-01,,2011-12-05,,2007.0,,4.13,,180.62,,195.99,,0.0,,Taratpora - Hangnikoot,
11-01-001-00002-000247,,,,,,,,,,,,,,,,,,
11-01-001-00002-000248,2008-11-12,,2010-05-01,,2009-11-21,,2006.0,,4.13,,99.94,,102.93,,0.0,,Tarathpora - Hangnikot,
11-01-001-00002-000249,,,,,,,,,,,,,,,,,,
11-01-001-00002-000250,,,,,,,,,,,,,,,,,,
11-01-001-00002-000251,2010-12-01,,2013-08-01,,2011-12-15,,2003.0,,6.0,,261.51,,269.04,,0.0,,KAKROOSA TO ZAFFARKHANI WAISA KAWNAR,
11-01-001-00002-000252,2010-12-01,,2013-08-01,,2011-12-15,,2003.0,,6.0,,261.51,,269.04,,0.0,,KAKROOSA TO ZAFFARKHANI WAISA KAWNAR,
11-01-001-00002-000253,2012-11-26,,2011-10-01,,2012-10-23,,2003.0,,8.0,,327.16,,321.79,,0.0,,BEHNIPORA TO DOGRIPORA SARAMARG,
11-01-001-00002-000254,2008-11-01,,2013-10-01,,2009-08-12,,2006.0,,3.0,,92.74,,98.97,,0.0,,Behnipora-Rathanpora - Rohenzeb,
11-01-001-00002-000255,2012-11-26,,2011-10-01,,2012-10-23,,2003.0,,8.0,,327.16,,321.79,,0.0,,BEHNIPORA TO DOGRIPORA SARAMARG,
11-01-001-00002-000256,2011-03-12,,,,,,2007.0,,,,,,,,,,,
11-01-001-00002-000257,2012-11-26,,2011-10-01,,2012-10-23,,2003.0,,8.0,,327.16,,321.79,,0.0,,BEHNIPORA TO DOGRIPORA SARAMARG,
11-01-001-00002-000258,2008-11-01,,2010-05-01,,2009-08-10,,2006.0,,4.0,,80.05,,80.68,,0.0,,Satkojan - Dardhaji,
11-01-001-00002-000259,2012-06-04,,2012-10-01,,2012-06-20,,2004.0,,6.0,,71.21,,170.88,,0.0,,Waddar Payeen - Waddar Bala,
11-01-001-00002-000260,2008-11-01,,2010-12-01,,2009-11-14,,2006.0,,2.8,,119.6,,120.95,,0.0,,Behnipora - Nichama,
11-01-001-00002-000261,2009-12-26,,,,,,2006.0,,,,,,,,,,,
11-01-001-00002-000262,2011-03-08,,,,,,2007.0,,,,,,,,,,,
11-01-001-00002-000263,2008-12-04,,2010-06-01,,2009-09-14,,2006.0,,2.0,,71.24,,71.94,,0.0,,Nawgam - Anderdagi,
11-01-001-00002-000264,,,,,,,,,,,,,,,,,,
11-01-001-00002-000265,,,,,,,,,,,,,,,,,,
11-01-001-00002-000266,2008-12-15,,2010-12-01,,2009-12-29,,2006.0,,2.99,,97.56,,111.4,,0.0,,Drungsoo-kutlari - Khudi,
11-01-001-00002-000267,2008-12-15,,2010-12-01,,2009-12-29,,2006.0,,2.99,,97.56,,111.4,,0.0,,Drungsoo-kutlari - Khudi,
11-01-001-00002-000268,,,,,,,,,,,,,,,,,,
11-01-001-00002-000269,,2008-11-15,,,,,,2006.0,,,,,,,,,,
11-01-001-00002-000270,,2008-11-15,,,,,,2006.0,,,,,,,,,,
11-01-001-00002-000271,,2008-11-15,,,,,,2006.0,,,,,,,,,,
11-01-001-00002-000272,,2008-11-15,,,,,,2006.0,,,,,,,,,,
11-01-001-00002-000273,2012-09-17,,,,,,2011.0,,,,,,,,,,,
11-01-001-00002-000274,,,,,,,,,,,,,,,,,,
11-01-001-00002-000275,,,,,,,,,,,,,,,,,,
11-01-001-00002-000276,,2008-11-15,,,,,,2006.0,,,,,,,,,,
11-01-001-00002-000277,,2008-11-15,,,,,,2006.0,,,,,,,,,,
11-01-001-00002-000278,,,,,,,,,,,,,,,,,,
11-01-001-00002-000279,,,,,,,,,,,,,,,,,,
11-01-001-00002-000280,,,,,,,,,,,,,,,,,,
11-01-001-00002-000281,,,,,,,,,,,,,,,,,,
11-01-001-00002-000282,,,,,,,,,,,,,,,,,,
11-01-001-00002-000283,,,,,,,,,,,,,,,,,,
11-01-001-00002-000284,,2011-04-09,,,,,,2007.0,,,,,,,,,,
11-01-001-00002-000285,,2008-11-15,,,,,,2006.0,,,,,,,,,,
11-01-001-00002-000286,,2011-04-09,,,,,,2007.0,,,,,,,,,,
11-01-001-00002-000287,,2011-04-13,,,,,,2007.0,,,,,,,,,,
11-01-001-00002-000288,,2011-04-13,,,,,,2007.0,,,,,,,,,,
11-01-001-00002-000289,,,,,,,,,,,,,,,,,,
11-01-001-00002-000290,,,,,,,,,,,,,,,,,,
11-01-001-00002-000291,,,,,,,,,,,,,,,,,,
11-01-001-00002-000292,,,,,,,,,,,,,,,,,,
11-01-001-00002-000293,,,,,,,,,,,,,,,,,,
11-01-001-00002-000294,,,,,,,,,,,,,,,,,,
11-01-001-00002-000295,,,,,,,,,,,,,,,,,,
11-01-001-00002-000296,2003-07-15,,,,,,2001.0,,,,,,,,,,,
11-01-001-00002-000297,,,,,,,,,,,,,,,,,,
11-01-001-00002-000298,,,,,,,,,,,,,,,,,,
11-01-001-00002-000299,,,,,,,,,,,,,,,,,,
11-01-001-00002-000300,,,,,,,,,,,,,,,,,,
11-01-001-00002-000301,,,,,,,,,,,,,,,,,,
11-01-001-00002-000302,,,,,,,,,,,,,,,,,,
11-01-001-00002-000303,,,,,,,,,,,,,,,,,,
11-01-001-00002-000304,,,,,,,,,,,,,,,,,,
11-01-001-00002-000305,,,,,,,,,,,,,,,,,,
11-01-001-00002-000306,,,,,,,,,,,,,,,,,,
11-01-001-00002-000308,,,,,,,,,,,,,,,,,,
11-01-001-00002-000309,,,,,,,,,,,,,,,,,,
11-01-001-00002-000310,,,,,,,,,,,,,,,,,,
11-01-001-00002-000311,,,,,,,,,,,,,,,,,,
11-01-001-00002-000312,,,,,,,,,,,,,,,,,,
11-01-001-00002-000313,,,,,,,,,,,,,,,,,,
11-01-001-00002-000314,,,,,,,,,,,,,,,,,,
11-01-001-00002-000315,,,,,,,,,,,,,,,,,,
11-01-001-00002-000316,,,,,,,,,,,,,,,,,,
11-01-001-00002-000317,,,,,,,,,,,,,,,,,,
11-01-001-00002-000318,,,,,,,,,,,,,,,,,,
11-01-001-00002-000319,,,,,,,,,,,,,,,,,,
11-01-001-00002-000320,,,,,,,,,,,,,,,,,,
11-01-001-00002-000321,,,,,,,,,,,,,,,,,,
11-01-001-00002-000322,,,,,,,,,,,,,,,,,,
11-01-001-00002-000323,,,,,,,,,,,,,,,,,,
11-01-001-00002-000324,,,,,,,,,,,,,,,,,,
11-01-001-00002-000325,,,,,,,,,,,,,,,,,,
11-01-001-00002-000326,,,,,,,,,,,,,,,,,,
11-01-001-00002-000327,,,,,,,,,,,,,,,,,,
11-01-001-00003-000328,,,,,,,,,,,,,,,,,,
11-01-001-00003-000329,,,,,,,,,,,,,,,,,,
11-01-001-00003-000330,2012-06-02,,2013-03-01,,2012-12-16,,2006.0,,5.0,,305.91,,293.38,,0.0,,Teetwal - Tarbansiory Seemari,
11-01-001-00003-000331,,,,,,,,,,,,,,,,,,
11-01-001-00003-000332,,2011-05-27,,2013-12-01,,2012-12-04,,2007.0,,3.0,,336.48,,438.45,,0.0,,Chitterkote - Gundigujran
11-01-001-00003-000333,,2011-05-27,,2013-12-01,,2012-12-04,,2007.0,,3.0,,336.48,,438.45,,0.0,,Chitterkote - Gundigujran
11-01-001-00003-000334,,,,,,,,,,,,,,,,,,
11-01-001-00003-000335,,,,,,,,,,,,,,,,,,
11-01-001-00003-000336,,,,,,,,,,,,,,,,,,
11-01-001-00003-000337,,,,,,,,,,,,,,,,,,
11-01-001-00003-000338,,,,,,,,,,,,,,,,,,
11-01-001-00003-000339,,,,,,,,,,,,,,,,,,
11-01-001-00003-000340,,,,,,,,,,,,,,,,,,
11-01-001-00003-000341,,,,,,,,,,,,,,,,,,
11-01-001-00003-000342,,,,,,,,,,,,,,,,,,
11-01-001-00003-000343,,,,,,,,,,,,,,,,,,
11-01-001-00003-000344,,,,,,,,,,,,,,,,,,
11-01-001-00003-000345,,,,,,,,,,,,,,,,,,
11-01-001-00003-000346,,,,,,,,,,,,,,,,,,
11-01-001-00003-000347,,,,,,,,,,,,,,,,,,
11-01-001-00003-000348,,2011-05-27,,2013-12-01,,2012-12-04,,2007.0,,3.0,,336.48,,438.45,,0.0,,Chitterkote - Gundigujran
11-01-001-00003-000349,,,,,,,,,,,,,,,,,,
11-01-001-00003-000350,,,,,,,,,,,,,,,,,,
11-01-001-00003-000351,,,,,,,,,,,,,,,,,,
11-01-001-00003-000352,,,,,,,,,,,,,,,,,,
11-01-001-00003-000353,2008-10-20,,2012-09-01,,2009-10-29,,2006.0,,3.0,,102.78,,105.95,,0.0,,Sikh Bridge - Pingla Haridal,
11-01-001-00003-000354,,,,,,,,,,,,,,,,,,
11-01-001-00003-000355,,,,,,,,,,,,,,,,,,
11-01-001-00003-000356,,,,,,,,,,,,,,,,,,
11-01-001-00003-000357,2012-08-28,,,,,,2011.0,,,,,,,,,,,
11-01-001-00003-000358,,,,,,,,,,,,,,,,,,
11-01-001-00003-000359,2012-08-28,,,,,,2011.0,,,,,,,,,,,
11-01-001-00003-000360,2012-08-28,,,,,,2011.0,,,,,,,,,,,
11-01-001-00003-000361,,,,,,,,,,,,,,,,,,
11-01-001-00003-000362,,,,,,,,,,,,,,,,,,
11-01-001-00003-000364,,,,,,,,,,,,,,,,,,
11-01-001-00003-000365,,,,,,,,,,,,,,,,,,
11-01-001-00003-000366,,,,,,,,,,,,,,,,,,
11-01-001-00003-000367,,,,,,,,,,,,,,,,,,
11-01-001-00003-000369,,,,,,,,,,,,,,,,,,
11-01-001-00003-000370,,,,,,,,,,,,,,,,,,
11-01-002-00004-000371,,,,,,,,,,,,,,,,,,
11-01-002-00004-000372,,,,,,,,,,,,,,,,,,
11-01-002-00004-000373,,,,,,,,,,,,,,,,,,
11-01-002-00004-000374,,,,,,,,,,,,,,,,,,
11-01-002-00004-000375,,,,,,,,,,,,,,,,,,
11-01-002-00004-000376,,,,,,,,,,,,,,,,,,
11-01-002-00004-000377,,,,,,,,,,,,,,,,,,
11-01-002-00004-000378,,,,,,,,,,,,,,,,,,
11-01-002-00004-000379,,,,,,,,,,,,,,,,,,
11-01-002-00004-000380,,,,,,,,,,,,,,,,,,
11-01-002-00004-000381,,,,,,,,,,,,,,,,,,
11-01-002-00004-000382,,,,,,,,,,,,,,,,,,
11-01-002-00004-000383,,,,,,,,,,,,,,,,,,
11-01-002-00004-000384,,,,,,,,,,,,,,,,,,
11-01-002-00004-000385,,,,,,,,,,,,,,,,,,
11-01-002-00004-000386,,,,,,,,,,,,,,,,,,
11-01-002-00004-000387,,,,,,,,,,,,,,,,,,
11-01-002-00004-000388,,,,,,,,,,,,,,,,,,
11-01-002-00004-000389,,,,,,,,,,,,,,,,,,
11-01-002-00004-000390,,,,,,,,,,,,,,,,,,
11-01-002-00004-000391,,,,,,,,,,,,,,,,,,
11-01-002-00004-000392,,,,,,,,,,,,,,,,,,
11-01-002-00004-000393,,,,,,,,,,,,,,,,,,
11-01-002-00004-000394,,,,,,,,,,,,,,,,,,
11-01-002-00004-000395,,,,,,,,,,,,,,,,,,
11-01-002-00004-000396,,,,,,,,,,,,,,,,,,
11-01-002-00004-000397,,,,,,,,,,,,,,,,,,
11-01-002-00004-000398,,,,,,,,,,,,,,,,,,
11-01-002-00004-000399,,,,,,,,,,,,,,,,,,
11-01-002-00004-000400,,,,,,,,,,,,,,,,,,
11-01-002-00004-000401,,,,,,,,,,,,,,,,,,
11-01-002-00004-000402,,,,,,,,,,,,,,,,,,
11-01-002-00004-000403,,,,,,,,,,,,,,,,,,
11-01-002-00004-000404,,,,,,,,,,,,,,,,,,
11-01-002-00004-000405,,,,,,,,,,,,,,,,,,
11-01-002-00004-000406,,,,,,,,,,,,,,,,,,
11-01-002-00004-000407,,,,,,,,,,,,,,,,,,
11-01-002-00004-000408,,,,,,,,,,,,,,,,,,
11-01-002-00004-000409,,,,,,,,,,,,,,,,,,
11-01-002-00004-000410,,,,,,,,,,,,,,,,,,
11-01-002-00004-000411,,,,,,,,,,,,,,,,,,
11-01-002-00004-000412,,,,,,,,,,,,,,,,,,
11-01-002-00004-000413,,,,,,,,,,,,,,,,,,
11-01-002-00004-000414,,,,,,,,,,,,,,,,,,
11-01-002-00004-000415,,,,,,,,,,,,,,,,,,
11-01-002-00004-000416,,,,,,,,,,,,,,,,,,
11-01-002-00004-000417,,,,,,,,,,,,,,,,,,
11-01-002-00004-000418,,,,,,,,,,,,,,,,,,
11-01-002-00004-000523,,,,,,,,,,,,,,,,,,
11-01-002-00005-000419,,,,,,,,,,,,,,,,,,
11-01-002-00005-000420,,,,,,,,,,,,,,,,,,
11-01-002-00005-000421,2009-01-02,,2010-11-01,,2010-01-01,,2006.0,,5.5,,175.61,,181.21,,0.0,,T01 Km 2nd - Arampora,
11-01-002-00005-000422,,,,,,,,,,,,,,,,,,
11-01-002-00005-000423,2011-03-08,,2014-03-01,,2012-03-18,,2007.0,,3.0,,90.36,,182.5,,0.0,,L022 KM 5th - Lahoricheck,
11-01-002-00005-000424,,,,,,,,,,,,,,,,,,
11-01-002-00005-000425,,,,,,,,,,,,,,,,,,
11-01-002-00005-000426,,,,,,,,,,,,,,,,,,
11-01-002-00005-000427,,,,,,,,,,,,,,,,,,
11-01-002-00005-000428,,,,,,,,,,,,,,,,,,
11-01-002-00005-000429,,,,,,,,,,,,,,,,,,
11-01-002-00005-000430,,,,,,,,,,,,,,,,,,
11-01-002-00005-000431,,,,,,,,,,,,,,,,,,
11-01-002-00005-000432,,,,,,,,,,,,,,,,,,
11-01-002-00005-000433,,,,,,,,,,,,,,,,,,
11-01-002-00005-000434,,,,,,,,,,,,,,,,,,
11-01-002-00005-000435,2011-04-09,,,,,,2007.0,,,,,,,,,,,
11-01-002-00005-000436,,,,,,,,,,,,,,,,,,
11-01-002-00005-000437,,,,,,,,,,,,,,,,,,
11-01-002-00005-000438,,,,,,,,,,,,,,,,,,
11-01-002-00005-000439,,,,,,,,,,,,,,,,,,
11-01-002-00005-000440,,,,,,,,,,,,,,,,,,
11-01-002-00005-000441,,,,,,,,,,,,,,,,,,
11-01-002-00005-000442,,,,,,,,,,,,,,,,,,
11-01-002-00005-000443,,,,,,,,,,,,,,,,,,
11-01-002-00005-000444,,,,,,,,,,,,,,,,,,
11-01-002-00005-000445,,,,,,,,,,,,,,,,,,
11-01-002-00005-000446,,,,,,,,,,,,,,,,,,
11-01-002-00005-000447,,,,,,,,,,,,,,,,,,
11-01-002-00005-000448,,,,,,,,,,,,,,,,,,
11-01-002-00005-000449,,,,,,,,,,,,,,,,,,
11-01-002-00005-000450,,,,,,,,,,,,,,,,,,
11-01-002-00005-000451,,,,,,,,,,,,,,,,,,
11-01-002-00005-000452,,,,,,,,,,,,,,,,,,
11-01-002-00005-000453,,,,,,,,,,,,,,,,,,
11-01-002-00005-000454,,,,,,,,,,,,,,,,,,
11-01-002-00005-000455,,,,,,,,,,,,,,,,,,
11-01-002-00005-000456,,,,,,,,,,,,,,,,,,
11-01-002-00005-000457,,,,,,,,,,,,,,,,,,
11-01-002-00005-000458,,,,,,,,,,,,,,,,,,
11-01-002-00005-000459,,,,,,,,,,,,,,,,,,
11-01-002-00005-000460,,,,,,,,,,,,,,,,,,
11-01-002-00005-000461,,,,,,,,,,,,,,,,,,
11-01-002-00005-000462,,,,,,,,,,,,,,,,,,
11-01-002-00005-000463,,,,,,,,,,,,,,,,,,
11-01-002-00005-000464,,,,,,,,,,,,,,,,,,
11-01-002-00005-000465,,,,,,,,,,,,,,,,,,
11-01-002-00005-000466,,,,,,,,,,,,,,,,,,
11-01-002-00005-000467,2008-06-21,,2011-07-01,,2009-06-30,,2006.0,,2.34,,118.14,,120.99,,0.0,,Poonch Gund - Bonhama,
11-01-002-00005-000468,,,,,,,,,,,,,,,,,,
11-01-002-00005-000470,,,,,,,,,,,,,,,,,,
11-01-002-00005-000471,2008-10-03,,2014-12-01,,2010-04-12,,2006.0,,4.0,,252.13,,265.46,,0.0,,Parthan - Lassipora,
11-01-002-00005-000472,2008-10-03,,2012-07-01,,2010-04-12,,2006.0,,3.36,,231.38,,261.65,,0.0,,Utligam - Bappet,
11-01-002-00005-000473,2008-10-03,,2012-07-01,,2010-04-12,,2006.0,,3.36,,231.38,,261.65,,0.0,,Utligam - Bappet,
11-01-002-00005-000474,2008-10-03,,2012-07-01,,2010-04-12,,2006.0,,3.36,,231.38,,261.65,,0.0,,Utligam - Bappet,
11-01-002-00005-000475,2002-12-14,,2005-11-01,,2003-12-23,,2001.0,,1.33,,40.64,,41.54,,0.0,,Charrangam to Mamgund,
11-01-002-00005-000476,,,,,,,,,,,,,,,,,,
11-01-002-00005-000477,,,,,,,,,,,,,,,,,,
11-01-002-00005-000478,,,,,,,,,,,,,,,,,,
11-01-002-00005-000479,,,,,,,,,,,,,,,,,,
11-01-002-00005-000481,,,,,,,,,,,,,,,,,,
11-01-002-00005-000482,,,,,,,,,,,,,,,,,,
11-01-002-00005-000483,,,,,,,,,,,,,,,,,,
11-01-002-00005-000484,,,,,,,,,,,,,,,,,,
11-01-002-00005-000485,,,,,,,,,,,,,,,,,,
11-01-002-00005-000486,,,,,,,,,,,,,,,,,,
11-01-002-00005-000487,,,,,,,,,,,,,,,,,,
11-01-002-00005-000488,,,,,,,,,,,,,,,,,,
11-01-002-00005-000489,,,,,,,,,,,,,,,,,,
11-01-002-00005-000490,,,,,,,,,,,,,,,,,,
11-01-002-00005-000491,,,,,,,,,,,,,,,,,,
11-01-002-00005-000492,,,,,,,,,,,,,,,,,,
11-01-002-00005-000493,,,,,,,,,,,,,,,,,,
11-01-002-00005-000494,,,,,,,,,,,,,,,,,,
11-01-002-00005-000495,,,,,,,,,,,,,,,,,,
11-01-002-00005-000496,2011-04-16,,,,,,2007.0,,,,,,,,,,,
11-01-002-00005-000497,,,,,,,,,,,,,,,,,,
11-01-002-00005-000498,,,,,,,,,,,,,,,,,,
11-01-002-00005-000499,,,,,,,,,,,,,,,,,,
11-01-002-00005-000500,,,,,,,,,,,,,,,,,,
11-01-002-00005-000501,,,,,,,,,,,,,,,,,,
11-01-002-00005-000502,,,,,,,,,,,,,,,,,,
11-01-002-00005-000503,,,,,,,,,,,,,,,,,,
11-01-002-00005-000504,,,,,,,,,,,,,,,,,,
11-01-002-00005-000506,,,,,,,,,,,,,,,,,,
11-01-002-00005-000507,2011-03-10,,2013-05-01,,2012-03-30,,2007.0,,1.5,,40.86,,49.21,,0.0,,L030 KM 5th RD 200 - Waterpora,
11-01-002-00005-000508,,,,,,,,,,,,,,,,,,
11-01-002-00005-000509,,,,,,,,,,,,,,,,,,
11-01-002-00005-000510,2008-10-13,,2012-05-01,,2009-07-22,,2006.0,,1.7,,65.7,,83.63,,0.0,,Bonzaingam - Latuna,
11-01-002-00005-000511,,,,,,,,,,,,,,,,,,
11-01-002-00005-000512,,,,,,,,,,,,,,,,,,
11-01-002-00005-000513,,,,,,,,,,,,,,,,,,
11-01-002-00005-000514,,,,,,,,,,,,,,,,,,
11-01-002-00005-000515,,,,,,,,,,,,,,,,,,
11-01-002-00005-000516,,,,,,,,,,,,,,,,,,
11-01-002-00005-000517,2011-06-22,,2014-11-01,,2012-04-30,,2007.0,,1.5,,48.74,,63.32,,0.0,,L030 KM 5th RD 450 - Ganjlalpora,
11-01-002-00005-000518,,,,,,,,,,,,,,,,,,
11-01-002-00005-000519,,,,,,,,,,,,,,,,,,
11-01-002-00005-000520,,,,,,,,,,,,,,,,,,
11-01-002-00005-000521,,,,,,,,,,,,,,,,,,
11-01-002-00005-000522,,,,,,,,,,,,,,,,,,
11-01-002-00006-000524,,,,,,,,,,,,,,,,,,
11-01-002-00006-000525,,,,,,,,,,,,,,,,,,
11-01-002-00006-000526,2008-08-02,,2011-07-01,,2009-05-11,,2006.0,,1.35,,74.36,,80.08,,0.0,,Main Road Waterihal Arizal - Km 5th Kulhama,
11-01-002-00006-000527,,,,,,,,,,,,,,,,,,
11-01-002-00006-000528,,,,,,,,,,,,,,,,,,
11-01-002-00006-000529,,,,,,,,,,,,,,,,,,
11-01-002-00006-000530,,,,,,,,,,,,,,,,,,
11-01-002-00006-000531,2011-02-04,,2012-01-01,,2012-02-14,,2007.0,,1.15,,36.55,,42.01,,0.0,,Keenora - Gundapahah,
11-01-002-00006-000532,,,,,,,,,,,,,,,,,,
11-01-002-00006-000533,,,,,,,,,,,,,,,,,,
11-01-002-00006-000534,,,,,,,,,,,,,,,,,,
11-01-002-00006-000535,,,,,,,,,,,,,,,,,,
11-01-002-00006-000536,,,,,,,,,,,,,,,,,,
11-01-002-00006-000537,,,,,,,,,,,,,,,,,,
11-01-002-00006-000538,,,,,,,,,,,,,,,,,,
11-01-002-00006-000539,,,,,,,,,,,,,,,,,,
11-01-002-00006-000540,,,,,,,,,,,,,,,,,,
11-01-002-00006-000541,2006-11-09,,2010-03-01,,2007-11-08,,2004.0,,5.0,,108.64,,115.4,,0.0,,Lassipora - Ringzabal,
11-01-002-00006-000542,2006-11-09,,2010-03-01,,2007-11-08,,2004.0,,5.0,,108.64,,115.4,,0.0,,Lassipora - Ringzabal,
11-01-002-00006-000543,,,,,,,,,,,,,,,,,,
11-01-002-00006-000544,,,,,,,,,,,,,,,,,,
11-01-002-00006-000545,,2013-08-24,,2015-01-01,,2014-09-03,,2006.0,,12.0,,538.94,,588.43,,0.0,,Arizal - Waterihal
11-01-002-00006-000546,,,,,,,,,,,,,,,,,,
11-01-002-00006-000547,,,,,,,,,,,,,,,,,,
11-01-002-00006-000548,,,,,,,,,,,,,,,,,,
11-01-002-00006-000549,,,,,,,,,,,,,,,,,,
11-01-002-00006-000550,,,,,,,,,,,,,,,,,,
11-01-002-00006-000551,2005-04-25,,2007-03-01,,2006-01-24,,2003.0,,1.64,,32.14,,48.06,,0.0,,REYAR TO REKHAYEE VIA REYAR BEERU,
11-01-002-00006-000552,,,,,,,,,,,,,,,,,,
11-01-002-00006-000553,,,,,,,,,,,,,,,,,,
11-01-002-00006-000554,2006-11-09,,2010-03-01,,2007-11-08,,2004.0,,5.0,,108.64,,115.4,,0.0,,Lassipora - Ringzabal,
11-01-002-00006-000555,,,,,,,,,,,,,,,,,,
11-01-002-00006-000556,,,,,,,,,,,,,,,,,,
11-01-002-00006-000557,,,,,,,,,,,,,,,,,,
11-01-002-00006-000558,,,,,,,,,,,,,,,,,,
11-01-002-00006-000559,,,,,,,,,,,,,,,,,,
11-01-002-00006-000560,,,,,,,,,,,,,,,,,,
11-01-002-00006-000561,,,,,,,,,,,,,,,,,,
11-01-002-00006-000562,,2013-08-24,,2015-01-01,,2014-09-03,,2006.0,,12.0,,538.94,,588.43,,0.0,,Arizal - Waterihal
11-01-002-00006-000563,,,,,,,,,,,,,,,,,,
11-01-002-00006-000564,,,,,,,,,,,,,,,,,,
11-01-002-00006-000565,,,,,,,,,,,,,,,,,,
11-01-002-00006-000566,,,,,,,,,,,,,,,,,,
11-01-002-00006-000567,,,,,,,,,,,,,,,,,,
11-01-002-00006-000568,,,,,,,,,,,,,,,,,,
11-01-002-00006-000569,,,,,,,,,,,,,,,,,,
11-01-002-00006-000570,,,,,,,,,,,,,,,,,,
11-01-002-00006-000572,,,,,,,,,,,,,,,,,,
11-01-002-00006-000573,,,,,,,,,,,,,,,,,,
11-01-002-00006-000574,,,,,,,,,,,,,,,,,,
11-01-002-00006-000575,,,,,,,,,,,,,,,,,,
11-01-002-00006-000576,,,,,,,,,,,,,,,,,,
11-01-002-00006-000577,,,,,,,,,,,,,,,,,,
11-01-002-00006-000578,,,,,,,,,,,,,,,,,,
11-01-002-00006-000579,,,,,,,,,,,,,,,,,,
11-01-002-00006-000580,,,,,,,,,,,,,,,,,,
11-01-002-00006-000581,,,,,,,,,,,,,,,,,,
11-01-002-00006-000582,,,,,,,,,,,,,,,,,,
11-01-002-00006-000583,,,,,,,,,,,,,,,,,,
11-01-002-00006-000584,,,,,,,,,,,,,,,,,,
11-01-002-00006-000585,,,,,,,,,,,,,,,,,,
11-01-002-00006-000586,2005-05-14,,2008-09-01,,2006-02-13,,2003.0,,3.93,,168.45,,190.35,,0.0,,CHECKSHERA TO SHEIKH WADIPORA,
11-01-002-00006-000587,,,,,,,,,,,,,,,,,,
11-01-002-00006-000588,,,,,,,,,,,,,,,,,,
11-01-002-00006-000589,,,,,,,,,,,,,,,,,,
11-01-002-00006-000590,,,,,,,,,,,,,,,,,,
11-01-002-00006-000591,,,,,,,,,,,,,,,,,,
11-01-002-00006-000592,,,,,,,,,,,,,,,,,,
11-01-002-00006-000593,,,,,,,,,,,,,,,,,,
11-01-002-00006-000594,,,,,,,,,,,,,,,,,,
11-01-002-00006-000595,,,,,,,,,,,,,,,,,,
11-01-002-00006-000596,,,,,,,,,,,,,,,,,,
11-01-002-00006-000597,,,,,,,,,,,,,,,,,,
11-01-002-00006-000598,,,,,,,,,,,,,,,,,,
11-01-002-00006-000599,,,,,,,,,,,,,,,,,,
11-01-002-00006-000600,,,,,,,,,,,,,,,,,,
11-01-002-00006-000601,,,,,,,,,,,,,,,,,,
11-01-002-00006-000602,2006-10-12,,2010-10-01,,2007-10-26,,2004.0,,5.0,,151.64,,190.32,,0.0,,Arigam - Frestiwar via shalinar,
11-01-002-00006-000603,2006-10-12,,2010-10-01,,2007-10-26,,2004.0,,5.0,,151.64,,190.32,,0.0,,Arigam - Frestiwar via shalinar,
11-01-002-00006-000605,,,,,,,,,,,,,,,,,,
11-01-002-00006-000606,,,,,,,,,,,,,,,,,,
11-01-002-00006-000608,,,,,,,,,,,,,,,,,,
11-01-002-00006-000609,,,,,,,,,,,,,,,,,,
11-01-002-00006-000610,,,,,,,,,,,,,,,,,,
11-01-002-00006-000611,,,,,,,,,,,,,,,,,,
11-01-002-00006-000612,,,,,,,,,,,,,,,,,,
11-01-002-00006-000613,,,,,,,,,,,,,,,,,,
11-01-002-00006-000614,,,,,,,,,,,,,,,,,,
11-01-002-00006-000615,,,,,,,,,,,,,,,,,,
11-01-002-00006-000616,,,,,,,,,,,,,,,,,,
11-01-002-00006-000617,2006-12-23,,2010-04-01,,2007-12-30,,2004.0,,2.52,,52.33,,75.1,,0.0,,Checki Shera - Trajkhal via checki Qudoos,
11-01-002-00006-000618,,,,,,,,,,,,,,,,,,
11-01-002-00006-000619,2005-04-25,,2008-03-01,,2006-01-24,,2003.0,,1.12,,18.2,,33.92,,0.0,,MUJAPATHRI TO LANILAB,
11-01-002-00006-000620,,,,,,,,,,,,,,,,,,
11-01-002-00006-000621,,,,,,,,,,,,,,,,,,
11-01-002-00006-000622,,,,,,,,,,,,,,,,,,
11-01-002-00007-000623,,,,,,,,,,,,,,,,,,
11-01-002-00007-000624,,,,,,,,,,,,,,,,,,
11-01-002-00007-000625,,,,,,,,,,,,,,,,,,
11-01-002-00007-000626,,,,,,,,,,,,,,,,,,
11-01-002-00007-000627,,,,,,,,,,,,,,,,,,
11-01-002-00007-000628,,,,,,,,,,,,,,,,,,
11-01-002-00007-000629,,,,,,,,,,,,,,,,,,
11-01-002-00007-000630,,,,,,,,,,,,,,,,,,
11-01-002-00007-000631,,,,,,,,,,,,,,,,,,
11-01-002-00007-000632,,,,,,,,,,,,,,,,,,
11-01-002-00007-000633,,,,,,,,,,,,,,,,,,
11-01-002-00007-000634,,,,,,,,,,,,,,,,,,
11-01-002-00007-000635,,,,,,,,,,,,,,,,,,
11-01-002-00007-000636,,,,,,,,,,,,,,,,,,
11-01-002-00007-000637,,,,,,,,,,,,,,,,,,
11-01-002-00007-000638,,,,,,,,,,,,,,,,,,
11-01-002-00007-000639,,,,,,,,,,,,,,,,,,
11-01-002-00007-000640,,,,,,,,,,,,,,,,,,
11-01-002-00007-000641,,,,,,,,,,,,,,,,,,
11-01-002-00007-000642,,,,,,,,,,,,,,,,,,
11-01-002-00007-000643,,,,,,,,,,,,,,,,,,
11-01-002-00007-000644,,,,,,,,,,,,,,,,,,
11-01-002-00007-000645,,,,,,,,,,,,,,,,,,
11-01-002-00007-000646,,,,,,,,,,,,,,,,,,
11-01-002-00007-000647,,,,,,,,,,,,,,,,,,
11-01-002-00007-000648,,,,,,,,,,,,,,,,,,
11-01-002-00007-000649,,,,,,,,,,,,,,,,,,
11-01-002-00007-000650,,,,,,,,,,,,,,,,,,
11-01-002-00007-000651,,,,,,,,,,,,,,,,,,
11-01-002-00007-000652,,,,,,,,,,,,,,,,,,
11-01-002-00007-000653,,,,,,,,,,,,,,,,,,
11-01-002-00007-000654,,,,,,,,,,,,,,,,,,
11-01-002-00007-000655,,,,,,,,,,,,,,,,,,
11-01-002-00007-000656,,,,,,,,,,,,,,,,,,
11-01-002-00007-000657,,,,,,,,,,,,,,,,,,
11-01-002-00007-000658,,,,,,,,,,,,,,,,,,
11-01-002-00007-000659,,,,,,,,,,,,,,,,,,
11-01-002-00007-000660,,,,,,,,,,,,,,,,,,
11-01-002-00007-000661,,,,,,,,,,,,,,,,,,
11-01-002-00007-000662,,,,,,,,,,,,,,,,,,
11-01-002-00007-000663,,,,,,,,,,,,,,,,,,
11-01-002-00007-000664,,,,,,,,,,,,,,,,,,
11-01-002-00007-000665,,,,,,,,,,,,,,,,,,
11-01-002-00007-000666,,,,,,,,,,,,,,,,,,
11-01-002-00007-000667,,,,,,,,,,,,,,,,,,
11-01-002-00007-000668,,,,,,,,,,,,,,,,,,
11-01-002-00007-000669,,,,,,,,,,,,,,,,,,
11-01-002-00007-000670,,,,,,,,,,,,,,,,,,
11-01-002-00007-000671,,,,,,,,,,,,,,,,,,
11-01-002-00007-000672,,,,,,,,,,,,,,,,,,
11-01-002-00007-000673,,,,,,,,,,,,,,,,,,
11-01-002-00007-000675,,,,,,,,,,,,,,,,,,
11-01-002-00007-000676,,,,,,,,,,,,,,,,,,
11-01-002-00007-000677,,,,,,,,,,,,,,,,,,
11-01-002-00007-000678,,,,,,,,,,,,,,,,,,
11-01-002-00007-000679,,,,,,,,,,,,,,,,,,
11-01-002-00007-000680,,,,,,,,,,,,,,,,,,
11-01-002-00007-000681,,,,,,,,,,,,,,,,,,
11-01-002-00007-000683,2011-03-08,,,,,,2007.0,,,,,,,,,,,
11-01-002-00007-000684,,,,,,,,,,,,,,,,,,
11-01-002-00007-000685,,,,,,,,,,,,,,,,,,
11-01-002-00007-000686,,,,,,,,,,,,,,,,,,
11-01-002-00007-000687,2008-08-24,,,,,,2006.0,,,,,,,,,,,
11-01-002-00007-000688,,,,,,,,,,,,,,,,,,
11-01-002-00007-000689,,,,,,,,,,,,,,,,,,
11-01-002-00007-000690,,,,,,,,,,,,,,,,,,
11-01-002-00007-000691,,,,,,,,,,,,,,,,,,
11-01-002-00007-000692,2011-02-08,,2013-04-01,,2012-08-18,,2007.0,,3.0,,270.81,,365.99,,0.0,,Choon - Nagrathkhah,
11-01-002-00007-000693,,,,,,,,,,,,,,,,,,
11-01-002-00007-000694,,,,,,,,,,,,,,,,,,
11-01-002-00007-000695,,,,,,,,,,,,,,,,,,
11-01-002-00007-000696,2011-02-07,,2012-10-01,,2012-08-17,,2007.0,,3.86,,216.13,,297.1,,0.0,,T03 KM 7th RD 100 - Mushbagh,
11-01-002-00007-000697,,,,,,,,,,,,,,,,,,
11-01-002-00007-000698,,,,,,,,,,,,,,,,,,
11-01-002-00007-000699,,,,,,,,,,,,,,,,,,
11-01-002-00007-000700,,,,,,,,,,,,,,,,,,
11-01-002-00007-000701,,,,,,,,,,,,,,,,,,
11-01-002-00007-000702,,,,,,,,,,,,,,,,,,
11-01-002-00007-000703,,,,,,,,,,,,,,,,,,
11-01-002-00007-000704,,,,,,,,,,,,,,,,,,
11-01-002-00007-000705,,,,,,,,,,,,,,,,,,
11-01-002-00007-000706,,,,,,,,,,,,,,,,,,
11-01-002-00007-000707,,,,,,,,,,,,,,,,,,
11-01-002-00007-000708,2008-11-05,,2011-08-01,,2009-08-14,,2006.0,,2.0,,76.86,,85.34,,0.0,,L044 Km 5th - Bandaybagh,
11-01-002-00007-000709,,,,,,,,,,,,,,,,,,
11-01-002-00007-000710,,,,,,,,,,,,,,,,,,
11-01-002-00007-000711,,,,,,,,,,,,,,,,,,
11-01-002-00007-000712,,,,,,,,,,,,,,,,,,
11-01-002-00007-000713,,,,,,,,,,,,,,,,,,
11-01-002-00007-000714,,,,,,,,,,,,,,,,,,
11-01-002-00007-000716,,,,,,,,,,,,,,,,,,
11-01-002-00007-000717,,,,,,,,,,,,,,,,,,
11-01-002-00007-000718,,,,,,,,,,,,,,,,,,
11-01-002-00007-000719,,,,,,,,,,,,,,,,,,
11-01-002-00007-000720,,,,,,,,,,,,,,,,,,
11-01-002-00008-000721,,,,,,,,,,,,,,,,,,
11-01-002-00008-000722,,,,,,,,,,,,,,,,,,
11-01-002-00008-000723,,,,,,,,,,,,,,,,,,
11-01-002-00008-000724,,,,,,,,,,,,,,,,,,
11-01-002-00008-000725,,,,,,,,,,,,,,,,,,
11-01-002-00008-000726,,,,,,,,,,,,,,,,,,
11-01-002-00008-000727,,,,,,,,,,,,,,,,,,
11-01-002-00008-000728,,,,,,,,,,,,,,,,,,
11-01-002-00008-000729,,,,,,,,,,,,,,,,,,
11-01-002-00008-000730,,,,,,,,,,,,,,,,,,
11-01-002-00008-000731,,,,,,,,,,,,,,,,,,
11-01-002-00008-000732,,,,,,,,,,,,,,,,,,
11-01-002-00008-000733,2004-04-06,,2008-11-01,,2004-04-15,,2001.0,,3.0,,64.79,,83.34,,0.0,,Puhroo to Rakhshalina,
11-01-002-00008-000735,,,,,,,,,,,,,,,,,,
11-01-002-00008-000736,,,,,,,,,,,,,,,,,,
11-01-002-00008-000737,,,,,,,,,,,,,,,,,,
11-01-002-00008-000738,,,,,,,,,,,,,,,,,,
11-01-002-00008-000739,,,,,,,,,,,,,,,,,,
11-01-002-00008-000740,,,,,,,,,,,,,,,,,,
11-01-002-00008-000741,,,,,,,,,,,,,,,,,,
11-01-002-00008-000742,,,,,,,,,,,,,,,,,,
11-01-002-00008-000743,,,,,,,,,,,,,,,,,,
11-01-002-00008-000744,,,,,,,,,,,,,,,,,,
11-01-002-00008-000745,,,,,,,,,,,,,,,,,,
11-01-002-00008-000746,,,,,,,,,,,,,,,,,,
11-01-002-00008-000747,,,,,,,,,,,,,,,,,,
11-01-002-00008-000748,,,,,,,,,,,,,,,,,,
11-01-002-00008-000749,,,,,,,,,,,,,,,,,,
11-01-002-00008-000751,,,,,,,,,,,,,,,,,,
11-01-002-00008-000752,,,,,,,,,,,,,,,,,,
11-01-002-00008-000753,,,,,,,,,,,,,,,,,,
11-01-002-00008-000754,,,,,,,,,,,,,,,,,,
11-01-002-00008-000755,,,,,,,,,,,,,,,,,,
11-01-002-00008-000756,,,,,,,,,,,,,,,,,,
11-01-002-00008-000757,,,,,,,,,,,,,,,,,,
11-01-002-00008-000758,,,,,,,,,,,,,,,,,,
11-01-002-00008-000759,,,,,,,,,,,,,,,,,,
11-01-002-00008-000760,,,,,,,,,,,,,,,,,,
11-01-002-00008-000761,,,,,,,,,,,,,,,,,,
11-01-002-00008-000762,,2009-06-24,,2012-07-01,,2011-01-03,,2006.0,,7.21,,411.59,,445.3,,0.0,,Chadoora - Kuzwera
11-01-002-00008-000763,,2009-06-24,,2012-07-01,,2011-01-03,,2006.0,,7.21,,411.59,,445.3,,0.0,,Chadoora - Kuzwera
11-01-002-00008-000764,,,,,,,,,,,,,,,,,,
11-01-002-00008-000765,,,,,,,,,,,,,,,,,,
11-01-002-00008-000766,,,,,,,,,,,,,,,,,,
11-01-002-00008-000767,,,,,,,,,,,,,,,,,,
11-01-002-00008-000768,,,,,,,,,,,,,,,,,,
11-01-002-00008-000769,,,,,,,,,,,,,,,,,,
11-01-002-00008-000770,,2009-06-24,,2012-07-01,,2011-01-03,,2006.0,,7.21,,411.59,,445.3,,0.0,,Chadoora - Kuzwera
11-01-002-00008-000771,,,,,,,,,,,,,,,,,,
11-01-002-00008-000772,,,,,,,,,,,,,,,,,,
11-01-002-00008-000773,,,,,,,,,,,,,,,,,,
11-01-002-00008-000774,,,,,,,,,,,,,,,,,,
11-01-002-00008-000775,,,,,,,,,,,,,,,,,,
11-01-002-00008-000776,,,,,,,,,,,,,,,,,,
11-01-002-00008-000777,,,,,,,,,,,,,,,,,,
11-01-002-00008-000778,,,,,,,,,,,,,,,,,,
11-01-002-00008-000779,,,,,,,,,,,,,,,,,,
11-01-002-00008-000780,,,,,,,,,,,,,,,,,,
11-01-002-00008-000781,,,,,,,,,,,,,,,,,,
11-01-002-00008-000782,,,,,,,,,,,,,,,,,,
11-01-002-00008-000783,,,,,,,,,,,,,,,,,,
11-01-002-00008-000784,,,,,,,,,,,,,,,,,,
11-01-002-00008-000785,,,,,,,,,,,,,,,,,,
11-01-002-00008-000786,,,,,,,,,,,,,,,,,,
11-01-002-00008-000787,,,,,,,,,,,,,,,,,,
11-01-002-00008-000789,,,,,,,,,,,,,,,,,,
11-01-002-00008-000790,,,,,,,,,,,,,,,,,,
11-01-002-00008-000791,,,,,,,,,,,,,,,,,,
11-01-002-00008-000792,,,,,,,,,,,,,,,,,,
11-01-002-00008-000793,,,,,,,,,,,,,,,,,,
11-01-002-00008-000794,,,,,,,,,,,,,,,,,,
11-01-002-00008-000795,,,,,,,,,,,,,,,,,,
11-01-002-00008-000796,,,,,,,,,,,,,,,,,,
11-01-002-00008-000797,,,,,,,,,,,,,,,,,,
11-01-002-00008-000798,,,,,,,,,,,,,,,,,,
11-01-002-00008-000799,,,,,,,,,,,,,,,,,,
11-01-002-00008-000800,,,,,,,,,,,,,,,,,,
11-01-002-00008-000801,,,,,,,,,,,,,,,,,,
11-01-002-00008-000802,,,,,,,,,,,,,,,,,,
11-01-002-00008-000803,,,,,,,,,,,,,,,,,,
11-01-002-00008-000805,,,,,,,,,,,,,,,,,,
11-01-002-00008-000806,2010-11-08,,,,,,2007.0,,,,,,,,,,,
11-01-002-00008-000807,2010-11-08,,,,,,2007.0,,,,,,,,,,,
11-01-002-00008-000809,,,,,,,,,,,,,,,,,,
11-01-002-00008-000810,,,,,,,,,,,,,,,,,,
11-01-002-00008-000811,,,,,,,,,,,,,,,,,,
11-01-002-00008-000812,,,,,,,,,,,,,,,,,,
11-01-002-00008-000813,,,,,,,,,,,,,,,,,,
11-01-002-00008-000814,,,,,,,,,,,,,,,,,,
11-01-002-00008-000815,,,,,,,,,,,,,,,,,,
11-01-002-00008-000816,,,,,,,,,,,,,,,,,,
11-01-002-00008-000817,,,,,,,,,,,,,,,,,,
11-01-002-00008-000818,,,,,,,,,,,,,,,,,,
11-01-002-00008-000819,,,,,,,,,,,,,,,,,,
11-01-002-00008-000820,,,,,,,,,,,,,,,,,,
11-01-002-00008-000821,,,,,,,,,,,,,,,,,,
11-01-002-00008-000822,2003-04-08,,2007-10-01,,2005-04-17,,2001.0,,4.0,,126.11,,113.84,,0.0,,Negoo to Jabad,
11-01-002-00008-000823,,,,,,,,,,,,,,,,,,
11-01-002-00008-000824,,,,,,,,,,,,,,,,,,
11-01-002-00008-000825,2010-11-08,,,,,,2007.0,,,,,,,,,,,
11-01-002-00008-000826,,,,,,,,,,,,,,,,,,
11-01-002-00008-000827,,,,,,,,,,,,,,,,,,
11-01-002-00008-000828,,2009-06-24,,2012-07-01,,2011-01-03,,2006.0,,7.21,,411.59,,445.3,,0.0,,Chadoora - Kuzwera
11-01-002-00008-000829,,,,,,,,,,,,,,,,,,
11-01-002-00008-800020,,,,,,,,,,,,,,,,,,
11-01-002-00009-000831,,,,,,,,,,,,,,,,,,
11-01-002-00009-000832,,,,,,,,,,,,,,,,,,
11-01-002-00009-000833,,,,,,,,,,,,,,,,,,
11-01-002-00009-000834,,,,,,,,,,,,,,,,,,
11-01-002-00009-000835,,,,,,,,,,,,,,,,,,
11-01-002-00009-000836,,,,,,,,,,,,,,,,,,
11-01-002-00009-000837,2008-08-05,,2011-12-01,,2010-02-14,,2006.0,,10.0,,355.92,,364.48,,0.0,,Kanidajan - Nowgam,
11-01-002-00009-000838,,,,,,,,,,,,,,,,,,
11-01-002-00009-000839,2005-07-09,,2009-08-01,,2007-02-23,,2003.0,,5.25,,117.28,,155.26,,0.0,,ZINIPANCHAL TO DALWAN,
11-01-002-00009-000840,,,,,,,,,,,,,,,,,,
11-01-002-00009-000841,,,,,,,,,,,,,,,,,,
11-01-002-00009-000842,,,,,,,,,,,,,,,,,,
11-01-002-00009-000843,,,,,,,,,,,,,,,,,,
11-01-002-00009-000844,,,,,,,,,,,,,,,,,,
11-01-002-00009-000846,,,,,,,,,,,,,,,,,,
11-01-002-00009-000847,,,,,,,,,,,,,,,,,,
11-01-003-00010-000848,,,,,,,,,,,,,,,,,,
11-01-003-00010-000849,,,,,,,,,,,,,,,,,,
11-01-003-00010-000850,,,,,,,,,,,,,,,,,,
11-01-003-00010-000851,,,,,,,,,,,,,,,,,,
11-01-003-00010-000852,2013-03-18,,,,,,2012.0,,,,,,,,,,,
11-01-003-00010-000853,,,,,,,,,,,,,,,,,,
11-01-003-00010-000854,,,,,,,,,,,,,,,,,,
11-01-003-00010-000855,,,,,,,,,,,,,,,,,,
11-01-003-00010-000856,,,,,,,,,,,,,,,,,,
11-01-003-00010-000857,,,,,,,,,,,,,,,,,,
11-01-003-00010-000858,,,,,,,,,,,,,,,,,,
11-01-003-00010-000859,,,,,,,,,,,,,,,,,,
11-01-003-00010-000860,,,,,,,,,,,,,,,,,,
11-01-003-00010-000861,,,2004-03-01,,,,2001.0,,1.0,,10.18,,12.15,,0.0,,L029 - Pharka jinchen to Rumbak,
11-01-003-00010-000862,,,,,,,,,,,,,,,,,,
11-01-003-00010-000863,,,,,,,,,,,,,,,,,,
11-01-003-00010-000864,,,,,,,,,,,,,,,,,,
11-01-003-00010-000865,,,,,,,,,,,,,,,,,,
11-01-003-00010-000866,,,,,,,,,,,,,,,,,,
11-01-003-00010-000867,,,,,,,,,,,,,,,,,,
11-01-003-00010-000868,,,,,,,,,,,,,,,,,,
11-01-003-00010-000869,2009-03-16,,2010-09-01,,2010-10-31,,2006.0,,2.75,,50.49,,52.88,,0.0,,Kharu - KhaltsiYogmosRD0275mtr,
11-01-003-00010-000870,,,,,,,,,,,,,,,,,,
11-01-003-00010-000871,,,2007-09-01,,,,2003.0,,2.75,,28.7,,41.84,,0.0,,KHARU - KHALATSI YOGNOS,
11-01-003-00010-000872,2002-01-21,,2008-08-01,,2003-01-31,,2001.0,,3.0,,31.18,,44.01,,0.0,,L024 - Chemray to Sakti Agyam,
11-01-003-00010-000873,,,,,,,,,,,,,,,,,,
11-01-003-00010-000874,,,,,,,,,,,,,,,,,,
11-01-003-00010-000875,,,,,,,,,,,,,,,,,,
11-01-003-00010-000876,,,,,,,,,,,,,,,,,,
11-01-003-00010-000877,,,,,,,,,,,,,,,,,,
11-01-003-00010-000878,,,,,,,,,,,,,,,,,,
11-01-003-00010-000879,,,,,,,,,,,,,,,,,,
11-01-003-00010-000880,,,,,,,,,,,,,,,,,,
11-01-003-00010-000881,,,,,,,,,,,,,,,,,,
11-01-003-00010-000882,,,,,,,,,,,,,,,,,,
11-01-003-00010-000883,,,,,,,,,,,,,,,,,,
11-01-003-00010-000884,,,,,,,,,,,,,,,,,,
11-01-003-00010-000885,,,,,,,,,,,,,,,,,,
11-01-003-00010-000886,,,,,,,,,,,,,,,,,,
11-01-003-00010-000887,,,,,,,,,,,,,,,,,,
11-01-003-00010-000888,,,2004-08-01,,,,2001.0,,2.0,,18.45,,22.02,,0.0,,L035 - T03 TO TARCHIT,
11-01-003-00010-000889,,,,,,,,,,,,,,,,,,
11-01-003-00010-000890,,,,,,,,,,,,,,,,,,
11-01-003-00010-000891,,,,,,,,,,,,,,,,,,
11-01-003-00010-000892,,,,,,,,,,,,,,,,,,
11-01-003-00010-000893,,,,,,,,,,,,,,,,,,
11-01-003-00010-000894,,,,,,,,,,,,,,,,,,
11-01-003-00010-000895,,2009-09-05,,,,,,2006.0,,,,,,,,,,
11-01-003-00010-000896,,,,,,,,,,,,,,,,,,
11-01-003-00010-000897,,,,,,,,,,,,,,,,,,
11-01-003-00010-000898,,,,,,,,,,,,,,,,,,
11-01-003-00010-000899,,,,,,,,,,,,,,,,,,
11-01-003-00010-000900,,,,,,,,,,,,,,,,,,
11-01-003-00010-000901,,,,,,,,,,,,,,,,,,
11-01-003-00010-000902,,,,,,,,,,,,,,,,,,
11-01-003-00010-000903,,,,,,,,,,,,,,,,,,
11-01-003-00010-000904,,2011-09-30,,,,,,2007.0,,,,,,,,,,
11-01-003-00010-000906,,,,,,,,,,,,,,,,,,
11-01-003-00010-000908,,,,,,,,,,,,,,,,,,
11-01-003-00010-000909,,,,,,,,,,,,,,,,,,
11-01-003-00010-000910,,,,,,,,,,,,,,,,,,
11-01-003-00011-000911,,,,,,,,,,,,,,,,,,
11-01-003-00011-000912,,,,,,,,,,,,,,,,,,
11-01-003-00011-000913,,,,,,,,,,,,,,,,,,
11-01-003-00011-000914,,,2007-03-01,,,,2001.0,,1.0,,12.8,,16.84,,0.0,,T04 - SHAYOK BRIDGE TO THANG,
11-01-003-00011-000915,,,,,,,,,,,,,,,,,,
11-01-003-00011-000916,,,,,,,,,,,,,,,,,,
11-01-003-00011-000917,,,,,,,,,,,,,,,,,,
11-01-003-00011-000918,,,,,,,,,,,,,,,,,,
11-01-003-00011-000919,,,,,,,,,,,,,,,,,,
11-01-003-00011-000920,,,,,,,,,,,,,,,,,,
11-01-003-00011-000921,2007-03-26,,2009-07-01,,2008-04-07,,2004.0,,7.0,,103.9,,117.62,,0.0,,Skuru (Bogdang) - Udmaru,
11-01-003-00011-000922,,,,,,,,,,,,,,,,,,
11-01-003-00011-000923,,,,,,,,,,,,,,,,,,
11-01-003-00011-000924,2011-04-13,,,,,,2007.0,,,,,,,,,,,
11-01-003-00011-000925,,,,,,,,,,,,,,,,,,
11-01-003-00011-000926,,,,,,,,,,,,,,,,,,
11-01-003-00011-000927,2011-04-02,,,,,,2003.0,,,,,,,,,,,
11-01-003-00011-000928,,,,,,,,,,,,,,,,,,
11-01-003-00011-000929,,,,,,,,,,,,,,,,,,
11-01-003-00011-000930,,,,,,,,,,,,,,,,,,
11-01-003-00011-000931,,,,,,,,,,,,,,,,,,
11-01-003-00011-000932,,,,,,,,,,,,,,,,,,
11-01-003-00011-000933,,,,,,,,,,,,,,,,,,
11-01-003-00011-000934,,,,,,,,,,,,,,,,,,
11-01-003-00011-000935,,,,,,,,,,,,,,,,,,
11-01-003-00011-000936,2011-04-02,,2007-12-01,,2012-10-01,,2003.0,,4.0,,36.31,,45.3,,0.0,,KANGTO TO DIGGER,
11-01-003-00011-000937,,,,,,,,,,,,,,,,,,
11-01-003-00011-000938,,,,,,,,,,,,,,,,,,
11-01-003-00012-000939,,,,,,,,,,,,,,,,,,
11-01-003-00012-000940,,,,,,,,,,,,,,,,,,
11-01-003-00012-000941,,,,,,,,,,,,,,,,,,
11-01-003-00012-000942,,,,,,,,,,,,,,,,,,
11-01-003-00012-000943,,,2008-03-01,,,,2001.0,,3.0,,39.36,,47.4,,0.0,,Achinathang - Lungpa,
11-01-003-00012-000944,,,,,,,,,,,,,,,,,,
11-01-003-00012-000945,,,,,,,2007.0,,,,,,,,,,,
11-01-003-00012-000946,2009-03-16,,2009-09-01,,2010-10-30,,2006.0,,3.0,,50.06,,56.9,,0.0,,T04Km12 - Takmachik,
11-01-003-00012-000947,,,,,,,,,,,,,,,,,,
11-01-003-00012-000948,,,,,,,,,,,,,,,,,,
11-01-003-00012-000949,,,,,,,,,,,,,,,,,,
11-01-003-00012-000950,,,,,,,,,,,,,,,,,,
11-01-003-00012-000951,,,,,,,,,,,,,,,,,,
11-01-003-00012-000952,,,,,,,,,,,,,,,,,,
11-01-003-00012-000953,,,,,,,,,,,,,,,,,,
11-01-003-00012-000954,,,,,,,2007.0,,,,,,,,,,,
11-01-003-00012-000955,,,2004-03-01,,,,2001.0,,1.6,,26.06,,29.8,,0.0,,L042 - T05 To Kaya Markha,
11-01-003-00012-000956,,,,,,,,,,,,,,,,,,
11-01-003-00012-000957,,,,,,,,,,,,,,,,,,
11-01-003-00012-000958,,,,,,,2007.0,,,,,,,,,,,
11-01-003-00012-000959,,,,,,,2007.0,,,,,,,,,,,
11-01-003-00012-000960,,,2012-07-01,,,,2004.0,,13.7,,99.14,,207.83,,0.0,,Fanjila - Photoksar Part II ( Km 31st to 43.7),
11-01-003-00012-000961,,,,,,,,,,,,,,,,,,
11-01-004-00013-000962,2007-02-24,,,,,,2004.0,,,,,,,,,,,
11-01-004-00013-000963,2008-09-27,,,,,,2005.0,,,,,,,,,,,
11-01-004-00013-000964,,,,,,,,,,,,,,,,,,
11-01-004-00013-000965,2011-07-15,,,,,,2007.0,,,,,,,,,,,
11-01-004-00013-000966,2011-06-03,,2013-09-01,,2012-11-12,,2007.0,,2.77,,203.55,,236.8,,0.0,,Kargil Batalik Road RD 360 - Lalung,
11-01-004-00013-000967,,,,,,,,,,,,,,,,,,
11-01-004-00013-000968,,,,,,,,,,,,,,,,,,
11-01-004-00013-000969,,,,,,,,,,,,,,,,,,
11-01-004-00013-000970,,,,,,,,,,,,,,,,,,
11-01-004-00013-000971,,,,,,,,,,,,,,,,,,
11-01-004-00013-000972,,,,,,,,,,,,,,,,,,
11-01-004-00013-000973,2005-03-02,,2008-05-01,,2006-10-18,,2003.0,,9.0,,286.98,,294.32,,0.0,,BYEPASS ROAD KARGIL TO SHILKCHAY HUNDURMAN,
11-01-004-00013-000974,,,2005-11-01,,,,2001.0,,2.5,,40.76,,50.89,,0.0,,NH_ - _Hardass,
11-01-004-00013-000975,,,,,,,,,,,,,,,,,,
11-01-004-00013-000976,2009-05-22,,,,,,2006.0,,,,,,,,,,,
11-01-004-00013-000977,,,,,,,,,,,,,,,,,,
11-01-004-00013-000978,,,,,,,,,,,,,,,,,,
11-01-004-00013-000979,,,,,,,,,,,,,,,,,,
11-01-004-00013-000980,,,,,,,2001.0,,,,,,,,,,,
11-01-004-00013-000981,,,,,,,,,,,,,,,,,,
11-01-004-00013-000982,,,,,,,,,,,,,,,,,,
11-01-004-00013-000983,2008-05-22,,2010-12-01,,2009-12-01,,2004.0,,8.0,,208.07,,222.15,,0.0,,L/R from Amzeth (Shaker) - Lamsoo,
11-01-004-00013-000984,2013-03-19,,2014-11-01,,2013-09-30,,2012.0,,6.6,,495.48,,582.24,,0.0,,Yokma Kharboo - Asthana Samonee,
11-01-004-00013-000985,,,,,,,,,,,,,,,,,,
11-01-004-00013-000986,,,,,,,,,,,,,,,,,,
11-01-004-00013-000987,,,,,,,,,,,,,,,,,,
11-01-004-00013-000988,2009-08-31,,,,,,2006.0,,,,,,,,,,,
11-01-004-00013-000989,,,,,,,,,,,,,,,,,,
11-01-004-00013-000990,,,,,,,,,,,,,,,,,,
11-01-004-00013-000991,,,,,,,,,,,,,,,,,,
11-01-004-00013-000992,,,,,,,,,,,,,,,,,,
11-01-004-00013-000993,,,,,,,,,,,,,,,,,,
11-01-004-00013-000994,,,,,,,,,,,,,,,,,,
11-01-004-00013-000995,,,,2012-09-01,,,,2006.0,,38.0,,2604.59,,2842.69,,0.0,,KargilSuruPadamRDKM3rd - Km40th
11-01-004-00013-000996,,,,,,,,,,,,,,,,,,
11-01-004-00013-000997,,,,,,,,,,,,,,,,,,
11-01-004-00013-000998,2013-07-10,,,,,,2012.0,,,,,,,,,,,
11-01-004-00013-000999,,,,,,,,,,,,,,,,,,
11-01-004-00013-001000,,,,,,,,,,,,,,,,,,
11-01-004-00013-001001,2013-10-24,,,,,,2012.0,,,,,,,,,,,
11-01-004-00013-001002,,,,,,,,,,,,,,,,,,
11-01-004-00013-001003,,,,,,,,,,,,,,,,,,
11-01-004-00013-001004,,,,,,,,,,,,,,,,,,
11-01-004-00013-001005,,,,,,,,,,,,,,,,,,
11-01-004-00013-001006,,,,,,,,,,,,,,,,,,
11-01-004-00013-001008,,,,,,,,,,,,,,,,,,
11-01-004-00013-001009,,,,,,,,,,,,,,,,,,
11-01-004-00013-001010,,,,,,,,,,,,,,,,,,
11-01-004-00013-001011,,,,,,,2007.0,,,,,,,,,,,
11-01-004-00013-001013,2013-07-10,,,,,,2012.0,,,,,,,,,,,
11-01-004-00013-001014,,,,,,,,,,,,,,,,,,
11-01-004-00013-001015,,,,,,,,,,,,,,,,,,
11-01-004-00013-001016,,,,,,,,,,,,,,,,,,
11-01-004-00013-001017,,,,,,,,,,,,,,,,,,
11-01-004-00013-001018,,,,,,,,,,,,,,,,,,
11-01-004-00013-001019,,,,,,,,,,,,,,,,,,
11-01-004-00013-001020,2007-08-31,,2012-07-01,,2009-03-10,,2004.0,,3.0,,111.31,,136.91,,0.0,,l/R from N.H.to chatti-thang,
11-01-004-00013-001021,,,,,,,,,,,,,,,,,,
11-01-004-00013-001022,2011-10-22,,,,,,2007.0,,,,,,,,,,,
11-01-004-00013-001023,2009-05-22,,,,,,2006.0,,,,,,,,,,,
11-01-004-00013-001024,,,,,,,,,,,,,,,,,,
11-01-004-00013-001025,2007-07-21,,2008-12-01,,2009-01-31,,2004.0,,4.0,,89.85,,107.15,,0.0,,L/R from Yougmal (Bodhkharboo) to Phoo,
11-01-004-00013-001026,,,,,,,,,,,,,,,,,,
11-01-004-00013-001027,,,,,,,,,,,,,,,,,,
11-01-004-00013-800048,,,,,,,,,,,,,,,,,,
11-01-004-00014-001028,,,,2012-09-01,,,,2006.0,,38.0,,2604.59,,2842.69,,0.0,,KargilSuruPadamRDKM3rd - Km40th
11-01-004-00014-001029,,,,2012-09-01,,,,2006.0,,38.0,,2604.59,,2842.69,,0.0,,KargilSuruPadamRDKM3rd - Km40th
11-01-004-00014-001030,,,2008-12-01,,,,2004.0,,1.0,,54.9,,55.08,,0.0,,LINK ROAD FROM KANOOR TO SALTONG,
11-01-004-00014-001031,,,,,,,,,,,,,,,,,,
11-01-004-00014-001032,,,2012-07-01,,,,2003.0,,3.0,,83.16,,81.92,,0.0,,KARGIL SURU ROAD TO THUINA KOMOTUL,
11-01-004-00014-001033,,,,,,,,,,,,,,,,,,
11-01-004-00014-001034,,,,2012-09-01,,,,2006.0,,38.0,,2604.59,,2842.69,,0.0,,KargilSuruPadamRDKM3rd - Km40th
11-01-004-00014-001035,,,2008-12-01,,,,2004.0,,5.0,,184.01,,177.47,,0.0,,LINK ROAD FROM LANKERCHEY TO LANKERCHEY BROQ,
11-01-004-00014-001036,,,,,,,2012.0,,,,,,,,,,,
11-01-004-00014-001037,,,,,,,,,,,,,,,,,,
11-01-004-00014-001038,,,,,,,,,,,,,,,,,,
11-01-004-00014-001039,,,,,,,,,,,,,,,,,,
11-01-004-00014-001040,,,,,,,,,,,,,,,,,,
11-01-004-00014-001041,,,,,,,,,,,,,,,,,,
11-01-004-00014-001042,,,,,,,,,,,,,,,,,,
11-01-004-00014-001043,,,,,,,,,,,,,,,,,,
11-01-004-00014-001044,,,,,,,2012.0,,,,,,,,,,,
11-01-004-00014-001045,,,,,,,,,,,,,,,,,,
11-01-004-00014-001046,,,,,,,,,,,,,,,,,,
11-01-004-00014-001047,,,,,,,,,,,,,,,,,,
11-01-004-00014-001048,,,,,,,,,,,,,,,,,,
11-01-004-00014-001049,,,,,,,,,,,,,,,,,,
11-01-004-00014-001050,,,,,,,,,,,,,,,,,,
11-01-004-00014-001051,,,,,,,,,,,,,,,,,,
11-01-004-00014-001052,,,,,,,,,,,,,,,,,,
11-01-004-00014-001053,,,,,,,,,,,,,,,,,,
11-01-004-00014-001054,,,,,,,,,,,,,,,,,,
11-01-004-00014-001055,,,,,,,,2006.0,,,,,,,,,,
11-01-004-00014-001056,,,,,,,,,,,,,,,,,,
11-01-004-00014-001057,,,,,,,,,,,,,,,,,,
11-01-004-00014-001058,,,,,,,,,,,,,,,,,,
11-01-004-00014-001059,,,,,,,2012.0,,,,,,,,,,,
11-01-004-00014-001060,,,2012-10-01,,,,2003.0,,2.0,,84.74,,87.9,,0.0,,SURU PADUM ROAD TO GOMA TANGOLE ANALTIK,
11-01-004-00014-001061,,,,,,,,,,,,,,,,,,
11-01-004-00014-001062,,,2010-12-01,,,,2004.0,,4.0,,100.21,,109.17,,0.0,,LINK ROAD FROM S.P ROAD TO YOKMA PARKACHIK,
11-01-004-00014-001063,,,,,,,,,,,,,,,,,,
11-01-004-00015-001064,,,2009-07-01,,,,2001.0,,5.64,,95.57,,81.69,,0.0,,Tankar_ - _Akshow,
11-01-004-00015-001065,2007-08-13,,2008-12-01,,2009-02-13,,2004.0,,3.85,,30.67,,28.24,,0.0,,L/R.from S.P. road to Abran,
11-01-004-00015-001066,,,,,,,,,,,,,,,,,,
11-01-004-00015-001067,,,,,,,,,,,,,,,,,,
11-01-004-00015-001068,,,,,,,,,,,,,,,,,,
11-01-004-00015-001069,,,,,,,,,,,,,,,,,,
11-01-004-00015-001070,,,,,,,,,,,,,,,,,,
11-01-004-00015-001071,2007-02-10,,2010-12-01,,2009-12-01,,2004.0,,5.5,,138.47,,176.42,,0.0,,"L/R.to Tungri,Tehan,&amp; Chomo Gumpa",
11-01-004-00015-001072,,,,,,,,,,,,,,,,,,
11-01-004-00015-001073,,,,,,,,,,,,,,,,,,
11-01-004-00015-001074,2005-06-12,,2006-12-01,,2006-12-22,,2003.0,,3.0,,38.74,,45.64,,0.0,,SURU PADAM STARA TO SALAPI- GYPAK,
11-01-004-00015-001075,,,,,,,,,,,,,,,,,,
11-01-004-00015-001076,,,,,,,,,,,,,,,,,,
11-01-004-00015-001077,,,,,,,,,,,,,,,,,,
11-01-004-00015-001078,,,,,,,,,,,,,,,,,,
11-01-004-00015-001079,,,,,,,,,,,,,,,,,,
11-01-004-00015-001080,2012-09-10,,2014-10-01,,2014-03-12,,2007.0,,5.5,,198.52,,289.97,,0.0,,Zanskar - Tungri Tehan Chumogumpa,
11-01-004-00015-001081,,,,,,,,,,,,,,,,,,
11-01-004-00015-001082,,,,,,,,,,,,,,,,,,
11-01-004-00015-001083,,,,,,,,,,,,,,,,,,
11-01-004-00015-001084,,,,,,,,,,,,,,,,,,
11-01-004-00015-001085,,,,,,,,,,,,,,,,,,
11-01-004-00015-001086,,,,,,,,,,,,,,,,,,
11-01-004-00015-001087,,,,,,,,,,,,,,,,,,
11-01-004-00015-001088,,,,,,,,,,,,,,,,,,
11-01-005-00016-001089,2011-03-28,,,,,,2007.0,,,,,,,,,,,
11-01-005-00016-001090,2007-09-17,,2013-03-01,,2008-06-17,,2005.0,,6.0,,255.58,,264.55,,0.0,,Zairat Sain Baba Mira Sahib - Shahpur,
11-01-005-00016-001091,,,,,,,,,,,,,,,,,,
11-01-005-00016-001092,,,,,,,,,,,,,,,,,,
11-01-005-00016-001093,2011-03-28,,,,,,2007.0,,,,,,,,,,,
11-01-005-00016-001094,2011-03-25,,2014-01-01,,2012-03-25,,2007.0,,5.0,,355.05,,356.57,,0.0,,Qasba - Kerni,
11-01-005-00016-001095,2011-08-18,,2014-03-01,,2012-08-18,,2007.0,,3.0,,272.78,,336.37,,0.0,,Dalan - Dara Baggyal,
11-01-005-00016-001096,2011-05-10,,,,,,2007.0,,,,,,,,,,,
11-01-005-00016-001097,2010-12-16,,,,,,2007.0,,,,,,,,,,,
11-01-005-00016-001098,2010-12-16,,,,,,2007.0,,,,,,,,,,,
11-01-005-00016-001099,2010-12-16,,,,,,2007.0,,,,,,,,,,,
11-01-005-00016-001100,,,,,,,,,,,,,,,,,,
11-01-005-00016-001101,,,,,,,,,,,,,,,,,,
11-01-005-00016-001102,,,,,,,,,,,,,,,,,,
11-01-005-00016-001103,,,,,,,,,,,,,,,,,,
11-01-005-00016-001104,,,,,,,,,,,,,,,,,,
11-01-005-00016-001105,,,,,,,,,,,,,,,,,,
11-01-005-00016-001106,2007-07-23,,2010-05-01,,2008-04-23,,2005.0,,2.5,,112.2,,113.53,,0.0,,Qasba - Bandichechian,
11-01-005-00016-001107,2005-06-04,,2007-08-01,,2006-05-04,,2003.0,,4.0,,116.33,,128.17,,0.0,,SAI BABA MIRAN SAHIB KANDYRA,
11-01-005-00016-001108,,,,,,,,,,,,,,,,,,
11-01-005-00016-001109,2011-08-23,,2014-03-01,,2012-08-23,,2007.0,,3.5,,230.11,,303.09,,0.0,,Chaktroo - Dana Duyian,
11-01-005-00016-001110,2007-07-23,,2010-04-01,,2008-04-23,,2005.0,,3.5,,129.44,,131.93,,0.0,,Km 2nd of T02 (Chandak Mandi road) - Chaktroo,
11-01-005-00016-001111,2007-07-23,,2010-04-01,,2008-04-23,,2005.0,,3.5,,129.44,,131.93,,0.0,,Km 2nd of T02 (Chandak Mandi road) - Chaktroo,
11-01-005-00016-001112,,,,,,,,,,,,,,,,,,
11-01-005-00016-001113,2005-06-04,,2007-08-01,,2006-05-04,,2003.0,,4.0,,116.33,,128.17,,0.0,,SAI BABA MIRAN SAHIB KANDYRA,
11-01-005-00016-001114,,,,,,,,,,,,,,,,,,
11-01-005-00016-001115,,,,,,,,,,,,,,,,,,
11-01-005-00016-001116,,,,,,,,,,,,,,,,,,
11-01-005-00016-001117,,,,,,,,,,,,,,,,,,
11-01-005-00016-001118,,,,,,,,,,,,,,,,,,
11-01-005-00016-001119,,,,,,,,,,,,,,,,,,
11-01-005-00016-001122,,,,,,,,,,,,,,,,,,
11-01-005-00016-001123,,,,,,,,,,,,,,,,,,
11-01-005-00016-001124,,,,,,,,,,,,,,,,,,
11-01-005-00016-001125,,,,,,,,,,,,,,,,,,
11-01-005-00016-001126,2011-05-10,,2013-03-01,,2012-05-10,,2007.0,,4.0,,259.23,,305.85,,0.0,,Km 10th of T03 - Kanuian,
11-01-005-00016-001127,,,,,,,,,,,,,,,,,,
11-01-005-00016-001128,2012-12-04,,,,,,2007.0,,,,,,,,,,,
11-01-005-00016-001129,2008-12-12,,2014-01-01,,1960-01-01,,2006.0,,8.0,,381.16,,390.88,,0.0,,Km 18th of Skt. Poonch road - Kalai (U),
11-01-005-00016-001130,,,,,,,,,,,,,,,,,,
11-01-005-00016-001131,2007-12-08,,,,,,2005.0,,,,,,,,,,,
11-01-005-00016-001132,2011-04-21,,,,,,2007.0,,,,,,,,,,,
11-01-005-00016-001133,2011-06-06,,,,,,2007.0,,,,,,,,,,,
11-01-005-00016-001134,,,,,,,,,,,,,,,,,,
11-01-005-00016-001135,2007-12-08,,2010-04-01,,2008-09-08,,2005.0,,5.0,,204.3,,208.21,,0.0,,Madana - Nabna,
11-01-005-00016-001136,2007-12-08,,2010-04-01,,2008-09-08,,2005.0,,5.0,,204.3,,208.21,,0.0,,Madana - Nabna,
11-01-005-00016-001137,2007-07-23,,2012-08-01,,2008-04-23,,2005.0,,3.0,,101.07,,106.05,,0.0,,Lassasna - Bachianwali,
11-01-005-00016-001138,2012-02-09,,,,,,2007.0,,,,,,,,,,,
11-01-005-00016-001139,,,,,,,,,,,,,,,,,,
11-01-005-00017-001140,2011-05-10,,,,,,2007.0,,,,,,,,,,,
11-01-005-00017-001141,2011-05-10,,,,,,2007.0,,,,,,,,,,,
11-01-005-00017-001142,2010-12-18,,2014-03-01,,2011-08-18,,2007.0,,2.0,,140.38,,168.71,,0.0,,Azamabad - Seroi,
11-01-005-00017-001143,2011-03-28,,,,,,2007.0,,,,,,,,,,,
11-01-005-00017-001144,2011-03-28,,,,,,2007.0,,,,,,,,,,,
11-01-005-00017-001145,,,,,,,,,,,,,,,,,,
11-01-005-00017-001146,,,,,,,,,,,,,,,,,,
11-01-005-00017-001147,2007-07-23,,2010-02-01,,2008-04-23,,2005.0,,2.0,,93.59,,94.22,,0.0,,Km 11th of T01 (Mandi Loran road) - Sib,
11-01-005-00017-001148,,,,,,,,,,,,,,,,,,
11-01-005-00017-001149,,,,,,,,,,,,,,,,,,
11-01-005-00017-001150,,,,,,,,,,,,,,,,,,
11-01-005-00017-001151,,,,,,,,,,,,,,,,,,
11-01-005-00017-001152,2011-05-10,,,,,,2007.0,,,,,,,,,,,
11-01-005-00017-001153,2008-01-22,,2011-01-01,,2011-03-31,,2005.0,,2.0,,101.49,,96.77,,0.0,,Mandi - Azmabad,
11-01-005-00017-001154,,,,,,,,,,,,,,,,,,
11-01-005-00017-001155,,,,,,,,,,,,,,,,,,
11-01-005-00017-001156,,,,,,,,,,,,,,,,,,
11-01-005-00017-001157,,,,,,,,,,,,,,,,,,
11-01-005-00017-001158,2005-06-04,,2007-08-01,,2006-05-04,,2003.0,,4.0,,116.33,,128.17,,0.0,,SAI BABA MIRAN SAHIB KANDYRA,
11-01-005-00017-001159,2011-03-25,,2012-09-01,,2011-12-25,,2007.0,,3.0,,235.66,,236.13,,0.0,,Saral - Jandrolla,
11-01-005-00017-001160,,,,,,,,,,,,,,,,,,
11-01-005-00017-001161,,,,,,,,,,,,,,,,,,
11-01-005-00017-001162,,,,,,,,,,,,,,,,,,
11-01-005-00017-001163,,,,,,,,,,,,,,,,,,
11-01-005-00017-001164,,,,,,,,,,,,,,,,,,
11-01-005-00017-001165,,,,,,,,,,,,,,,,,,
11-01-005-00017-001166,,,,,,,,,,,,,,,,,,
11-01-005-00017-001167,2007-10-01,,2013-01-01,,2008-07-01,,2005.0,,3.0,,124.82,,128.46,,0.0,,Plera - Chikriban,
11-01-005-00017-001168,2007-03-08,,2012-10-01,,2008-03-14,,2004.0,,4.0,,172.99,,176.81,,0.0,,KM. 3RD OF T01 - ARAI UPPER,
11-01-005-00017-001169,,,,,,,,,,,,,,,,,,
11-01-005-00017-001170,,,,,,,,,,,,,,,,,,
11-01-005-00017-001171,,,,,,,,,,,,,,,,,,
11-01-005-00017-001172,,,,,,,,,,,,,,,,,,
11-01-005-00017-001173,,,,,,,,,,,,,,,,,,
11-01-005-00017-001174,,,,,,,,,,,,,,,,,,
11-01-005-00017-001175,,,2009-04-01,,,,2001.0,,2.0,,50.94,,51.44,,0.0,,L027 - Fatehpur To Haribudha via Lalpak,
11-01-005-00017-001176,,,,,,,,,,,,,,,,,,
11-01-005-00018-001177,,,,,,,,,,,,,,,,,,
11-01-005-00018-001178,2013-04-25,,,,,,2004.0,,,,,,,,,,,
11-01-005-00018-001179,2008-12-12,,2012-07-01,,2009-12-12,,2006.0,,4.0,,227.77,,239.67,,0.0,,L043 - Km 6th Of T05 To Salotri,
11-01-005-00018-001180,2011-12-14,,2012-07-01,,2012-09-14,,2003.0,,5.0,,177.99,,181.74,,0.0,,NABNA TO CHUNGA,
11-01-005-00018-001181,2011-12-14,,2012-07-01,,2012-09-14,,2003.0,,5.0,,177.99,,181.74,,0.0,,NABNA TO CHUNGA,
11-01-005-00018-001182,2007-07-23,,2010-12-01,,2008-04-23,,2005.0,,2.5,,68.27,,69.86,,0.0,,Jugal - Bhatidhar Upper,
11-01-005-00018-001183,,,,,,,,,,,,,,,,,,
11-01-005-00018-001184,2011-12-14,,2012-07-01,,2012-09-14,,2003.0,,5.0,,177.99,,181.74,,0.0,,NABNA TO CHUNGA,
11-01-005-00018-001185,2011-05-10,,,,,,2007.0,,,,,,,,,,,
11-01-005-00018-001186,,,,,,,,,,,,,,,,,,
11-01-005-00018-001187,2011-05-10,,,,,,2007.0,,,,,,,,,,,
11-01-005-00018-001188,,,,,,,,,,,,,,,,,,
11-01-005-00018-001189,2007-09-17,,,,,,2005.0,,,,,,,,,,,
11-01-005-00018-001190,,,,,,,,,,,,,,,,,,
11-01-005-00018-001191,2012-11-19,,,,,,2011.0,,,,,,,,,,,
11-01-005-00018-001192,,,,,,,,,,,,,,,,,,
11-01-005-00018-001193,,,,,,,,,,,,,,,,,,
11-01-005-00018-001194,2013-04-30,,,,,,2012.0,,,,,,,,,,,
11-01-005-00018-001195,,,,,,,,,,,,,,,,,,
11-01-005-00018-001196,2007-12-08,,2013-01-01,,2008-09-08,,2005.0,,5.0,,211.14,,213.54,,0.0,,Km 5th of T04 - Thera Topa,
11-01-005-00018-001197,2011-06-16,,,,,,2007.0,,,,,,,,,,,
11-01-005-00018-001198,2011-06-16,,,,,,2007.0,,,,,,,,,,,
11-01-005-00018-001199,,,,,,,,,,,,,,,,,,
11-01-005-00018-001200,,,,,,,,,,,,,,,,,,
11-01-005-00018-001205,,,,,,,,,,,,,,,,,,
11-01-005-00018-001206,2011-12-19,,,,,,2007.0,,,,,,,,,,,
11-01-005-00018-001207,2011-06-14,,,,,,2007.0,,,,,,,,,,,
11-01-005-00018-001208,2007-12-08,,2013-01-01,,2008-09-08,,2005.0,,5.0,,211.14,,213.54,,0.0,,Km 5th of T04 - Thera Topa,
11-01-005-00018-001209,,,,,,,,,,,,,,,,,,
11-01-005-00018-001210,2009-09-04,,2013-03-01,,2010-09-11,,2006.0,,5.0,,291.17,,294.36,,0.0,,L029 - Km 16th of T02 Phamranar to Prat,
11-01-005-00018-001211,,,,,,,,,,,,,,,,,,
11-01-005-00018-001212,2011-11-28,,,,,,2007.0,,,,,,,,,,,
11-01-005-00018-001213,,,,,,,,,,,,,,,,,,
11-01-005-00018-001214,2011-11-23,,,,,,2007.0,,,,,,,,,,,
11-01-005-00018-001215,2011-06-16,,,,,,2007.0,,,,,,,,,,,
11-01-005-00018-001216,2011-03-28,,,,,,2007.0,,,,,,,,,,,
11-01-005-00018-001217,2011-06-29,,,,,,2007.0,,,,,,,,,,,
11-01-005-00018-001218,2011-03-28,,,,,,2007.0,,,,,,,,,,,
11-01-005-00018-001219,2011-12-19,,,,,,2007.0,,,,,,,,,,,
11-01-005-00018-001220,,,,,,,,,,,,,,,,,,
11-01-005-00018-001221,2011-07-16,,,,,,2007.0,,,,,,,,,,,
11-01-005-00018-001222,2011-05-09,,2013-08-01,,2012-05-09,,2007.0,,5.0,,374.64,,376.85,,0.0,,Dhargloon - Sandote,
11-01-005-00018-001223,,,,,,,,,,,,,,,,,,
11-01-005-00018-001224,2004-06-10,,2008-03-01,,2005-10-15,,2000.0,,5.75,,148.08,,144.73,,0.0,,L032 - BASUNI TO DHARGLOON U,
11-01-005-00018-001225,2011-07-16,,,,,,2007.0,,,,,,,,,,,
11-01-005-00018-001226,2011-07-16,,,,,,2007.0,,,,,,,,,,,
11-01-005-00018-001227,,,,,,,,,,,,,,,,,,
11-01-005-00018-001228,,,,,,,,,,,,,,,,,,
11-01-005-00018-001229,2011-07-16,,,,,,2007.0,,,,,,,,,,,
11-01-005-00018-001230,2011-07-16,,,,,,2007.0,,,,,,,,,,,
11-01-005-00018-001231,2011-07-16,,,,,,2007.0,,,,,,,,,,,
11-01-005-00018-001233,,,,,,,,,,,,,,,,,,
11-01-005-00019-001234,2008-08-12,,,,,,2006.0,,,,,,,,,,,
11-01-005-00019-001235,2007-12-08,,,,,,2005.0,,,,,,,,,,,
11-01-005-00019-001236,2008-12-12,,2014-03-01,,1960-01-01,,2006.0,,6.0,,329.29,,374.71,,0.0,,Phagala - Hari,
11-01-005-00019-001237,2008-12-12,,2014-03-01,,1960-01-01,,2006.0,,6.0,,329.29,,374.71,,0.0,,Phagala - Hari,
11-01-005-00019-001238,2008-12-12,,,,,,2006.0,,,,,,,,,,,
11-01-005-00019-001239,2008-12-12,,2014-03-01,,1960-01-01,,2006.0,,6.0,,329.29,,374.71,,0.0,,Phagala - Hari,
11-01-005-00019-001240,2011-04-19,,,,,,2007.0,,,,,,,,,,,
11-01-005-00019-001241,,,,,,,,,,,,,,,,,,
11-01-005-00019-001242,,,,,,,,,,,,,,,,,,
11-01-005-00019-001243,2008-02-08,,2011-12-01,,2008-11-08,,2005.0,,4.0,,155.62,,157.07,,0.0,,Km 5th of T04 - Sanai,
11-01-005-00019-001244,2007-07-23,,2012-10-01,,2008-04-23,,2005.0,,2.0,,79.92,,80.79,,0.0,,Km 28th of Surankote Poonch - Potha,
11-01-005-00019-001245,,,,,,,,,,,,,,,,,,
11-01-005-00019-001246,2008-12-12,,,,,,2006.0,,,,,,,,,,,
11-01-005-00019-001247,,,,,,,,,,,,,,,,,,
11-01-005-00019-001248,2007-03-30,,2010-04-01,,2010-04-30,,2004.0,,4.0,,109.33,,159.13,,0.0,,PAMROTE - SANGLA UPPER,
11-01-005-00019-001249,2007-03-30,,2010-04-01,,2010-04-30,,2004.0,,4.0,,109.33,,159.13,,0.0,,PAMROTE - SANGLA UPPER,
11-01-005-00019-001250,2008-11-03,,2013-01-01,,1960-01-01,,2006.0,,5.0,,258.41,,264.07,,0.0,,Fazlabad - Dandidhara,
11-01-005-00019-001251,,,,,,,,,,,,,,,,,,
11-01-005-00019-001252,,,,,,,,,,,,,,,,,,
11-01-005-00019-001253,,,,,,,,,,,,,,,,,,
11-01-005-00019-001254,,,,,,,,,,,,,,,,,,
11-01-005-00019-001255,2008-09-19,,2010-04-01,,1960-01-01,,2006.0,,2.0,,92.26,,117.81,,0.0,,Dharamoha - Sanglani,
11-01-005-00019-001256,,,,,,,,,,,,,,,,,,
11-01-005-00019-001257,,,,,,,,,,,,,,,,,,
11-01-005-00019-001258,2009-09-04,,,,,,2006.0,,,,,,,,,,,
11-01-005-00019-001259,,,,,,,,,,,,,,,,,,
11-01-005-00019-001260,,,,,,,,,,,,,,,,,,
11-01-005-00019-001261,2011-04-19,,,,,,2007.0,,,,,,,,,,,
11-01-005-00019-001262,,,,,,,,,,,,,,,,,,
11-01-005-00019-001263,,,,,,,,,,,,,,,,,,
11-01-005-00019-001264,,,,,,,,,,,,,,,,,,
11-01-005-00019-001265,,,,,,,,,,,,,,,,,,
11-01-005-00019-001266,2007-11-15,,,,,,2005.0,,,,,,,,,,,
11-01-005-00019-001267,,,,,,,,,,,,,,,,,,
11-01-006-00020-001268,,,,,,,,,,,,,,,,,,
11-01-006-00020-001269,,,,,,,,,,,,,,,,,,
11-01-006-00020-001270,,,2013-03-01,,,,2007.0,,8.4,,466.97,,502.07,,0.0,,Hasplote - Rajdhani,
11-01-006-00020-001271,,,2013-03-01,,,,2007.0,,8.4,,466.97,,502.07,,0.0,,Hasplote - Rajdhani,
11-01-006-00020-001272,,,,,,,,,,,,,,,,,,
11-01-006-00020-001273,,,,,,,2007.0,,,,,,,,,,,
11-01-006-00020-001274,,,,,,,,,,,,,,,,,,
11-01-006-00020-001275,,,,,,,2005.0,,,,,,,,,,,
11-01-006-00020-001276,,,,,,,2005.0,,,,,,,,,,,
11-01-006-00020-001277,,,,,,,2005.0,,,,,,,,,,,
11-01-006-00020-001278,,,,,,,2005.0,,,,,,,,,,,
11-01-006-00020-001279,,,,,,,2007.0,,,,,,,,,,,
11-01-006-00020-001280,,,,,,,2005.0,,,,,,,,,,,
11-01-006-00020-001281,,,,,,,2007.0,,,,,,,,,,,
11-01-006-00020-001282,,,,,,,2007.0,,,,,,,,,,,
11-01-006-00020-001283,,,,,,,2007.0,,,,,,,,,,,
11-01-006-00020-001284,,,,,,,2007.0,,,,,,,,,,,
11-01-006-00020-001285,,,,,,,2007.0,,,,,,,,,,,
11-01-006-00020-001286,,,2012-01-01,,,,2005.0,,11.0,,361.82,,393.11,,0.0,,Hasplote - Mangota,
11-01-006-00020-001287,,,,,,,,,,,,,,,,,,
11-01-006-00020-001288,,,2011-04-01,,,,2006.0,,3.0,,201.56,,203.32,,0.0,,Green - Lah,
11-01-006-00020-001289,,,2011-08-01,,,,2006.0,,8.0,,442.88,,566.0,,0.0,,Sorah Bridge - Khablan,
11-01-006-00020-001290,,,,,,,,,,,,,,,,,,
11-01-006-00020-001291,,,2012-12-01,,,,2006.0,,4.0,,194.65,,196.5,,0.0,,Sorah Bridge - Badakana,
11-01-006-00020-001292,,,2013-04-01,,,,2006.0,,6.0,,213.43,,264.15,,0.0,,Sorah Bridge - Bathian,
11-01-006-00020-001293,,,,,,,,,,,,,,,,,,
11-01-006-00020-001294,,,2009-04-01,,,,2004.0,,8.0,,185.21,,258.11,,0.0,,SAMSAMAT - DODASON BALA,
11-01-006-00020-001295,,,,,,,2007.0,,,,,,,,,,,
11-01-006-00020-001296,,,,2012-08-01,,,,2006.0,,2.15,,129.81,,142.66,,0.0,,Km Ist T01 - Samsmat
11-01-006-00020-001297,,,,,,,,,,,,,,,,,,
11-01-006-00020-001298,,,,,,,2007.0,,,,,,,,,,,
11-01-006-00020-001299,,,,,,,2007.0,,,,,,,,,,,
11-01-006-00021-001300,,,,,,,2007.0,,,,,,,,,,,
11-01-006-00021-001301,,,2010-10-01,,,,2005.0,,6.0,,244.1,,247.77,,0.0,,Sabzi - Chalal Bagla,
11-01-006-00021-001302,,,,,,,,,,,,,,,,,,
11-01-006-00021-001303,,,,,,,,,,,,,,,,,,
11-01-006-00021-001304,,,,,,,,,,,,,,,,,,
11-01-006-00021-001305,,,2014-03-01,,,,2007.0,,9.0,,489.06,,530.49,,0.0,,Km 5th of L027 - Kothra,
11-01-006-00021-001306,,,,,,,,,,,,,,,,,,
11-01-006-00021-001307,,,,,,,,,,,,,,,,,,
11-01-006-00021-001308,,,2012-01-01,,,,2005.0,,8.0,,297.54,,330.88,,0.0,,Ujhan - Leeran,
11-01-006-00021-001309,,,2012-01-01,,,,2005.0,,8.0,,297.54,,330.88,,0.0,,Ujhan - Leeran,
11-01-006-00021-001310,,,,2013-01-01,,,,2006.0,,18.0,,702.19,,724.69,,0.0,,Km 18th of T02 Rethal - Dodaj
11-01-006-00021-001311,,,2010-10-01,,,,2005.0,,6.0,,244.1,,247.77,,0.0,,Sabzi - Chalal Bagla,
11-01-006-00022-001312,2013-10-28,,,,,,2012.0,,,,,,,,,,,
11-01-006-00022-001313,2013-10-28,,,,,,2012.0,,,,,,,,,,,
11-01-006-00022-001314,,,,,,,,,,,,,,,,,,
11-01-006-00022-001315,,,,,,,,,,,,,,,,,,
11-01-006-00022-001316,2009-08-29,2010-02-20,2013-03-01,2013-11-01,2010-08-04,2011-06-30,2006.0,2006.0,5.5,10.0,202.27,314.92,218.84,343.59,0.0,0.0,Km 11th of L039 - Gambier Mughlan,
11-01-006-00022-001317,,,,,,,,,,,,,,,,,,
11-01-006-00022-001318,2012-12-04,,,,,,2011.0,,,,,,,,,,,
11-01-006-00022-001319,2012-12-04,,,,,,2011.0,,,,,,,,,,,
11-01-006-00022-001320,2012-12-04,,,,,,2011.0,,,,,,,,,,,
11-01-006-00022-001321,,,,,,,,,,,,,,,,,,
11-01-006-00022-001322,2013-05-20,,,,,,2011.0,,,,,,,,,,,
11-01-006-00022-001323,2012-10-31,,,,,,2011.0,,,,,,,,,,,
11-01-006-00022-001324,,,,,,,,,,,,,,,,,,
11-01-006-00022-001325,,,,,,,,,,,,,,,,,,
11-01-006-00022-001326,2012-01-29,,2015-01-01,,2013-10-28,,2003.0,,7.0,,136.98,,174.04,,0.0,,RAJDHANI DHAR SAROOLA,
11-01-006-00022-001327,,,,,,,,,,,,,,,,,,
11-01-006-00022-001328,2011-08-17,,2013-08-01,,2012-08-24,,2005.0,,10.0,,422.89,,482.45,,0.0,,Rajdhani - Panjgrain,
11-01-006-00022-001329,2009-08-29,,2013-12-01,,2010-09-04,,2006.0,,7.0,,414.02,,433.1,,0.0,,Km 8th of T01 - Kanyal Gali,
11-01-006-00022-001330,2009-08-17,,2010-04-01,,2010-08-23,,2006.0,,4.0,,244.47,,246.31,,0.0,,Km 5th of T01 - Katarmal,
11-01-006-00022-001331,2009-08-17,,2010-04-01,,2010-08-23,,2006.0,,4.0,,244.47,,246.31,,0.0,,Km 5th of T01 - Katarmal,
11-01-006-00022-001332,,,,,,,,,,,,,,,,,,
11-01-006-00022-001333,2010-04-27,,,,,,2006.0,,,,,,,,,,,
11-01-006-00022-001334,2010-04-27,,,,,,2006.0,,,,,,,,,,,
11-01-006-00022-001335,2007-07-23,,2009-06-01,,2009-06-05,,2005.0,,3.0,,145.49,,147.29,,0.0,,Saimsamat - Fatehpur,
11-01-006-00022-001336,,,,,,,,,,,,,,,,,,
11-01-006-00022-001337,2010-04-27,,,,,,2006.0,,,,,,,,,,,
11-01-006-00022-001338,2010-04-27,,,,,,2006.0,,,,,,,,,,,
11-01-006-00022-001339,,,,,,,,,,,,,,,,,,
11-01-006-00022-001340,,,,,,,,,,,,,,,,,,
11-01-006-00022-001341,,,,,,,,,,,,,,,,,,
11-01-006-00022-001342,,,,,,,,,,,,,,,,,,
11-01-006-00022-001343,2011-05-04,,2014-03-01,,2012-03-04,,2007.0,,5.25,,266.47,,311.35,,0.0,,Pollilion Block Boundary - Tunditrar,
11-01-006-00022-001345,2010-10-03,,2013-12-01,,2011-07-09,,2006.0,,4.0,,130.48,,168.4,,0.0,,Doongi - Namblan,
11-01-006-00022-001346,2010-10-03,,2013-12-01,,2011-07-09,,2006.0,,4.0,,130.48,,168.4,,0.0,,Doongi - Namblan,
11-01-006-00022-001347,,,,,,,,,,,,,,,,,,
11-01-006-00022-001348,2010-10-03,,2013-12-01,,2011-07-09,,2006.0,,4.0,,130.48,,168.4,,0.0,,Doongi - Namblan,
11-01-006-00022-001349,,,,,,,,,,,,,,,,,,
11-01-006-00022-001350,2011-05-04,,2014-03-01,,2012-03-04,,2007.0,,5.25,,266.47,,311.35,,0.0,,Pollilion Block Boundary - Tunditrar,
11-01-006-00022-001351,2009-10-01,,2011-10-01,,2010-10-07,,2006.0,,6.0,,246.58,,252.77,,0.0,,Mubrakpura - Sohana,
11-01-006-00022-001352,,,,,,,,,,,,,,,,,,
11-01-006-00022-001353,,,,,,,,,,,,,,,,,,
11-01-006-00022-001354,,,,,,,,,,,,,,,,,,
11-01-006-00022-001355,,,,,,,,,,,,,,,,,,
11-01-006-00022-001356,,,,,,,,,,,,,,,,,,
11-01-006-00022-001357,,,,,,,,,,,,,,,,,,
11-01-006-00022-001358,,,,,,,,,,,,,,,,,,
11-01-006-00022-001359,,,,,,,,,,,,,,,,,,
11-01-006-00022-001360,,,,,,,,,,,,,,,,,,
11-01-006-00022-001361,,,,,,,,,,,,,,,,,,
11-01-006-00022-001362,,,,,,,,,,,,,,,,,,
11-01-006-00022-001363,,,,,,,,,,,,,,,,,,
11-01-006-00022-001364,,,,,,,,,,,,,,,,,,
11-01-006-00022-001365,,2010-01-23,,,,,,2006.0,,,,,,,,,,
11-01-006-00022-001366,2009-08-29,,,,,,2006.0,,,,,,,,,,,
11-01-006-00022-001367,2009-08-29,,,,,,2006.0,,,,,,,,,,,
11-01-006-00022-001368,,,,,,,,,,,,,,,,,,
11-01-006-00022-001369,2007-12-08,,2010-10-01,,2008-10-24,,2005.0,,8.0,,340.7,,348.38,,0.0,,Charan - Kalal Kass,
11-01-006-00022-001370,,,,,,,,,,,,,,,,,,
11-01-006-00022-001371,,,,,,,,,,,,,,,,,,
11-01-006-00022-001372,,,,,,,,,,,,,,,,,,
11-01-006-00022-001373,,,,,,,,,,,,,,,,,,
11-01-006-00022-001375,,,,,,,,,,,,,,,,,,
11-01-006-00022-001377,2010-11-23,,2013-03-01,,2011-08-23,,2007.0,,3.0,,113.18,,136.03,,0.0,,Dassal Gujjran - Dassal Jattan,
11-01-006-00022-001378,,,,,,,,,,,,,,,,,,
11-01-006-00022-001379,,,,,,,,,,,,,,,,,,
11-01-006-00022-001380,2012-09-22,,,,,,2011.0,,,,,,,,,,,
11-01-006-00022-001381,,,,,,,,,,,,,,,,,,
11-01-006-00022-001382,,,,,,,,,,,,,,,,,,
11-01-006-00022-001383,,,,,,,,,,,,,,,,,,
11-01-006-00022-001384,,,,,,,,,,,,,,,,,,
11-01-006-00022-001385,,,,,,,,,,,,,,,,,,
11-01-006-00022-001386,,,,,,,,,,,,,,,,,,
11-01-006-00022-001387,,,,,,,,,,,,,,,,,,
11-01-006-00022-001388,2007-12-08,,2010-03-01,,2008-09-23,,2005.0,,7.0,,259.21,,305.79,,0.0,,Sasal Kote - Challas,
11-01-006-00022-001389,2010-10-03,,2013-12-01,,2011-07-09,,2006.0,,4.0,,130.48,,168.4,,0.0,,Doongi - Namblan,
11-01-006-00022-001390,2007-12-08,,2010-03-01,,2008-09-23,,2005.0,,7.0,,259.21,,305.79,,0.0,,Sasal Kote - Challas,
11-01-006-00022-001391,2007-12-08,,2010-03-01,,2008-09-23,,2005.0,,7.0,,259.21,,305.79,,0.0,,Sasal Kote - Challas,
11-01-006-00022-001392,2007-12-08,,2010-03-01,,2008-09-23,,2005.0,,7.0,,259.21,,305.79,,0.0,,Sasal Kote - Challas,
11-01-006-00022-001393,,,,,,,,,,,,,,,,,,
11-01-006-00022-001394,2009-01-09,,2010-03-01,,2009-11-26,,2006.0,,3.0,,129.86,,169.03,,0.0,,Kallar - Sawani,
11-01-006-00022-001395,,,,,,,,,,,,,,,,,,
11-01-006-00022-001396,2009-10-01,,2013-04-01,,2010-10-07,,2006.0,,5.0,,185.66,,268.08,,0.0,,Km 19th of T01 - Muradpur,
11-01-006-00022-001397,,,,,,,,,,,,,,,,,,
11-01-006-00022-001398,2011-04-21,,2014-07-01,,2012-04-21,,2007.0,,9.0,,408.12,,536.75,,0.0,,Nagrota - Thathi Badhoon,
11-01-006-00022-001399,2007-12-08,,2010-10-01,,2008-10-24,,2005.0,,8.0,,340.7,,348.38,,0.0,,Charan - Kalal Kass,
11-01-006-00022-001400,,,,,,,,,,,,,,,,,,
11-01-006-00022-001401,,,,,,,,,,,,,,,,,,
11-01-006-00022-001402,,,,,,,,,,,,,,,,,,
11-01-006-00022-001403,,,,,,,,,,,,,,,,,,
11-01-006-00022-001404,,,,,,,,,,,,,,,,,,
11-01-006-00022-001405,,,,,,,,,,,,,,,,,,
11-01-006-00022-001406,,,,,,,,,,,,,,,,,,
11-01-006-00022-001407,,,,,,,,,,,,,,,,,,
11-01-006-00022-001408,,,,,,,,,,,,,,,,,,
11-01-006-00022-001409,2007-12-08,,2010-03-01,,2008-09-23,,2005.0,,7.0,,259.21,,305.79,,0.0,,Sasal Kote - Challas,
11-01-006-00022-001410,2009-02-21,,2012-10-01,,2010-04-30,,2006.0,,10.0,,539.74,,559.58,,0.0,,Nadyala - Bagala,
11-01-006-00022-001411,,,,,,,,,,,,,,,,,,
11-01-006-00022-001412,,,2007-10-01,,,,2001.0,,5.0,,160.27,,141.05,,0.0,,L034 - CHINGUS TO NADYALA,
11-01-006-00022-001413,,,,,,,,,,,,,,,,,,
11-01-006-00022-001414,2011-04-08,,2014-07-01,,2012-04-08,,2007.0,,4.16,,243.1,,324.79,,0.0,,Chingus - Rani Badetar,
11-01-006-00022-001415,,,2007-10-01,,,,2001.0,,5.0,,160.27,,141.05,,0.0,,L034 - CHINGUS TO NADYALA,
11-01-006-00022-001416,,,,,,,,,,,,,,,,,,
11-01-006-00022-001417,,,,,,,,,,,,,,,,,,
11-01-006-00022-001418,2012-12-04,,,,,,2011.0,,,,,,,,,,,
11-01-006-00022-001419,,,,,,,,,,,,,,,,,,
11-01-006-00022-001420,2011-06-29,,2012-08-01,,2012-03-29,,2007.0,,2.4,,70.68,,94.2,,0.0,,Potha - Androla,
11-01-006-00022-001421,2011-06-29,,2012-08-01,,2012-03-29,,2007.0,,2.4,,70.68,,94.2,,0.0,,Potha - Androla,
11-01-006-00022-001422,,,,,,,,,,,,,,,,,,
11-01-006-00022-001423,2011-06-29,,2012-08-01,,2012-03-29,,2007.0,,2.4,,70.68,,94.2,,0.0,,Potha - Androla,
11-01-006-00022-001424,2010-10-27,,2011-10-01,,2011-07-27,,2007.0,,5.0,,168.73,,202.6,,0.0,,Potha - Godhar,
11-01-006-00022-001425,,,,,,,,,,,,,,,,,,
11-01-006-00022-001426,,,,,,,,,,,,,,,,,,
11-01-006-00022-001427,,,,,,,,,,,,,,,,,,
11-01-006-00022-001428,2007-03-08,,2009-09-01,,2009-05-05,,2004.0,,7.0,,211.06,,252.68,,0.0,,MANDHIR GALA - TARKASSI PART- 1,
11-01-006-00022-001429,2007-09-17,,2011-04-01,,2010-03-12,,2005.0,,7.0,,226.07,,309.96,,0.0,,Bindi - Jamola,
11-01-006-00022-001430,2011-10-04,,,,,,2007.0,,,,,,,,,,,
11-01-006-00022-001431,,,,,,,2005.0,,,,,,,,,,,
11-01-006-00022-001432,,,,,,,,,,,,,,,,,,
11-01-006-00023-001433,2011-06-29,,2014-12-01,,2012-06-29,,2007.0,,7.0,,310.28,,402.95,,0.0,,Kotedhera Boundary of Block Rajouri - Soker,
11-01-006-00023-001434,,,,,,,,,,,,,,,,,,
11-01-006-00023-001435,2011-07-25,,2013-05-01,,2012-07-28,,2007.0,,6.0,,338.57,,396.93,,0.0,,Prori Gujran - Gura Sarkari,
11-01-006-00023-001436,2007-09-17,,2010-09-01,,2008-06-16,,2005.0,,10.0,,351.11,,355.73,,0.0,,Kotdhara - Gakhrote,
11-01-006-00023-001437,2007-03-08,,2009-09-01,,2009-05-05,,2004.0,,7.0,,211.06,,252.68,,0.0,,MANDHIR GALA - TARKASSI PART- 1,
11-01-006-00023-001438,2011-07-25,,2013-05-01,,2012-07-28,,2007.0,,6.0,,338.57,,396.93,,0.0,,Prori Gujran - Gura Sarkari,
11-01-006-00023-001439,2011-06-02,,2013-03-01,,2012-06-29,,2007.0,,7.0,,381.08,,442.67,,0.0,,Kotedhera - Chambitrar,
11-01-006-00023-001440,2007-12-08,,2011-01-01,,2010-03-11,,2005.0,,11.0,,279.81,,392.86,,0.0,,Mandirgala - Tarkassi,
11-01-006-00023-001441,2011-06-02,,2013-03-01,,2012-06-29,,2007.0,,7.0,,381.08,,442.67,,0.0,,Kotedhera - Chambitrar,
11-01-006-00023-001442,2007-09-03,,2010-10-01,,2008-06-03,,2005.0,,4.0,,135.3,,136.56,,0.0,,Parori - Panhad,
11-01-006-00023-001443,2008-10-20,,2013-07-01,,2009-10-26,,2006.0,,12.0,,594.6,,608.41,,0.0,,Rethal - Khurad,
11-01-006-00023-001444,2011-06-02,,2013-03-01,,2012-06-29,,2007.0,,7.0,,381.08,,442.67,,0.0,,Kotedhera - Chambitrar,
11-01-006-00023-001445,2007-09-17,,2010-09-01,,2008-06-16,,2005.0,,10.0,,351.11,,355.73,,0.0,,Kotdhara - Gakhrote,
11-01-006-00023-001446,,,,,,,,,,,,,,,,,,
11-01-006-00023-001447,,,,,,,,,,,,,,,,,,
11-01-006-00023-001448,2007-03-08,,2009-09-01,,2009-05-05,,2004.0,,7.0,,211.06,,252.68,,0.0,,MANDHIR GALA - TARKASSI PART- 1,
11-01-006-00023-001449,,,,,,,,,,,,,,,,,,
11-01-006-00023-001450,2011-06-29,,,,,,2007.0,,,,,,,,,,,
11-01-006-00023-001451,2012-01-29,,2006-11-01,,2013-10-28,,2003.0,,2.0,,76.92,,86.21,,0.0,,DARRAN BEEGEE,
11-01-006-00023-001452,2009-02-02,,,,,,2006.0,,,,,,,,,,,
11-01-006-00023-001453,2012-02-18,,2013-06-01,,2012-11-17,,2006.0,,2.0,,114.59,,118.33,,0.0,,Dharan - Beejee (Stage-II),
11-01-006-00023-001454,2011-05-21,,2014-02-01,,2012-11-21,,2007.0,,14.3,,852.52,,1095.31,,0.0,,Km 2nd of L023 - Shah Pur,
11-01-006-00023-001455,,,,,,,,,,,,,,,,,,
11-01-006-00023-001456,,,,,,,,,,,,,,,,,,
11-01-006-00023-001457,,,,,,,,,,,,,,,,,,
11-01-006-00023-001458,,,,,,,,,,,,,,,,,,
11-01-006-00023-001459,2008-01-15,,2014-08-01,,2009-01-14,,2005.0,,14.0,,567.42,,624.83,,0.0,,Kandi - Mohra,
11-01-006-00023-001460,2011-05-21,,2014-02-01,,2012-11-21,,2007.0,,14.3,,852.52,,1095.31,,0.0,,Km 2nd of L023 - Shah Pur,
11-01-006-00023-001461,2008-01-15,,2014-08-01,,2009-01-14,,2005.0,,14.0,,567.42,,624.83,,0.0,,Kandi - Mohra,
11-01-006-00023-001462,,,,,,,,,,,,,,,,,,
11-01-006-00023-001463,2005-01-11,,2008-10-01,,2008-10-11,,2001.0,,5.0,,154.75,,131.61,,0.0,,Kandi to Hubbi,
11-01-006-00023-001464,2007-09-16,,2011-02-01,,2010-03-08,,2005.0,,7.0,,297.07,,305.02,,0.0,,Manorgala - Swari,
11-01-006-00023-001465,2007-09-17,,2011-04-01,,2010-03-12,,2005.0,,7.0,,226.07,,309.96,,0.0,,Bindi - Jamola,
11-01-006-00023-001466,2008-01-15,,2013-07-01,,2008-10-14,,2005.0,,12.0,,683.98,,690.41,,0.0,,Kandi - Khah,
11-01-006-00023-001467,2007-08-17,,2013-03-01,,2008-06-17,,2005.0,,6.0,,248.93,,250.86,,0.0,,Kandi Gala - Kanthol,
11-01-006-00023-001468,2011-07-16,,,,,,2007.0,,,,,,,,,,,
11-01-006-00023-001469,2012-02-18,,2013-06-01,,2012-11-17,,2006.0,,2.0,,114.59,,118.33,,0.0,,Dharan - Beejee (Stage-II),
11-01-006-00023-001470,,,,,,,,,,,,,,,,,,
11-01-006-00023-001471,,,,,,,,,,,,,,,,,,
11-01-006-00023-001472,,,,,,,,,,,,,,,,,,
11-01-006-00023-001473,2009-09-05,,,,,,2005.0,,,,,,,,,,,
11-01-006-00023-001474,2013-10-25,,,,,,2007.0,,,,,,,,,,,
11-01-006-00023-001475,,,,,,,,,,,,,,,,,,
11-01-006-00023-001476,2007-12-24,,2014-06-01,,2008-09-05,,2005.0,,10.0,,635.64,,639.86,,0.0,,Badal - Gondhi,
11-01-006-00023-001477,2011-10-04,,2014-03-01,,2012-12-04,,2007.0,,10.0,,733.86,,835.17,,0.0,,Km 4th of L025 - Pehra,
11-01-006-00023-001478,,,,,,,2007.0,,,,,,,,,,,
11-01-006-00023-001479,,,,,,,2007.0,,,,,,,,,,,
11-01-006-00023-001480,,,,,,,2007.0,,,,,,,,,,,
11-01-006-00023-001481,,,,,,,,,,,,,,,,,,
11-01-006-00023-001482,2013-05-30,,,,,,2012.0,,,,,,,,,,,
11-01-006-00023-001483,,,,,,,,,,,,,,,,,,
11-01-006-00023-001484,2007-12-08,,2011-01-01,,2010-03-11,,2005.0,,11.0,,279.81,,392.86,,0.0,,Mandirgala - Tarkassi,
11-01-006-00024-001485,,,,,,,,,,,,,,,,,,
11-01-006-00024-001486,,,,,,,,,,,,,,,,,,
11-01-006-00024-001487,2009-01-19,,2009-10-01,,2009-12-20,,2006.0,,4.0,,162.35,,174.97,,0.0,,T01 Km 62th - Khadrian,
11-01-006-00024-001488,,,,,,,,,,,,,,,,,,
11-01-006-00024-001489,,,,,,,,,,,,,,,,,,
11-01-006-00024-001490,,,,,,,,,,,,,,,,,,
11-01-006-00024-001491,2007-06-22,,2008-05-01,,2008-05-15,,2005.0,,3.0,,67.45,,83.83,,0.0,,Barmandal - Som,
11-01-006-00024-001492,,,2007-09-01,,,,2001.0,,6.0,,175.82,,156.9,,0.0,,L041 - BARMANDAL TO BARAH,
11-01-006-00024-001493,2008-10-20,,2009-09-01,,2009-10-26,,2006.0,,6.0,,225.13,,225.71,,0.0,,Broh - Dungote,
11-01-006-00024-001494,2008-10-20,,2009-09-01,,2009-10-26,,2006.0,,6.0,,225.13,,225.71,,0.0,,Broh - Dungote,
11-01-006-00024-001495,2008-10-20,,2009-09-01,,2009-10-26,,2006.0,,6.0,,225.13,,225.71,,0.0,,Broh - Dungote,
11-01-006-00024-001496,2008-10-20,,2009-09-01,,2009-10-26,,2006.0,,6.0,,225.13,,225.71,,0.0,,Broh - Dungote,
11-01-006-00024-001497,,,,,,,,,,,,,,,,,,
11-01-006-00024-001498,,,,,,,,,,,,,,,,,,
11-01-006-00024-001499,2008-10-20,,2009-09-01,,2009-10-26,,2006.0,,6.0,,225.13,,225.71,,0.0,,Broh - Dungote,
11-01-006-00024-001500,,,,,,,,,,,,,,,,,,
11-01-006-00024-001501,,,,,,,,,,,,,,,,,,
11-01-006-00024-001502,,,,,,,,,,,,,,,,,,
11-01-006-00024-001503,,,,,,,,,,,,,,,,,,
11-01-006-00024-001504,,,2007-09-01,,,,2001.0,,6.0,,175.82,,156.9,,0.0,,L041 - BARMANDAL TO BARAH,
11-01-006-00024-001505,,,,,,,,,,,,,,,,,,
11-01-006-00024-001506,,,,,,,,,,,,,,,,,,
11-01-006-00024-001507,,,,,,,,,,,,,,,,,,
11-01-006-00024-001508,,,,,,,,,,,,,,,,,,
11-01-006-00024-001509,,,,,,,,,,,,,,,,,,
11-01-006-00024-001510,,,,,,,,,,,,,,,,,,
11-01-006-00024-001511,2007-12-08,,2008-11-01,,2008-10-24,,2005.0,,2.0,,52.31,,65.73,,0.0,,Sair - Dalyote,
11-01-006-00024-001512,,,,,,,,,,,,,,,,,,
11-01-006-00024-001513,,,,,,,,,,,,,,,,,,
11-01-006-00024-001514,,,,,,,,,,,,,,,,,,
11-01-006-00024-001515,,,,,,,,,,,,,,,,,,
11-01-006-00024-001516,,,,,,,,,,,,,,,,,,
11-01-006-00024-001517,,,,,,,,,,,,,,,,,,
11-01-006-00024-001518,2007-03-08,,2008-02-01,,2008-03-08,,2004.0,,2.0,,56.95,,68.89,,0.0,,Jungrial - Treru Road,
11-01-006-00024-001519,,,,,,,,,,,,,,,,,,
11-01-006-00024-001520,,,,,,,,,,,,,,,,,,
11-01-006-00024-001521,,,,,,,,,,,,,,,,,,
11-01-006-00024-001522,,,,,,,,,,,,,,,,,,
11-01-006-00024-001523,,,,,,,,,,,,,,,,,,
11-01-006-00024-001524,,,,,,,,,,,,,,,,,,
11-01-006-00024-001525,,,,,,,,,,,,,,,,,,
11-01-006-00024-001526,,,,,,,,,,,,,,,,,,
11-01-006-00024-001527,,,,,,,,,,,,,,,,,,
11-01-006-00024-001528,,,,,,,,,,,,,,,,,,
11-01-006-00024-001529,,,,,,,,,,,,,,,,,,
11-01-006-00024-001530,2010-10-18,,2011-09-01,,2011-07-18,,2007.0,,2.0,,96.9,,99.39,,0.0,,Dhalyote - Dhanwan,
11-01-006-00024-001531,,,,,,,,,,,,,,,,,,
11-01-006-00024-001532,,,,,,,,,,,,,,,,,,
11-01-006-00024-001533,,,,,,,,,,,,,,,,,,
11-01-006-00024-001534,,,,,,,,,,,,,,,,,,
11-01-006-00024-001535,2013-09-23,,,,,,2012.0,,,,,,,,,,,
11-01-006-00024-001536,2013-09-23,,,,,,2012.0,,,,,,,,,,,
11-01-006-00024-001537,2013-09-23,,,,,,2012.0,,,,,,,,,,,
11-01-006-00024-001538,2013-09-23,,,,,,2012.0,,,,,,,,,,,
11-01-006-00024-001539,2013-09-23,,,,,,2012.0,,,,,,,,,,,
11-01-006-00024-001540,,,,,,,,,,,,,,,,,,
11-01-006-00024-001541,,,,,,,,,,,,,,,,,,
11-01-006-00024-001542,,,,,,,,,,,,,,,,,,
11-01-006-00024-001543,2013-09-23,,,,,,2012.0,,,,,,,,,,,
11-01-006-00024-001544,,,,,,,,,,,,,,,,,,
11-01-006-00024-001545,,,,,,,,,,,,,,,,,,
11-01-006-00024-001546,,,,,,,,,,,,,,,,,,
11-01-006-00024-001547,,,,,,,,,,,,,,,,,,
11-01-006-00024-001548,,,,,,,,,,,,,,,,,,
11-01-006-00024-001549,,2009-08-13,,2010-08-01,,2010-08-19,,2006.0,,2.0,,88.46,,91.74,,0.0,,TO3 Km 4th - Bravi
11-01-006-00024-001550,,,,,,,,,,,,,,,,,,
11-01-006-00024-001551,2010-10-18,,2013-01-01,,2011-07-18,,2007.0,,4.08,,150.81,,166.31,,0.0,,Bravi - Kote Kabu,
11-01-006-00024-001552,,,,,,,,,,,,,,,,,,
11-01-006-00025-001554,,,,,,,,,,,,,,,,,,
11-01-006-00025-001555,,,,,,,,,,,,,,,,,,
11-01-006-00025-001556,2009-01-28,,2010-04-01,,2010-04-06,,2006.0,,2.9,,103.91,,104.85,,0.0,,Lam - Pukhrani,
11-01-006-00025-001557,,,,,,,,,,,,,,,,,,
11-01-006-00025-001558,,,,,,,,,,,,,,,,,,
11-01-006-00025-001559,,,,,,,,,,,,,,,,,,
11-01-006-00025-001560,,,,,,,,,,,,,,,,,,
11-01-006-00025-001561,,,,,,,,,,,,,,,,,,
11-01-006-00025-001562,,,,,,,,,,,,,,,,,,
11-01-006-00025-001563,,,,,,,,,,,,,,,,,,
11-01-006-00025-001564,,,,,,,,,,,,,,,,,,
11-01-006-00025-001565,,,,,,,,,,,,,,,,,,
11-01-006-00025-001566,2009-06-10,,2010-04-01,,2010-03-17,,2006.0,,2.5,,91.26,,93.56,,0.0,,T03 Km 29th - Seriah,
11-01-006-00025-001567,,,,,,,,,,,,,,,,,,
11-01-006-00025-001568,,,,,,,,,,,,,,,,,,
11-01-006-00025-001569,,,,,,,,,,,,,,,,,,
11-01-006-00025-001570,,,,,,,,,,,,,,,,,,
11-01-006-00025-001571,,,,,,,,,,,,,,,,,,
11-01-006-00025-001572,,,,,,,,,,,,,,,,,,
11-01-006-00025-001573,,,,,,,,,,,,,,,,,,
11-01-006-00025-001574,,,,,,,,,,,,,,,,,,
11-01-006-00025-001575,2009-02-21,,2013-03-01,,2010-05-01,,2006.0,,8.9,,446.16,,447.78,,0.0,,T01 (Km 36th Narrian) - Dahgani,
11-01-006-00025-001576,2009-02-21,,2013-03-01,,2010-05-01,,2006.0,,8.9,,446.16,,447.78,,0.0,,T01 (Km 36th Narrian) - Dahgani,
11-01-006-00025-001577,,,,,,,,,,,,,,,,,,
11-01-006-00025-001578,,,,,,,,,,,,,,,,,,
11-01-006-00025-001579,,,,,,,,,,,,,,,,,,
11-01-006-00025-001580,2005-07-06,2009-10-16,2007-03-01,2010-11-01,2006-04-07,2010-10-21,2003.0,2006.0,4.4,1.26,111.77,83.57,121.65,83.7,0.0,0.0,,T01 Km 11th - Rajal
11-01-006-00025-001581,2008-11-26,,2010-04-01,,2009-09-04,,2006.0,,3.0,,118.17,,118.58,,0.0,,T01 Km 8th - Bagnoti Morah,
11-01-006-00025-001582,,,,,,,,,,,,,,,,,,
11-01-006-00025-001583,,,,,,,,,,,,,,,,,,
11-01-006-00025-001584,2008-12-12,,2011-07-01,,2009-12-18,,2006.0,,7.2,,438.92,,445.85,,0.0,,Lamberi - Palsi Hill,
11-01-006-00025-001585,,,,,,,,,,,,,,,,,,
11-01-006-00025-001586,,,,,,,,,,,,,,,,,,
11-01-006-00025-001587,,,,,,,,,,,,,,,,,,
11-01-006-00025-001588,,,,,,,,,,,,,,,,,,
11-01-006-00025-001589,2005-07-06,,2007-03-01,,2006-04-07,,2003.0,,4.4,,111.77,,121.65,,0.0,,RAJAL (THATI) HANJANA,
11-01-006-00025-001591,,,,,,,,,,,,,,,,,,
11-01-006-00025-001592,,,,,,,,,,,,,,,,,,
11-01-006-00025-001593,2009-02-21,,2012-03-01,,2012-03-31,,2006.0,,3.58,,135.45,,150.39,,0.0,,Chowki Handan - Gania,
11-01-006-00025-001595,,,,,,,,,,,,,,,,,,
11-01-006-00025-001596,,,,,,,,,,,,,,,,,,
11-01-006-00025-001597,,,,,,,,,,,,,,,,,,
11-01-006-00025-001598,,,,,,,,,,,,,,,,,,
11-01-006-00025-001599,2005-07-06,,2007-03-01,,2006-04-07,,2003.0,,4.4,,111.77,,121.65,,0.0,,RAJAL (THATI) HANJANA,
11-01-006-00025-001600,,,,,,,,,,,,,,,,,,
11-01-006-00025-001601,,,,,,,,,,,,,,,,,,
11-01-006-00025-001602,2005-07-06,,2007-03-01,,2006-04-07,,2003.0,,4.4,,111.77,,121.65,,0.0,,RAJAL (THATI) HANJANA,
11-01-006-00025-001603,,,,,,,,,,,,,,,,,,
11-01-006-00025-001604,,,,,,,,,,,,,,,,,,
11-01-006-00025-001605,,,,,,,,,,,,,,,,,,
11-01-006-00025-001606,,,,,,,,,,,,,,,,,,
11-01-006-00025-001607,2008-11-26,,2010-03-01,,2009-08-26,,2006.0,,1.55,,163.42,,164.69,,0.0,,Mangiote - Sehal,
11-01-006-00025-001608,,,,,,,,,,,,,,,,,,
11-01-006-00026-001610,,,,,,,,,,,,,,,,,,
11-01-006-00026-001611,,,,,,,,,,,,,,,,,,
11-01-006-00026-001612,,,,2014-07-01,,,,2006.0,,10.97,,602.65,,632.73,,0.0,,Prat A - Part B upto Km 4th of T03
11-01-006-00026-001613,,,,,,,,,,,,,,,,,,
11-01-006-00026-001614,,,2006-11-01,,,,2000.0,,4.7,,134.28,,134.28,,0.0,,L024 - MAKOL TO BARNARA,
11-01-006-00026-001615,,,,,,,,,,,,,,,,,,
11-01-006-00026-001616,,,,,,,,,,,,,,,,,,
11-01-006-00026-001617,,,,,,,,,,,,,,,,,,
11-01-006-00026-001618,,,,,,,2011.0,,,,,,,,,,,
11-01-006-00026-001619,,,,,,,2011.0,,,,,,,,,,,
11-01-006-00026-001620,,,,,,,,,,,,,,,,,,
11-01-006-00026-001621,,,,,,,,,,,,,,,,,,
11-01-006-00026-001622,,,,,,,,,,,,,,,,,,
11-01-006-00026-001623,,,,,,,2011.0,,,,,,,,,,,
11-01-006-00026-001624,,,2011-12-01,,,,2006.0,,4.0,,94.37,,108.09,,0.0,,Siya - Bandrai,
11-01-006-00026-001625,,,,,,,,,,,,,,,,,,
11-01-006-00026-001626,,,2006-11-01,,,,2000.0,,4.7,,134.28,,134.28,,0.0,,L024 - MAKOL TO BARNARA,
11-01-006-00026-001627,,,2013-05-01,,,,2006.0,,5.0,,83.16,,85.08,,0.0,,Mawa - Gura Charala,
11-01-006-00026-001628,,,2013-05-01,,,,2006.0,,5.0,,83.16,,85.08,,0.0,,Mawa - Gura Charala,
11-01-006-00026-001629,,,2012-06-01,,,,2006.0,,5.0,,150.78,,145.15,,0.0,,Mawa - Langer,
11-01-006-00026-001630,,,,,,,,,,,,,,,,,,
11-01-006-00026-001631,,,,,,,,,,,,,,,,,,
11-01-006-00026-001632,,,,,,,,,,,,,,,,,,
11-01-006-00026-001633,,,,,,,,,,,,,,,,,,
11-01-006-00026-001634,,,,,,,,,,,,,,,,,,
11-01-006-00026-001635,,,,,,,,,,,,,,,,,,
11-01-006-00026-001636,,,,,,,,,,,,,,,,,,
11-01-006-00026-001637,,,,,,,,,,,,,,,,,,
11-01-006-00026-001638,,,,2013-11-01,,,,2006.0,,6.6,,422.98,,409.81,,0.0,,Dhok Banyar - Meenica
11-01-006-00026-001639,,,,,,,,,,,,,,,,,,
11-01-006-00026-001640,,,,,,,,,,,,,,,,,,
11-01-006-00026-001641,,,,2013-11-01,,,,2006.0,,6.6,,422.98,,409.81,,0.0,,Dhok Banyar - Meenica
11-01-006-00026-001642,,,,,,,,,,,,,,,,,,
11-01-006-00026-001643,,,,,,,,,,,,,,,,,,
11-01-006-00026-001644,,,,,,,,,,,,,,,,,,
11-01-006-00026-001645,,,,,,,,,,,,,,,,,,
11-01-006-00026-001646,,,2012-11-01,,,,2006.0,,4.0,,158.43,,158.76,,0.0,,Kelideh - Kuldubi,
11-01-006-00026-001647,,,,,,,,,,,,,,,,,,
11-01-006-00026-001648,,,,,,,,,,,,,,,,,,
11-01-006-00026-001649,,,,,,,,,,,,,,,,,,
11-01-006-00026-001650,,,,,,,2011.0,,,,,,,,,,,
11-01-006-00026-001651,,,,,,,,,,,,,,,,,,
11-01-007-00027-001653,2010-12-29,,,,,,2006.0,,,,,,,,,,,
11-01-007-00027-001654,2010-02-02,,,,,,2006.0,,,,,,,,,,,
11-01-007-00027-001655,2008-10-14,,,,,,2006.0,,,,,,,,,,,
11-01-007-00027-001656,2010-12-29,,,,,,2006.0,,,,,,,,,,,
11-01-007-00027-001657,2010-12-29,,,,,,2006.0,,,,,,,,,,,
11-01-007-00027-001658,2010-12-29,,,,,,2006.0,,,,,,,,,,,
11-01-007-00027-001659,2010-02-02,,2007-10-01,,,,2001.0,,1.5,,39.11,,41.11,,0.0,,Katli to Kaloran,
11-01-007-00027-001660,,,,,,,,,,,,,,,,,,
11-01-007-00027-001661,,,,,,,,,,,,,,,,,,
11-01-007-00027-001662,,2011-04-30,,,,,,2006.0,,,,,,,,,,
11-01-007-00027-001663,2008-10-14,,2007-10-01,,,,2001.0,,1.5,,39.11,,41.11,,0.0,,Katli to Kaloran,
11-01-007-00027-001664,2008-10-14,,2010-04-01,,2010-04-30,,2006.0,,2.73,,78.76,,81.46,,0.0,,Rair - Beggan,
11-01-007-00027-001665,2010-02-02,,,,,,2006.0,,,,,,,,,,,
11-01-007-00027-001666,2010-02-02,,,,,,2006.0,,,,,,,,,,,
11-01-007-00027-001667,2010-02-02,,,,,,2006.0,,,,,,,,,,,
11-01-007-00027-001668,,,,,,,2005.0,,,,,,,,,,,
11-01-007-00027-001669,,,,,,,2005.0,,,,,,,,,,,
11-01-007-00027-001670,,,,,,,,,,,,,,,,,,
11-01-007-00027-001671,2008-09-17,,2008-03-01,,2008-03-31,,2005.0,,4.22,,85.2,,86.09,,0.0,,Sailana - Aglidhar,
11-01-007-00027-001672,2011-05-05,,2012-11-01,,2012-02-05,,2007.0,,2.37,,95.38,,110.22,,0.0,,Lakhri - Drab,
11-01-007-00027-001673,2008-11-10,,2010-04-01,,2010-04-30,,2006.0,,4.18,,150.88,,171.2,,0.0,,Nagrota - Banyari,
11-01-007-00027-001674,2008-11-10,,2010-04-01,,2010-04-30,,2006.0,,4.18,,150.88,,171.2,,0.0,,Nagrota - Banyari,
11-01-007-00027-001675,2007-07-23,,2008-12-01,,2008-04-23,,2005.0,,4.6,,100.0,,122.14,,0.0,,Kilther - Amuwala,
11-01-007-00027-001676,2007-07-23,,2008-12-01,,2008-04-23,,2005.0,,4.6,,100.0,,122.14,,0.0,,Kilther - Amuwala,
11-01-007-00027-001677,,,,,,,,,,,,,,,,,,
11-01-007-00027-001678,2008-11-10,,2010-04-01,,2010-04-30,,2006.0,,4.18,,150.88,,171.2,,0.0,,Nagrota - Banyari,
11-01-007-00027-001679,2008-10-20,,2010-05-01,,2010-04-30,,2006.0,,6.75,,334.83,,340.47,,0.0,,Sialana - Derli,
11-01-007-00027-001680,2008-10-20,,2010-05-01,,2010-04-30,,2006.0,,6.75,,334.83,,340.47,,0.0,,Sialana - Derli,
11-01-007-00027-001681,,,,,,,,,,,,,,,,,,
11-01-007-00027-001682,,,,,,,,,,,,,,,,,,
11-01-007-00027-001683,,,,,,,,,,,,,,,,,,
11-01-007-00027-001684,,,,,,,,,,,,,,,,,,
11-01-007-00027-001685,,,,,,,,,,,,,,,,,,
11-01-007-00027-001686,2010-02-02,,,,,,2006.0,,,,,,,,,,,
11-01-007-00027-001687,,,,,,,,,,,,,,,,,,
11-01-007-00027-001688,2008-12-12,,2014-05-01,,2012-10-31,,2006.0,,4.5,,203.0,,204.58,,0.0,,Garh - Bathri,
11-01-007-00027-001689,,2011-04-30,,,,,,2006.0,,,,,,,,,,
11-01-007-00027-001690,,2011-04-30,,,,,,2006.0,,,,,,,,,,
11-01-007-00027-001691,,2011-04-30,,,,,,2006.0,,,,,,,,,,
11-01-007-00027-001692,,,,,,,,,,,,,,,,,,
11-01-007-00027-001693,,,,,,,,,,,,,,,,,,
11-01-007-00027-001694,,,,,,,,,,,,,,,,,,
11-01-007-00027-001695,,,,,,,,,,,,,,,,,,
11-01-007-00027-001696,,,,,,,,,,,,,,,,,,
11-01-007-00027-001697,,,,,,,,,,,,,,,,,,
11-01-007-00027-001698,,2011-04-30,,,,,,2006.0,,,,,,,,,,
11-01-007-00027-001699,,2011-04-30,,,,,,2006.0,,,,,,,,,,
11-01-007-00027-001700,2008-09-06,,2011-04-01,,2011-04-30,,2006.0,,2.9,,130.4,,139.11,,0.0,,Parnalla - Katni,
11-01-007-00027-001701,2008-09-06,,2011-04-01,,2011-04-30,,2006.0,,2.9,,130.4,,139.11,,0.0,,Parnalla - Katni,
11-01-007-00027-001702,2008-09-06,,2011-04-01,,2011-04-30,,2006.0,,2.9,,130.4,,139.11,,0.0,,Parnalla - Katni,
11-01-007-00027-001703,,,,,,,,,,,,,,,,,,
11-01-007-00027-001704,,,,,,,,,,,,,,,,,,
11-01-007-00027-001705,,2011-04-30,,,,,,2006.0,,,,,,,,,,
11-01-007-00027-001706,2008-12-12,,2014-05-01,,2012-10-31,,2006.0,,4.5,,203.0,,204.58,,0.0,,Garh - Bathri,
11-01-007-00027-001707,,,,,,,,,,,,,,,,,,
11-01-007-00027-001708,,,,,,,,,,,,,,,,,,
11-01-007-00027-001709,2008-09-17,,2008-03-01,,2008-03-31,,2005.0,,4.22,,85.2,,86.09,,0.0,,Sailana - Aglidhar,
11-01-007-00027-001710,2008-10-20,,2010-05-01,,2010-04-30,,2006.0,,6.75,,334.83,,340.47,,0.0,,Sialana - Derli,
11-01-007-00027-001711,,,,,,,,,,,,,,,,,,
11-01-007-00027-001712,,,,,,,,,,,,,,,,,,
11-01-007-00027-001713,2010-07-23,,2012-05-01,,2012-05-08,,2006.0,,10.0,,332.85,,346.24,,0.0,,Galak - Upper Rajwalta,
11-01-007-00027-001714,2008-11-10,,2010-04-01,,2010-04-30,,2006.0,,4.18,,150.88,,171.2,,0.0,,Nagrota - Banyari,
11-01-007-00027-001715,2008-09-17,,2006-08-01,,,,2001.0,,1.5,,34.14,,36.57,,0.0,,Sailana to Aglidhar,
11-01-007-00027-001716,,,,,,,,,,,,,,,,,,
11-01-007-00027-001717,,,,,,,,,,,,,,,,,,
11-01-007-00028-001719,,,,,,,,,,,,,,,,,,
11-01-007-00028-001720,,,,,,,,,,,,,,,,,,
11-01-007-00028-001721,,,,,,,,,,,,,,,,,,
11-01-007-00028-001722,,,,,,,,,,,,,,,,,,
11-01-007-00028-001723,,,,,,,,,,,,,,,,,,
11-01-007-00028-001724,2008-10-20,,2013-01-01,,2009-11-01,,2006.0,,5.0,,328.12,,330.7,,0.0,,Jandrali - Bhikher (Phase-Ist),
11-01-007-00028-001725,2012-02-27,,,,,,2007.0,,,,,,,,,,,
11-01-007-00028-001726,2008-10-20,,2013-01-01,,2009-11-01,,2006.0,,5.0,,328.12,,330.7,,0.0,,Jandrali - Bhikher (Phase-Ist),
11-01-007-00028-001727,,,,,,,,,,,,,,,,,,
11-01-007-00028-001728,2008-10-20,,2013-01-01,,2009-11-01,,2006.0,,5.0,,328.12,,330.7,,0.0,,Jandrali - Bhikher (Phase-Ist),
11-01-007-00028-001729,2011-06-02,,2014-06-01,,2012-03-02,,2007.0,,2.79,,160.95,,180.88,,0.0,,Kholyan Talai - Samoodh,
11-01-007-00028-001730,,,,,,,,,,,,,,,,,,
11-01-007-00028-001731,,,,,,,,,,,,,,,,,,
11-01-007-00028-001732,,,,,,,,,,,,,,,,,,
11-01-007-00028-001733,,,,,,,,,,,,,,,,,,
11-01-007-00028-001734,,,,,,,,,,,,,,,,,,
11-01-007-00028-001735,,,2006-07-01,,,,2001.0,,1.0,,27.09,,26.84,,0.0,,Nagrota - Khermat,
11-01-007-00028-001736,,,,,,,,,,,,,,,,,,
11-01-007-00028-001737,,,2006-07-01,,,,2001.0,,1.0,,27.09,,26.84,,0.0,,Nagrota - Khermat,
11-01-007-00028-001738,,,2006-07-01,,,,2001.0,,1.0,,27.09,,26.84,,0.0,,Nagrota - Khermat,
11-01-007-00028-001739,,,,,,,,,,,,,,,,,,
11-01-007-00028-001740,,,,,,,,,,,,,,,,,,
11-01-007-00028-001741,,,,,,,,,,,,,,,,,,
11-01-007-00028-001742,,,,,,,,,,,,,,,,,,
11-01-007-00028-001743,,,,,,,,,,,,,,,,,,
11-01-007-00028-001744,,,,,,,,,,,,,,,,,,
11-01-007-00028-001745,,,,,,,,,,,,,,,,,,
11-01-007-00028-001746,,,,,,,,,,,,,,,,,,
11-01-007-00028-001747,,,,,,,,,,,,,,,,,,
11-01-007-00028-001748,,,,,,,,,,,,,,,,,,
11-01-007-00028-001749,,,,,,,,,,,,,,,,,,
11-01-007-00028-001750,2010-07-03,,,,,,2006.0,,,,,,,,,,,
11-01-007-00028-001751,,,,,,,,,,,,,,,,,,
11-01-007-00028-001752,,,,,,,,,,,,,,,,,,
11-01-007-00028-001753,,,,,,,,,,,,,,,,,,
11-01-007-00028-001754,,,,,,,,,,,,,,,,,,
11-01-007-00028-001755,,,,,,,,,,,,,,,,,,
11-01-007-00028-001756,,,,,,,,,,,,,,,,,,
11-01-007-00029-001758,,,,,,,,,,,,,,,,,,
11-01-007-00029-001759,,,,,,,,,,,,,,,,,,
11-01-007-00029-001760,,,,,,,,,,,,,,,,,,
11-01-007-00029-001761,,,,,,,,,,,,,,,,,,
11-01-007-00029-001762,,,,,,,,,,,,,,,,,,
11-01-007-00029-001763,,,,,,,,,,,,,,,,,,
11-01-007-00029-001764,,,,,,,,,,,,,,,,,,
11-01-007-00029-001765,,,,,,,,,,,,,,,,,,
11-01-007-00029-001766,,,,,,,,,,,,,,,,,,
11-01-007-00029-001767,,,,,,,,,,,,,,,,,,
11-01-007-00029-001768,,,,,,,,,,,,,,,,,,
11-01-007-00029-001769,,,,,,,,,,,,,,,,,,
11-01-007-00029-001770,,,,,,,,,,,,,,,,,,
11-01-007-00029-001771,,,,,,,,,,,,,,,,,,
11-01-007-00029-001772,,,,,,,,,,,,,,,,,,
11-01-007-00029-001773,,,,,,,,,,,,,,,,,,
11-01-007-00029-001774,,,,,,,,,,,,,,,,,,
11-01-007-00029-001775,,,,,,,,,,,,,,,,,,
11-01-007-00029-001776,,,,,,,,,,,,,,,,,,
11-01-007-00029-001777,,,,,,,,,,,,,,,,,,
11-01-007-00029-001778,2005-05-18,,2012-10-01,,2006-02-17,,2003.0,,3.0,,187.42,,114.45,,0.0,,Sarthli(Lower) to Sitti(Phase-1),
11-01-007-00029-001779,,,,,,,,,,,,,,,,,,
11-01-007-00029-001780,2011-07-19,,,,,,2006.0,,,,,,,,,,,
11-01-007-00029-001781,2011-07-19,,,,,,2006.0,,,,,,,,,,,
11-01-007-00029-001782,,,,,,,,,,,,,,,,,,
11-01-007-00029-001783,2005-05-18,,2012-10-01,,2006-02-17,,2003.0,,3.0,,187.42,,114.45,,0.0,,Sarthli(Lower) to Sitti(Phase-1),
11-01-007-00029-001784,2011-07-19,,,,,,2006.0,,,,,,,,,,,
11-01-007-00029-001785,,,,,,,,,,,,,,,,,,
11-01-007-00029-001786,,,,,,,,,,,,,,,,,,
11-01-007-00029-001787,,,,,,,,,,,,,,,,,,
11-01-007-00029-001788,,,,,,,,,,,,,,,,,,
11-01-007-00029-001789,,,,,,,,,,,,,,,,,,
11-01-007-00029-001790,,,,,,,,,,,,,,,,,,
11-01-007-00030-001791,,,,,,,,,,,,,,,,,,
11-01-007-00030-001792,,,,,,,,,,,,,,,,,,
11-01-007-00030-001793,,,,,,,,,,,,,,,,,,
11-01-007-00030-001794,,,,,,,,,,,,,,,,,,
11-01-007-00030-001795,,,,,,,,,,,,,,,,,,
11-01-007-00030-001796,,,,,,,,,,,,,,,,,,
11-01-007-00030-001797,,,2013-02-01,,,,2007.0,,3.5,,133.23,,162.78,,0.0,,Hatli - Dukhet,
11-01-007-00030-001798,,,,,,,,,,,,,,,,,,
11-01-007-00030-001799,,,2013-02-01,,,,2007.0,,3.5,,133.23,,162.78,,0.0,,Hatli - Dukhet,
11-01-007-00030-001800,,,,,,,,,,,,,,,,,,
11-01-007-00030-001801,,,,,,,,,,,,,,,,,,
11-01-007-00030-001802,,,,,,,,,,,,,,,,,,
11-01-007-00030-001803,,,2007-03-01,,,,2001.0,,3.2,,75.21,,84.82,,0.0,,T01 km 7th - Malu,
11-01-007-00030-001804,,,,,,,2004.0,,,,,,,,,,,
11-01-007-00030-001805,,,,,,,,,,,,,,,,,,
11-01-007-00030-001806,,,,,,,,,,,,,,,,,,
11-01-007-00030-001807,,,,,,,,,,,,,,,,,,
11-01-007-00030-001808,,,,,,,,,,,,,,,,,,
11-01-007-00030-001809,,,,,,,,,,,,,,,,,,
11-01-007-00030-001810,,,,,,,,,,,,,,,,,,
11-01-007-00030-001811,,,,,,,,,,,,,,,,,,
11-01-007-00030-001812,,,,,,,,,,,,,,,,,,
11-01-007-00030-001813,,,,,,,,,,,,,,,,,,
11-01-007-00030-001814,,,,,,,,,,,,,,,,,,
11-01-007-00030-001815,,,,,,,,,,,,,,,,,,
11-01-007-00030-001816,,,,,,,,,,,,,,,,,,
11-01-007-00030-001817,,,,,,,,,,,,,,,,,,
11-01-007-00030-001818,,,,,,,,,,,,,,,,,,
11-01-007-00030-001819,,,,,,,,,,,,,,,,,,
11-01-007-00030-001821,,,,,,,,,,,,,,,,,,
11-01-007-00030-001822,,,,,,,,,,,,,,,,,,
11-01-007-00030-001823,,,,,,,,,,,,,,,,,,
11-01-007-00030-001824,,,,,,,,,,,,,,,,,,
11-01-007-00030-001825,,,,,,,,,,,,,,,,,,
11-01-007-00030-001826,,,,,,,,,,,,,,,,,,
11-01-007-00030-001827,,,,,,,,,,,,,,,,,,
11-01-007-00030-001828,,,,,,,,,,,,,,,,,,
11-01-007-00030-001829,,,,,,,,,,,,,,,,,,
11-01-007-00030-001830,,,,,,,,,,,,,,,,,,
11-01-007-00030-001831,,,,,,,,,,,,,,,,,,
11-01-007-00030-001832,,,,,,,,,,,,,,,,,,
11-01-007-00030-001833,,,,,,,,,,,,,,,,,,
11-01-007-00030-001834,,,,,,,,,,,,,,,,,,
11-01-007-00030-001835,,,,,,,,,,,,,,,,,,
11-01-007-00030-001836,,,,,,,,,,,,,,,,,,
11-01-007-00030-001837,,,,,,,,,,,,,,,,,,
11-01-007-00030-001838,,,,,,,,,,,,,,,,,,
11-01-007-00030-001839,,,,,,,,,,,,,,,,,,
11-01-007-00030-001840,,,,,,,,,,,,,,,,,,
11-01-007-00030-001841,,,,,,,,,,,,,,,,,,
11-01-007-00030-001842,,,,,,,,,,,,,,,,,,
11-01-007-00030-001843,,,,,,,,,,,,,,,,,,
11-01-007-00030-001844,,,,,,,,,,,,,,,,,,
11-01-007-00030-001845,,,,,,,2012.0,,,,,,,,,,,
11-01-007-00030-001846,,,,,,,,,,,,,,,,,,
11-01-007-00030-001847,,,,,,,,,,,,,,,,,,
11-01-007-00030-001848,,,,,,,,,,,,,,,,,,
11-01-007-00030-001849,,,,,,,,,,,,,,,,,,
11-01-007-00030-001850,,,,,,,,,,,,,,,,,,
11-01-007-00030-001851,,,,,,,,,,,,,,,,,,
11-01-007-00030-001852,,,,,,,,,,,,,,,,,,
11-01-007-00030-001853,,,2007-03-01,,,,2001.0,,3.2,,75.21,,84.82,,0.0,,T01 km 7th - Malu,
11-01-007-00030-001854,,,,,,,,,,,,,,,,,,
11-01-007-00030-001855,,,,,,,,,,,,,,,,,,
11-01-007-00030-001856,,,,,,,,,,,,,,,,,,
11-01-007-00030-001857,,,,,,,,,,,,,,,,,,
11-01-007-00030-001858,,,,,,,,,,,,,,,,,,
11-01-007-00030-001859,,,,,,,,,,,,,,,,,,
11-01-007-00030-001860,,,,,,,,,,,,,,,,,,
11-01-007-00030-001861,,,2007-10-01,,,,2001.0,,1.3,,33.43,,44.16,,0.0,,Patyani - Tridwani,
11-01-007-00030-001862,,,,,,,,,,,,,,,,,,
11-01-007-00030-001863,,,,,,,,,,,,,,,,,,
11-01-007-00030-001864,,,,,,,,,,,,,,,,,,
11-01-007-00030-001865,,,,,,,,,,,,,,,,,,
11-01-007-00030-001866,,,,,,,,,,,,,,,,,,
11-01-007-00030-001867,,,,,,,,,,,,,,,,,,
11-01-007-00030-001868,,,,,,,,,,,,,,,,,,
11-01-007-00030-001869,,,,,,,,,,,,,,,,,,
11-01-007-00030-001870,,,,,,,,,,,,,,,,,,
11-01-007-00030-001871,,,,,,,,,,,,,,,,,,
11-01-007-00030-001872,,,,,,,,,,,,,,,,,,
11-01-007-00030-001873,,,2013-12-01,,,,2006.0,,2.85,,96.52,,98.05,,0.0,,L026 - L024 KM 5TH TO DHANNA,
11-01-007-00030-001874,,,,,,,,,,,,,,,,,,
11-01-007-00030-001875,,,2014-06-01,,,,2004.0,,4.25,,113.03,,126.99,,0.0,,LT ROAD - VILLAGE DHANORE,
11-01-007-00030-001877,,,,,,,,,,,,,,,,,,
11-01-007-00030-001878,,,,,,,,,,,,,,,,,,
11-01-007-00030-001879,,,,,,,,,,,,,,,,,,
11-01-007-00030-001880,,,,,,,,,,,,,,,,,,
11-01-007-00030-001881,,,,,,,,,,,,,,,,,,
11-01-007-00030-001882,,,,,,,,,,,,,,,,,,
11-01-007-00030-001883,,,,,,,,,,,,,,,,,,
11-01-007-00030-001884,,,,,,,,,,,,,,,,,,
11-01-007-00030-001885,,,,,,,,,,,,,,,,,,
11-01-007-00030-001886,,,,,,,,,,,,,,,,,,
11-01-007-00030-001887,,,,,,,,,,,,,,,,,,
11-01-007-00030-001888,,,,,,,,,,,,,,,,,,
11-01-007-00030-001890,,,,,,,,,,,,,,,,,,
11-01-007-00030-001891,,,,,,,,,,,,,,,,,,
11-01-007-00030-001892,,,,,,,,,,,,,,,,,,
11-01-007-00030-001893,,,,,,,,,,,,,,,,,,
11-01-007-00030-001894,,,,,,,,,,,,,,,,,,
11-01-007-00030-001895,,,,,,,,,,,,,,,,,,
11-01-007-00030-001896,,,,,,,,,,,,,,,,,,
11-01-007-00030-001897,,,,,,,,,,,,,,,,,,
11-01-007-00030-001898,,,,,,,,,,,,,,,,,,
11-01-007-00030-001899,,,,,,,,,,,,,,,,,,
11-01-007-00030-001900,,,,,,,,,,,,,,,,,,
11-01-007-00030-001901,,,2008-04-01,,,,2004.0,,1.0,,11.14,,15.62,,0.0,,L052 - T03 Km 5th to Chak Gadha Dhar,
11-01-007-00030-001902,,,,,,,,,,,,,,,,,,
11-01-007-00030-001903,,,,,,,,,,,,,,,,,,
11-01-007-00030-001904,,,,,,,,,,,,,,,,,,
11-01-007-00030-001905,,,,,,,,,,,,,,,,,,
11-01-007-00030-001906,,,,,,,,,,,,,,,,,,
11-01-007-00030-001907,,,,,,,,,,,,,,,,,,
11-01-007-00030-001908,,,,,,,,,,,,,,,,,,
11-01-007-00030-001909,,,,,,,,,,,,,,,,,,
11-01-007-00030-001910,,,,,,,,,,,,,,,,,,
11-01-007-00030-001911,2008-11-15,,2014-01-01,,2009-06-28,,2006.0,,2.0,,95.43,,96.99,,0.0,,Nagri road (Muthi Jagir) - Dadoli,
11-01-007-00030-001913,,,,,,,,,,,,,,,,,,
11-01-007-00030-001914,,,,,,,,,,,,,,,,,,
11-01-007-00030-001915,,,,,,,,,,,,,,,,,,
11-01-007-00030-001916,,,,,,,,,,,,,,,,,,
11-01-007-00030-001917,,,,,,,,,,,,,,,,,,
11-01-007-00030-001918,,,,,,,,,,,,,,,,,,
11-01-007-00030-001920,,,,,,,,,,,,,,,,,,
11-01-007-00030-001921,,,,,,,,,,,,,,,,,,
11-01-007-00030-001922,,,,,,,,,,,,,,,,,,
11-01-007-00030-001923,,,,,,,,,,,,,,,,,,
11-01-007-00030-001924,,,,,,,,,,,,,,,,,,
11-01-007-00030-001925,2008-11-15,,2014-01-01,,2009-06-28,,2006.0,,2.0,,95.43,,96.99,,0.0,,Nagri road (Muthi Jagir) - Dadoli,
11-01-007-00030-001926,,,,,,,,,,,,,,,,,,
11-01-007-00030-001927,,,,,,,,,,,,,,,,,,
11-01-007-00030-001928,,,,,,,,,,,,,,,,,,
11-01-007-00030-001929,,,,,,,,,,,,,,,,,,
11-01-007-00030-001930,,,,,,,,,,,,,,,,,,
11-01-007-00030-001931,,,,,,,,,,,,,,,,,,
11-01-007-00030-001932,,,,,,,,,,,,,,,,,,
11-01-007-00030-001933,,,,,,,,,,,,,,,,,,
11-01-007-00030-001934,,,,,,,,,,,,,,,,,,
11-01-007-00030-001935,,,,,,,,,,,,,,,,,,
11-01-007-00030-001936,,,,,,,,,,,,,,,,,,
11-01-007-00030-001937,,,,,,,,,,,,,,,,,,
11-01-007-00030-001938,,,,,,,,,,,,,,,,,,
11-01-007-00030-001939,,,,,,,,,,,,,,,,,,
11-01-007-00030-001940,,,,,,,,,,,,,,,,,,
11-01-007-00030-001941,,,,,,,,,,,,,,,,,,
11-01-007-00030-001942,,,,,,,,,,,,,,,,,,
11-01-007-00030-001943,,,,,,,,,,,,,,,,,,
11-01-007-00030-001944,,,,,,,,,,,,,,,,,,
11-01-007-00030-001945,,,,,,,,,,,,,,,,,,
11-01-007-00030-001946,,,,,,,,,,,,,,,,,,
11-01-007-00030-001947,,,,,,,,,,,,,,,,,,
11-01-007-00030-001948,,,,,,,,,,,,,,,,,,
11-01-007-00030-001949,,,,,,,,,,,,,,,,,,
11-01-007-00030-001950,,,,,,,,,,,,,,,,,,
11-01-007-00030-001951,,,,,,,,,,,,,,,,,,
11-01-007-00030-001952,,,,,,,2004.0,,,,,,,,,,,
11-01-007-00030-001953,,,,,,,,,,,,,,,,,,
11-01-007-00030-001954,,,,,,,,,,,,,,,,,,
11-01-007-00030-001955,,,,,,,,,,,,,,,,,,
11-01-007-00030-001956,,,,,,,,,,,,,,,,,,
11-01-007-00030-001957,,,,,,,,,,,,,,,,,,
11-01-007-00030-001958,,,,,,,,,,,,,,,,,,
11-01-007-00030-001959,,,,,,,,,,,,,,,,,,
11-01-007-00030-001960,,,,,,,,,,,,,,,,,,
11-01-007-00030-001961,,,,,,,,,,,,,,,,,,
11-01-007-00031-001972,2007-03-08,,2008-07-01,,2008-03-22,,2004.0,,1.96,,48.19,,56.63,,0.0,,Badoli (Saida) - Chilkh,
11-01-007-00031-001973,,,,,,,,,,,,,,,,,,
11-01-007-00031-001974,,,,,,,,,,,,,,,,,,
11-01-007-00031-001975,,,,,,,,,,,,,,,,,,
11-01-007-00031-001976,,,,,,,,,,,,,,,,,,
11-01-007-00031-001977,,,,,,,,,,,,,,,,,,
11-01-007-00031-001978,,,,,,,,,,,,,,,,,,
11-01-007-00031-001979,,,,,,,,,,,,,,,,,,
11-01-007-00031-001980,,,,,,,,,,,,,,,,,,
11-01-007-00031-001982,,,,,,,,,,,,,,,,,,
11-01-007-00031-001983,,,,,,,,,,,,,,,,,,
11-01-007-00031-001984,,,,,,,,,,,,,,,,,,
11-01-007-00031-001985,,,,,,,,2006.0,,,,,,,,,,
11-01-007-00031-001986,,,,,,,,,,,,,,,,,,
11-01-007-00031-001987,,,,,,,,,,,,,,,,,,
11-01-007-00031-001988,,,,,,,,,,,,,,,,,,
11-01-007-00031-001989,,,,,,,,,,,,,,,,,,
11-01-007-00031-001990,,,,,,,,2006.0,,,,,,,,,,
11-01-007-00031-001991,,,,,,,,,,,,,,,,,,
11-01-007-00031-001992,,,,,,,,,,,,,,,,,,
11-01-007-00031-001993,,,,,,,,,,,,,,,,,,
11-01-007-00031-001994,,,,,,,,,,,,,,,,,,
11-01-007-00031-001995,,,,,,,,,,,,,,,,,,
11-01-007-00031-001996,,,,,,,,,,,,,,,,,,
11-01-007-00031-001997,,,,,,,,,,,,,,,,,,
11-01-007-00031-001998,,,,,,,,,,,,,,,,,,
11-01-007-00031-001999,,,,,,,,,,,,,,,,,,
11-01-007-00031-002000,,,,,,,,,,,,,,,,,,
11-01-007-00031-002001,,,,,,,,,,,,,,,,,,
11-01-007-00031-002002,,,,,,,,,,,,,,,,,,
11-01-007-00031-002004,,,,,,,,,,,,,,,,,,
11-01-007-00031-002005,,,,,,,,,,,,,,,,,,
11-01-007-00031-002006,,,,,,,,,,,,,,,,,,
11-01-007-00031-002007,,,,,,,,,,,,,,,,,,
11-01-007-00031-002008,,,,,,,,,,,,,,,,,,
11-01-007-00031-002009,,,,,,,,,,,,,,,,,,
11-01-007-00031-002010,,,,,,,,,,,,,,,,,,
11-01-007-00031-002011,,,,,,,,,,,,,,,,,,
11-01-007-00031-002012,,,,,,,,,,,,,,,,,,
11-01-007-00031-002013,,,,,,,,,,,,,,,,,,
11-01-007-00031-002014,,,,,,,,,,,,,,,,,,
11-01-007-00031-002015,,,,,,,,,,,,,,,,,,
11-01-007-00031-002016,2008-09-15,,2011-06-01,,2009-06-30,,2006.0,,4.25,,91.53,,97.17,,0.0,,Chhan Rorian (T02) - Gair,
11-01-007-00031-002017,,,,,,,,,,,,,,,,,,
11-01-007-00031-002018,,,,,,,,,,,,,,,,,,
11-01-007-00031-002019,,,,,,,,,,,,,,,,,,
11-01-007-00031-002020,,,,,,,,,,,,,,,,,,
11-01-007-00031-002021,,,,,,,,,,,,,,,,,,
11-01-007-00031-002022,,,,,,,,,,,,,,,,,,
11-01-007-00031-002023,,,,,,,,,,,,,,,,,,
11-01-007-00031-002025,,,,,,,,,,,,,,,,,,
11-01-007-00031-002026,,,,,,,,,,,,,,,,,,
11-01-007-00031-002027,,,,,,,,,,,,,,,,,,
11-01-007-00031-002028,,,,,,,,,,,,,,,,,,
11-01-007-00031-002029,,,,,,,,,,,,,,,,,,
11-01-007-00031-002030,,,,,,,,,,,,,,,,,,
11-01-007-00031-002031,,,,,,,,,,,,,,,,,,
11-01-007-00031-002032,,,,,,,,,,,,,,,,,,
11-01-007-00031-002033,,,,,,,,,,,,,,,,,,
11-01-007-00031-002034,,,,,,,,,,,,,,,,,,
11-01-007-00031-002035,,,,,,,,,,,,,,,,,,
11-01-007-00031-002036,,,,,,,,,,,,,,,,,,
11-01-007-00031-002037,,,,,,,,,,,,,,,,,,
11-01-007-00031-002038,,,,,,,,,,,,,,,,,,
11-01-007-00031-002039,,,,,,,,,,,,,,,,,,
11-01-007-00031-002040,,,,,,,,,,,,,,,,,,
11-01-007-00031-002041,,,,,,,,,,,,,,,,,,
11-01-007-00031-002042,,,,,,,,,,,,,,,,,,
11-01-007-00031-002043,,,2007-11-01,,,,2001.0,,1.35,,34.67,,39.08,,0.0,,PATHWAL TO KARWAL,
11-01-007-00031-002044,,,,,,,,,,,,,,,,,,
11-01-007-00031-002045,,,,,,,,,,,,,,,,,,
11-01-007-00031-002046,,,,,,,,,,,,,,,,,,
11-01-007-00031-002047,,,2007-11-01,,,,2001.0,,1.35,,34.67,,39.08,,0.0,,PATHWAL TO KARWAL,
11-01-007-00031-002048,,,,,,,,,,,,,,,,,,
11-01-007-00031-002049,,,,,,,,,,,,,,,,,,
11-01-007-00031-002050,,,,,,,,,,,,,,,,,,
11-01-007-00031-002051,,,,,,,,,,,,,,,,,,
11-01-007-00031-002052,2008-09-15,,2011-06-01,,2009-06-30,,2006.0,,4.25,,91.53,,97.17,,0.0,,Chhan Rorian (T02) - Gair,
11-01-007-00031-002053,,,,,,,,,,,,,,,,,,
11-01-007-00031-002054,2008-09-15,,2011-06-01,,2009-06-30,,2006.0,,4.25,,91.53,,97.17,,0.0,,Chhan Rorian (T02) - Gair,
11-01-007-00031-002055,,,,,,,,,,,,,,,,,,
11-01-007-00031-002056,,,,,,,,,,,,,,,,,,
11-01-007-00031-002057,,,,,,,,,,,,,,,,,,
11-01-007-00031-002058,,,,,,,,,,,,,,,,,,
11-01-007-00031-002059,,,,,,,,,,,,,,,,,,
11-01-007-00031-002060,,,,,,,,,,,,,,,,,,
11-01-007-00031-002061,,,,,,,,,,,,,,,,,,
11-01-007-00031-002062,,,,,,,,,,,,,,,,,,
11-01-007-00031-002063,,,,,,,,,,,,,,,,,,
11-01-007-00031-002064,,,,,,,,,,,,,,,,,,
11-01-007-00031-002065,,,,,,,,,,,,,,,,,,
11-01-007-00031-002066,,,,,,,,,,,,,,,,,,
11-01-007-00031-002067,,,,,,,,,,,,,,,,,,
11-01-007-00031-002068,,,,,,,,,,,,,,,,,,
11-01-007-00031-002069,,,,,,,,,,,,,,,,,,
11-01-007-00031-002070,,,,,,,,,,,,,,,,,,
11-01-007-00031-002071,,,,,,,,,,,,,,,,,,
11-01-007-00031-002072,,,,,,,,,,,,,,,,,,
11-01-007-00031-002073,,,,,,,,,,,,,,,,,,
11-01-007-00031-002074,,,,,,,,,,,,,,,,,,
11-01-007-00031-002075,,,,,,,,,,,,,,,,,,
11-01-007-00031-002076,,,,,,,,,,,,,,,,,,
11-01-007-00031-002077,,,,,,,,,,,,,,,,,,
11-01-007-00031-002078,,,,,,,,,,,,,,,,,,
11-01-007-00031-002079,,,,,,,,,,,,,,,,,,
11-01-007-00031-002080,,,,,,,,,,,,,,,,,,
11-01-007-00031-002081,,,,,,,,,,,,,,,,,,
11-01-007-00031-002082,,,,,,,,,,,,,,,,,,
11-01-007-00031-002083,,,,,,,,,,,,,,,,,,
11-01-007-00031-002084,,,,,,,,,,,,,,,,,,
11-01-007-00031-002085,,,,,,,,,,,,,,,,,,
11-01-007-00031-002086,,,,,,,,,,,,,,,,,,
11-01-007-00031-002087,,,,,,,,,,,,,,,,,,
11-01-007-00031-002088,,,,,,,,,,,,,,,,,,
11-01-007-00031-002089,,,,,,,,,,,,,,,,,,
11-01-007-00031-002091,,,,,,,,,,,,,,,,,,
11-01-007-00031-002092,,,,,,,,,,,,,,,,,,
11-01-007-00031-002093,,,,,,,,,,,,,,,,,,
11-01-007-00031-002094,,,,,,,,,,,,,,,,,,
11-01-007-00031-002095,,,,,,,,,,,,,,,,,,
11-01-007-00031-002096,,,,,,,,,,,,,,,,,,
11-01-007-00031-002097,,,,,,,,,,,,,,,,,,
11-01-007-00031-002098,,,,,,,,,,,,,,,,,,
11-01-007-00031-002099,,,,,,,,,,,,,,,,,,
11-01-007-00031-002100,,,,,,,,,,,,,,,,,,
11-01-007-00031-002101,,,,,,,,,,,,,,,,,,
11-01-007-00031-002102,,,,,,,,,,,,,,,,,,
11-01-007-00031-002103,,,,,,,,,,,,,,,,,,
11-01-007-00031-002104,,,,,,,,,,,,,,,,,,
11-01-007-00031-002105,,,,,,,,,,,,,,,,,,
11-01-007-00031-002107,,,,,,,,,,,,,,,,,,
11-01-007-00031-002108,,,,,,,,,,,,,,,,,,
11-01-007-00031-002109,,,,,,,,,,,,,,,,,,
11-01-007-00031-002110,,,,,,,,,,,,,,,,,,
11-01-007-00031-002111,,,,,,,,,,,,,,,,,,
11-01-007-00031-002112,,,,,,,,,,,,,,,,,,
11-01-007-00031-002113,,,,,,,,,,,,,,,,,,
11-01-007-00031-002114,,,,,,,,,,,,,,,,,,
11-01-007-00031-002115,,,,,,,,,,,,,,,,,,
11-01-007-00031-002116,,,,,,,,,,,,,,,,,,
11-01-007-00031-002117,,,,,,,,,,,,,,,,,,
11-01-007-00031-002118,,,,,,,,,,,,,,,,,,
11-01-007-00031-002119,,,,,,,,,,,,,,,,,,
11-01-007-00031-002120,,,,,,,,,,,,,,,,,,
11-01-007-00031-002121,,,,,,,,,,,,,,,,,,
11-01-007-00031-002122,,,,,,,,,,,,,,,,,,
11-01-007-00031-002123,,,,,,,,,,,,,,,,,,
11-01-007-00031-002124,,,,,,,,,,,,,,,,,,
11-01-007-00031-002125,,,,,,,,,,,,,,,,,,
11-01-007-00031-002126,,,,,,,,,,,,,,,,,,
11-01-007-00031-002127,,,,,,,,,,,,,,,,,,
11-01-007-00031-002128,,,,,,,,,,,,,,,,,,
11-01-007-00031-002129,,,,,,,,,,,,,,,,,,
11-01-007-00031-002130,,,,,,,,,,,,,,,,,,
11-01-007-00031-002131,,,,,,,,,,,,,,,,,,
11-01-007-00031-002132,,,,,,,,,,,,,,,,,,
11-01-007-00031-002133,,,,,,,,,,,,,,,,,,
11-01-007-00031-002134,,,,,,,,,,,,,,,,,,
11-01-007-00031-002135,,,,,,,,,,,,,,,,,,
11-01-007-00031-002136,,,,,,,,,,,,,,,,,,
11-01-007-00031-002137,,,,,,,,,,,,,,,,,,
11-01-007-00031-002138,,,,,,,,,,,,,,,,,,
11-01-007-00031-002139,,,,,,,,,,,,,,,,,,
11-01-007-00031-002140,,,,,,,,,,,,,,,,,,
11-01-007-00031-002141,,,,,,,,,,,,,,,,,,
11-01-007-00031-002142,2008-09-10,,2009-10-01,,2009-06-25,,2006.0,,0.53,,18.24,,18.83,,0.0,,L030 - L029 Km 4th Chak Jawahar to Chak Devo,
11-01-007-00031-002143,,,,,,,,,,,,,,,,,,
11-01-007-00031-002144,,,,,,,,,,,,,,,,,,
11-01-007-00031-002145,,,,,,,,,,,,,,,,,,
11-01-007-00031-002146,,,,,,,,,,,,,,,,,,
11-01-007-00031-002148,,,,,,,,,,,,,,,,,,
11-01-007-00031-002149,,,2005-12-01,,,,2000.0,,2.3,,62.12,,62.13,,0.0,,_Sultanpur - Handey Chak,
11-01-007-00031-002150,,,,,,,,,,,,,,,,,,
11-01-007-00031-002151,,,,,,,,,,,,,,,,,,
11-01-007-00031-002152,,,,,,,,,,,,,,,,,,
11-01-007-00031-002153,,,,,,,,,,,,,,,,,,
11-01-007-00031-002154,,,,,,,,,,,,,,,,,,
11-01-007-00031-002155,,,,,,,,,,,,,,,,,,
11-01-007-00031-002156,,,,,,,,,,,,,,,,,,
11-01-007-00031-002157,,,2006-11-01,,,,2000.0,,1.83,,59.17,,59.23,,0.0,,_Mirajpur - Chack Shama,
11-01-007-00031-002158,,,,,,,,,,,,,,,,,,
11-01-007-00031-002159,,,,,,,,,,,,,,,,,,
11-01-007-00031-002160,,,,,,,,,,,,,,,,,,
11-01-007-00031-002161,,,,,,,,,,,,,,,,,,
11-01-007-00031-002162,,,,,,,,,,,,,,,,,,
11-01-007-00031-002163,,,,,,,,,,,,,,,,,,
11-01-007-00031-002164,,,,,,,,,,,,,,,,,,
11-01-007-00031-002165,,,,,,,,,,,,,,,,,,
11-01-007-00031-002168,,,,,,,,,,,,,,,,,,
11-01-007-00031-002169,,,,,,,,,,,,,,,,,,
11-01-007-00031-002170,,,,,,,,,,,,,,,,,,
11-01-007-00031-002171,,,,,,,,,,,,,,,,,,
11-01-007-00031-002172,,,,,,,,,,,,,,,,,,
11-01-007-00031-002173,,,,,,,,,,,,,,,,,,
11-01-007-00031-002174,,,,,,,,,,,,,,,,,,
11-01-008-00032-002175,,,,,,,,,,,,,,,,,,
11-01-008-00032-002176,,,,,,,,,,,,,,,,,,
11-01-008-00032-002177,,,,,,,,,,,,,,,,,,
11-01-008-00032-002178,,,,,,,,,,,,,,,,,,
11-01-008-00032-002179,,,,,,,,,,,,,,,,,,
11-01-008-00032-002180,,,,,,,,,,,,,,,,,,
11-01-008-00032-002181,,,,,,,,,,,,,,,,,,
11-01-008-00032-002182,2008-08-05,,2013-02-01,,2010-02-19,,2006.0,,14.15,,405.32,,459.92,,0.0,,Sangri Top - Rampora Rajpora,
11-01-008-00032-002183,,,,,,,,,,,,,,,,,,
11-01-008-00032-002184,,,,,,,,,,,,,,,,,,
11-01-008-00032-002185,,,,,,,,,,,,,,,,,,
11-01-008-00032-002187,,,,,,,,,,,,,,,,,,
11-01-008-00032-002188,,,,,,,,,,,,,,,,,,
11-01-008-00032-002189,,,,,,,,,,,,,,,,,,
11-01-008-00032-002190,,,,,,,,,,,,,,,,,,
11-01-008-00032-002191,,,,,,,,,,,,,,,,,,
11-01-008-00032-002192,,,,,,,,,,,,,,,,,,
11-01-008-00032-002193,,,,,,,,,,,,,,,,,,
11-01-008-00032-002194,,,,,,,,,,,,,,,,,,
11-01-008-00032-002195,,,,,,,,,,,,,,,,,,
11-01-008-00032-002196,,,,,,,,,,,,,,,,,,
11-01-008-00032-002197,2002-04-07,,2012-10-01,,2003-09-30,,2000.0,,1.75,,22.38,,23.81,,0.0,,Road from Seeru to Darpora,
11-01-008-00032-002198,,,,,,,,,,,,,,,,,,
11-01-008-00032-002199,,,,,,,,,,,,,,,,,,
11-01-008-00032-002200,,,,,,,,,,,,,,,,,,
11-01-008-00032-002201,,,,,,,,,,,,,,,,,,
11-01-008-00032-002202,,,,,,,,,,,,,,,,,,
11-01-008-00032-002203,,,,,,,,,,,,,,,,,,
11-01-008-00032-002204,,,,,,,,,,,,,,,,,,
11-01-008-00032-002205,,,,,,,,,,,,,,,,,,
11-01-008-00032-002206,,,,,,,,,,,,,,,,,,
11-01-008-00032-002207,,,,,,,,,,,,,,,,,,
11-01-008-00032-002208,,,,,,,,,,,,,,,,,,
11-01-008-00032-002209,,,,,,,,,,,,,,,,,,
11-01-008-00032-002210,,,,,,,,,,,,,,,,,,
11-01-008-00032-002211,,,,,,,,,,,,,,,,,,
11-01-008-00032-002212,,,,,,,,,,,,,,,,,,
11-01-008-00032-002213,,2009-07-21,,2013-02-01,,2011-03-22,,2006.0,,5.0,,310.49,,321.68,,0.0,,Sopore - Mazbugh
11-01-008-00032-002214,2002-11-27,,2012-10-01,,2003-01-15,,2001.0,,3.5,,54.36,,76.26,,0.0,,Gurseer to Darapora,
11-01-008-00032-002215,,,,,,,,,,,,,,,,,,
11-01-008-00032-002216,,,,,,,,,,,,,,,,,,
11-01-008-00032-002217,,,,,,,,,,,,,,,,,,
11-01-008-00032-002218,,,,,,,,,,,,,,,,,,
11-01-008-00032-002219,,,,,,,,,,,,,,,,,,
11-01-008-00032-002220,,,,,,,,,,,,,,,,,,
11-01-008-00032-002221,,,,,,,,,,,,,,,,,,
11-01-008-00032-002222,,,,,,,,,,,,,,,,,,
11-01-008-00032-002223,,,,,,,,,,,,,,,,,,
11-01-008-00032-002224,,,,,,,,,,,,,,,,,,
11-01-008-00032-002225,,,,,,,,,,,,,,,,,,
11-01-008-00032-002226,,,,,,,,,,,,,,,,,,
11-01-008-00032-002227,,,,,,,,,,,,,,,,,,
11-01-008-00032-002228,,,,,,,,,,,,,,,,,,
11-01-008-00032-002229,,,,,,,,,,,,,,,,,,
11-01-008-00032-002230,,,,,,,,,,,,,,,,,,
11-01-008-00032-002231,,,,,,,,,,,,,,,,,,
11-01-008-00033-002235,,,,,,,,,,,,,,,,,,
11-01-008-00033-002236,,,,,,,,,,,,,,,,,,
11-01-008-00033-002237,,,,,,,,,,,,,,,,,,
11-01-008-00033-002238,,,,,,,,,,,,,,,,,,
11-01-008-00033-002239,,,,,,,,,,,,,,,,,,
11-01-008-00033-002240,,,,,,,,,,,,,,,,,,
11-01-008-00033-002241,,,,,,,,,,,,,,,,,,
11-01-008-00033-002242,,,,,,,,,,,,,,,,,,
11-01-008-00033-002243,,,,,,,,,,,,,,,,,,
11-01-008-00033-002244,,,,,,,,,,,,,,,,,,
11-01-008-00033-002245,,,,,,,,,,,,,,,,,,
11-01-008-00033-002246,,,,,,,,,,,,,,,,,,
11-01-008-00033-002247,,,,,,,,,,,,,,,,,,
11-01-008-00033-002248,,,,,,,,,,,,,,,,,,
11-01-008-00033-002249,,,,,,,,,,,,,,,,,,
11-01-008-00033-002250,,,,,,,,,,,,,,,,,,
11-01-008-00033-002251,,,,,,,,,,,,,,,,,,
11-01-008-00033-002252,,,,,,,,,,,,,,,,,,
11-01-008-00033-002253,,,,,,,,,,,,,,,,,,
11-01-008-00033-002254,,,,,,,,,,,,,,,,,,
11-01-008-00033-002255,,,,,,,,,,,,,,,,,,
11-01-008-00033-002256,,,,,,,,,,,,,,,,,,
11-01-008-00033-002257,,,,,,,,,,,,,,,,,,
11-01-008-00033-002258,,,,,,,,,,,,,,,,,,
11-01-008-00033-002259,,,,,,,,,,,,,,,,,,
11-01-008-00033-002260,,,,,,,,,,,,,,,,,,
11-01-008-00033-002261,,,,,,,,,,,,,,,,,,
11-01-008-00033-002262,,,,,,,,,,,,,,,,,,
11-01-008-00033-002263,,,,,,,,,,,,,,,,,,
11-01-008-00033-002264,,,,,,,,,,,,,,,,,,
11-01-008-00033-002265,,,,,,,,,,,,,,,,,,
11-01-008-00033-002266,,,,,,,,,,,,,,,,,,
11-01-008-00033-002267,,,,,,,,,,,,,,,,,,
11-01-008-00033-002268,,,,,,,,,,,,,,,,,,
11-01-008-00033-002269,,,,,,,,,,,,,,,,,,
11-01-008-00033-002270,,,,,,,,,,,,,,,,,,
11-01-008-00033-002271,,,,,,,,,,,,,,,,,,
11-01-008-00033-002272,,,,,,,,,,,,,,,,,,
11-01-008-00033-002273,,,,,,,,,,,,,,,,,,
11-01-008-00033-002274,,,,,,,,,,,,,,,,,,
11-01-008-00033-002275,,,,,,,,,,,,,,,,,,
11-01-008-00033-002276,,,,,,,,,,,,,,,,,,
11-01-008-00033-002277,,,,,,,,,,,,,,,,,,
11-01-008-00033-002278,,,,,,,,,,,,,,,,,,
11-01-008-00033-002279,,,,,,,,,,,,,,,,,,
11-01-008-00033-002280,,,,,,,,,,,,,,,,,,
11-01-008-00033-002281,,,,,,,,,,,,,,,,,,
11-01-008-00033-002282,,,,,,,,,,,,,,,,,,
11-01-008-00033-002283,,,,,,,,,,,,,,,,,,
11-01-008-00033-002284,,,,,,,,,,,,,,,,,,
11-01-008-00033-002285,,,,,,,,,,,,,,,,,,
11-01-008-00033-002286,,,,,,,,,,,,,,,,,,
11-01-008-00033-002287,,,,,,,,,,,,,,,,,,
11-01-008-00033-002288,,,,,,,,,,,,,,,,,,
11-01-008-00033-002289,,,,,,,,,,,,,,,,,,
11-01-008-00033-002290,,,,,,,,,,,,,,,,,,
11-01-008-00033-002291,2009-09-16,,,,,,2003.0,,,,,,,,,,,
11-01-008-00033-002292,,,,,,,,,,,,,,,,,,
11-01-008-00033-002293,,,,,,,,,,,,,,,,,,
11-01-008-00033-002294,,,,,,,,,,,,,,,,,,
11-01-008-00033-002295,,,,,,,,,,,,,,,,,,
11-01-008-00033-002296,,,,,,,,,,,,,,,,,,
11-01-008-00033-002297,,,,,,,,,,,,,,,,,,
11-01-008-00033-002298,,,,,,,,,,,,,,,,,,
11-01-008-00033-002299,,,,,,,,,,,,,,,,,,
11-01-008-00033-002300,2002-10-09,,2012-10-01,,2003-04-20,,2001.0,,2.41,,57.03,,58.88,,0.0,,Rohama to Checkigujre,
11-01-008-00033-002301,,,,,,,,,,,,,,,,,,
11-01-008-00033-002302,,,,,,,,,,,,,,,,,,
11-01-008-00033-002303,,,,,,,,,,,,,,,,,,
11-01-008-00033-002304,,,,,,,,,,,,,,,,,,
11-01-008-00033-002305,,,,,,,,,,,,,,,,,,
11-01-008-00033-002306,,,,,,,,,,,,,,,,,,
11-01-008-00033-002307,,,,,,,,,,,,,,,,,,
11-01-008-00033-002308,,,,,,,,,,,,,,,,,,
11-01-008-00033-002309,,,,,,,,,,,,,,,,,,
11-01-008-00033-800004,,,,,,,,,,,,,,,,,,
11-01-008-00034-002312,,,,,,,,,,,,,,,,,,
11-01-008-00034-002313,,,,,,,,,,,,,,,,,,
11-01-008-00034-002314,,,,,,,,,,,,,,,,,,
11-01-008-00034-002315,,,,,,,,,,,,,,,,,,
11-01-008-00034-002316,,,,,,,,,,,,,,,,,,
11-01-008-00034-002317,,,,,,,,,,,,,,,,,,
11-01-008-00034-002318,,,,,,,,,,,,,,,,,,
11-01-008-00034-002319,,,,,,,,,,,,,,,,,,
11-01-008-00034-002320,,,,,,,,,,,,,,,,,,
11-01-008-00034-002321,,,,,,,,,,,,,,,,,,
11-01-008-00034-002322,,,,,,,,,,,,,,,,,,
11-01-008-00034-002323,,,,,,,,,,,,,,,,,,
11-01-008-00034-002324,,,,,,,,,,,,,,,,,,
11-01-008-00034-002325,,,,,,,,,,,,,,,,,,
11-01-008-00034-002326,,,,,,,,,,,,,,,,,,
11-01-008-00034-002327,,,,,,,,,,,,,,,,,,
11-01-008-00034-002328,,,,,,,,,,,,,,,,,,
11-01-008-00034-002329,2008-10-11,,2012-06-01,,2009-10-28,,2006.0,,3.3,,81.31,,113.05,,0.0,,Nehalpora - PakiporaPayeen,
11-01-008-00034-002330,,,,,,,,,,,,,,,,,,
11-01-008-00034-002331,,,,,,,,,,,,,,,,,,
11-01-008-00034-002332,,,,,,,,,,,,,,,,,,
11-01-008-00034-002333,,,,,,,,,,,,,,,,,,
11-01-008-00034-002335,2007-01-06,,2008-06-01,,2008-06-05,,2004.0,,3.0,,16.62,,37.89,,0.0,,Tilgam - Waripora/Dardpora,
11-01-008-00034-002336,2007-01-06,,2008-06-01,,2008-06-05,,2004.0,,3.0,,16.62,,37.89,,0.0,,Tilgam - Waripora/Dardpora,
11-01-008-00034-002337,,,,,,,,,,,,,,,,,,
11-01-008-00034-002338,,,,,,,,,,,,,,,,,,
11-01-008-00034-002339,,,,,,,,,,,,,,,,,,
11-01-008-00034-002340,,,,,,,,,,,,,,,,,,
11-01-008-00034-002341,,,,,,,,,,,,,,,,,,
11-01-008-00034-002342,,,,,,,,,,,,,,,,,,
11-01-008-00034-002343,,,,,,,,,,,,,,,,,,
11-01-008-00034-002344,,,,,,,,,,,,,,,,,,
11-01-008-00034-002345,2008-10-07,,2010-12-01,,2010-02-26,,2006.0,,1.45,,46.33,,75.95,,0.0,,Tilgam Km 9th of T04 - Dargam,
11-01-008-00034-002346,2008-10-11,,2010-12-01,,2009-05-28,,2006.0,,1.2,,35.48,,48.62,,0.0,,General Road T03 Km 6th - Rasraypora,
11-01-008-00034-002347,,,,,,,,,,,,,,,,,,
11-01-008-00034-002348,,,,,,,,,,,,,,,,,,
11-01-008-00034-002349,,,,,,,,,,,,,,,,,,
11-01-008-00034-002350,,,,,,,,,,,,,,,,,,
11-01-008-00034-002351,,,,,,,,,,,,,,,,,,
11-01-008-00034-002352,,,,,,,,,,,,,,,,,,
11-01-008-00034-002353,,,,,,,,,,,,,,,,,,
11-01-008-00034-002354,,,,,,,,,,,,,,,,,,
11-01-008-00034-002355,,,,,,,,,,,,,,,,,,
11-01-008-00034-002356,,,,,,,,,,,,,,,,,,
11-01-008-00034-002357,,,,,,,,,,,,,,,,,,
11-01-008-00034-002358,,,,,,,,,,,,,,,,,,
11-01-008-00034-002359,,,,,,,,,,,,,,,,,,
11-01-008-00034-002360,,,,,,,,,,,,,,,,,,
11-01-008-00034-002361,,,,,,,,,,,,,,,,,,
11-01-008-00034-002362,,,,,,,,,,,,,,,,,,
11-01-008-00034-002363,,,,,,,,,,,,,,,,,,
11-01-008-00034-002364,,,,,,,,,,,,,,,,,,
11-01-008-00034-002365,,,,,,,,,,,,,,,,,,
11-01-008-00034-002366,,,,,,,,,,,,,,,,,,
11-01-008-00034-002367,,,,,,,,,,,,,,,,,,
11-01-008-00034-002368,,,,,,,,,,,,,,,,,,
11-01-008-00034-002369,,,,,,,,,,,,,,,,,,
11-01-008-00034-002370,,,,,,,,,,,,,,,,,,
11-01-008-00034-002371,,,,,,,,,,,,,,,,,,
11-01-008-00034-002372,,,,,,,,,,,,,,,,,,
11-01-008-00034-002373,,,,,,,,,,,,,,,,,,
11-01-008-00034-002374,,,,,,,,,,,,,,,,,,
11-01-008-00034-002375,,,,,,,,,,,,,,,,,,
11-01-008-00034-002376,,,,,,,,,,,,,,,,,,
11-01-008-00034-002377,,,,,,,,,,,,,,,,,,
11-01-008-00034-002378,,,2012-10-01,,,,2001.0,,1.32,,36.68,,39.19,,0.0,,Mughama to Uchlipora and Nengerpora,
11-01-008-00034-002379,2008-10-10,,2010-12-01,,2010-09-17,,2006.0,,1.0,,30.45,,34.3,,0.0,,Seeru - Dangerpora,
11-01-008-00034-002380,,,,,,,,,,,,,,,,,,
11-01-008-00034-002381,,,,,,,,,,,,,,,,,,
11-01-008-00034-002382,2008-10-11,,2012-06-01,,2009-07-10,,2006.0,,1.5,,77.98,,85.24,,0.0,,T04 Km 7th; - Behrampora,
11-01-008-00034-002383,,,,,,,,,,,,,,,,,,
11-01-008-00034-002384,,,,,,,,,,,,,,,,,,
11-01-008-00034-002385,,,,,,,,,,,,,,,,,,
11-01-008-00034-002386,,,,,,,,,,,,,,,,,,
11-01-008-00034-002387,,,,,,,,,,,,,,,,,,
11-01-008-00034-002389,,,,,,,,,,,,,,,,,,
11-01-008-00034-002390,,,,,,,,,,,,,,,,,,
11-01-008-00034-002391,,,,,,,,,,,,,,,,,,
11-01-008-00034-002392,,,,,,,,,,,,,,,,,,
11-01-008-00034-002393,,,,,,,,,,,,,,,,,,
11-01-008-00034-002394,,,,,,,,,,,,,,,,,,
11-01-008-00034-002395,,,,,,,,,,,,,,,,,,
11-01-008-00034-002396,,,,,,,,,,,,,,,,,,
11-01-008-00034-002397,,,,,,,,,,,,,,,,,,
11-01-008-00034-002398,,,,,,,,,,,,,,,,,,
11-01-008-00034-002399,,,,,,,,,,,,,,,,,,
11-01-008-00034-002400,,,,,,,,,,,,,,,,,,
11-01-008-00034-002401,,,,,,,,,,,,,,,,,,
11-01-008-00034-002402,,,,,,,,,,,,,,,,,,
11-01-008-00034-002403,,,,,,,,,,,,,,,,,,
11-01-008-00034-002404,,,,,,,,,,,,,,,,,,
11-01-008-00034-002405,,,,,,,,,,,,,,,,,,
11-01-008-00034-002406,,,,,,,,,,,,,,,,,,
11-01-008-00035-002407,2008-08-05,,2013-07-01,,2010-02-19,,2006.0,,8.0,,350.19,,444.28,,0.0,,Venkura - Kammar,
11-01-008-00035-002408,,,,,,,,,,,,,,,,,,
11-01-008-00035-002409,,,,,,,,,,,,,,,,,,
11-01-008-00035-002410,,,,,,,,,,,,,,,,,,
11-01-008-00035-002411,,,,,,,,,,,,,,,,,,
11-01-008-00035-002412,,,,,,,,,,,,,,,,,,
11-01-008-00035-002413,,,,,,,,,,,,,,,,,,
11-01-008-00035-002414,,,,,,,,,,,,,,,,,,
11-01-008-00035-002415,,,,,,,,,,,,,,,,,,
11-01-008-00035-002416,,,,,,,,,,,,,,,,,,
11-01-008-00035-002417,,,,,,,,,,,,,,,,,,
11-01-008-00035-002418,,,,,,,,,,,,,,,,,,
11-01-008-00035-002419,,2009-08-20,,2012-12-01,,2011-01-19,,2006.0,,5.7,,259.54,,283.52,,0.0,,Putkha - Mongam
11-01-008-00035-002420,,,,,,,,,,,,,,,,,,
11-01-008-00035-002421,,,,,,,,,,,,,,,,,,
11-01-008-00035-002422,,,,,,,,,,,,,,,,,,
11-01-008-00035-002423,,,,,,,,,,,,,,,,,,
11-01-008-00035-002424,2007-01-06,,2008-05-01,,,,2004.0,,1.0,,22.67,,27.63,,0.0,,Heewan - Latifabad,
11-01-008-00035-002425,,,,,,,,,,,,,,,,,,
11-01-008-00035-002426,,,,,,,,,,,,,,,,,,
11-01-008-00035-002427,2005-06-18,,2008-06-01,,2006-11-17,,2003.0,,14.0,,291.73,,303.54,,0.0,,BOROMANDIR TO HAJIBAL,
11-01-008-00035-002428,,,,,,,,,,,,,,,,,,
11-01-008-00035-002429,,,,,,,,,,,,,,,,,,
11-01-008-00035-002430,,,,,,,,,,,,,,,,,,
11-01-008-00035-002431,,,,,,,,,,,,,,,,,,
11-01-008-00035-002432,,,,,,,,,,,,,,,,,,
11-01-008-00035-002433,,,,,,,,,,,,,,,,,,
11-01-008-00035-002434,,,,,,,,,,,,,,,,,,
11-01-008-00035-002435,,,,,,,,,,,,,,,,,,
11-01-008-00035-002436,,,,,,,,,,,,,,,,,,
11-01-008-00035-002437,2010-02-19,,2011-11-01,,2011-06-05,,2005.0,,1.0,,46.53,,72.5,,0.0,,G.R. Km;10th; of L-40 - Kaliban,
11-01-008-00035-002438,,,,,,,,,,,,,,,,,,
11-01-008-00035-002439,,,,,,,,,,,,,,,,,,
11-01-008-00035-002440,,,,,,,,,,,,,,,,,,
11-01-008-00035-002441,,,,,,,,,,,,,,,,,,
11-01-008-00035-002442,,,,,,,,,,,,,,,,,,
11-01-008-00035-002443,2008-10-07,,2010-11-01,,2009-07-14,,2006.0,,1.5,,49.37,,56.78,,0.0,,Audoora - Shechelwari,
11-01-008-00035-002444,2009-10-29,,2012-03-01,,2011-06-07,,2003.0,,3.2,,121.16,,99.62,,0.0,,ADOORA TO GULISTAN,
11-01-008-00035-002445,2008-10-07,,2010-07-01,,2009-10-14,,2006.0,,3.0,,101.4,,108.36,,0.0,,Namblan - Guriwan,
11-01-008-00035-002446,,,,,,,,,,,,,,,,,,
11-01-008-00035-002447,,,,,,,,,,,,,,,,,,
11-01-008-00035-002448,2007-09-19,,2013-02-01,,2009-03-18,,2005.0,,1.0,,36.54,,51.35,,0.0,,Dangerpora - Larridora,
11-01-008-00036-002454,,,,,,,,,,,,,,,,,,
11-01-008-00036-002455,,,,,,,,,,,,,,,,,,
11-01-008-00036-002456,,,,,,,,,,,,,,,,,,
11-01-008-00036-002457,2008-10-07,,2010-12-01,,2009-06-14,,2006.0,,3.2,,55.57,,56.15,,0.0,,Kriri Kareva - Puthar,
11-01-008-00036-002458,2008-10-07,,2010-12-01,,2009-06-14,,2006.0,,3.2,,55.57,,56.15,,0.0,,Kriri Kareva - Puthar,
11-01-008-00036-002459,,,,,,,,,,,,,,,,,,
11-01-008-00036-002460,,,,,,,,,,,,,,,,,,
11-01-008-00036-002461,,,,,,,,,,,,,,,,,,
11-01-008-00036-002462,,,,,,,,,,,,,,,,,,
11-01-008-00036-002463,,,,,,,,,,,,,,,,,,
11-01-008-00036-002464,,,,,,,,,,,,,,,,,,
11-01-008-00036-002465,,,,,,,,,,,,,,,,,,
11-01-008-00036-002466,,,,,,,,,,,,,,,,,,
11-01-008-00036-002467,,,,,,,,,,,,,,,,,,
11-01-008-00036-002468,,2009-08-20,,2012-12-01,,2011-01-19,,2006.0,,5.7,,259.54,,283.52,,0.0,,Putkha - Mongam
11-01-008-00036-002469,,,,,,,,,,,,,,,,,,
11-01-008-00036-002470,2008-09-20,,2010-11-01,,2009-10-02,,2006.0,,2.0,,61.92,,69.35,,0.0,,Chandoosa - Jathar,
11-01-008-00036-002471,,,,,,,,,,,,,,,,,,
11-01-008-00036-002472,2009-12-29,,2010-12-01,,2011-09-14,,2004.0,,3.0,,21.05,,28.51,,0.0,,Hudpora - Frestdub,
11-01-008-00036-002473,,,,,,,,,,,,,,,,,,
11-01-008-00036-002474,,2009-08-20,,2012-12-01,,2011-01-19,,2006.0,,5.7,,259.54,,283.52,,0.0,,Putkha - Mongam
11-01-008-00036-002475,,,,,,,,,,,,,,,,,,
11-01-008-00036-002476,,,,,,,,,,,,,,,,,,
11-01-008-00036-002477,,,,,,,,,,,,,,,,,,
11-01-008-00036-002478,2008-10-20,,2011-01-01,,2010-03-24,,2006.0,,2.5,,101.69,,115.81,,0.0,,Suchipora - Fresthar,
11-01-008-00036-002479,,,,,,,,,,,,,,,,,,
11-01-008-00036-002480,,,,,,,,,,,,,,,,,,
11-01-008-00036-002481,2009-01-30,,2010-12-01,,2009-10-08,,2006.0,,2.5,,93.37,,94.13,,0.0,,Tangwari Payeen - Harshnar,
11-01-008-00036-002482,,,,,,,,,,,,,,,,,,
11-01-008-00036-002483,,,,,,,,,,,,,,,,,,
11-01-008-00036-002484,,,,,,,,,,,,,,,,,,
11-01-008-00036-002485,2005-07-01,,2008-05-01,,2007-03-13,,2003.0,,3.8,,110.68,,120.64,,0.0,,WAHIDANA TO SHEERPORA,
11-01-008-00036-002486,,,,,,,,,,,,,,,,,,
11-01-008-00036-002487,,,,,,,,,,,,,,,,,,
11-01-008-00036-002488,2008-09-23,,2012-07-01,,2009-09-29,,2006.0,,3.0,,130.12,,135.84,,0.0,,Shirpora - Muran,
11-01-008-00036-002489,,,,,,,,,,,,,,,,,,
11-01-008-00036-002490,,,,,,,,,,,,,,,,,,
11-01-008-00036-002491,,,,,,,,,,,,,,,,,,
11-01-008-00036-002492,,,,,,,,,,,,,,,,,,
11-01-008-00036-002493,2007-01-16,,2008-06-01,,2008-05-16,,2004.0,,3.0,,24.2,,27.58,,0.0,,Dandmoh - Saterseeran,
11-01-008-00036-002494,,,,,,,,,,,,,,,,,,
11-01-008-00036-002495,,,,,,,,,,,,,,,,,,
11-01-008-00036-002496,,,,,,,,,,,,,,,,,,
11-01-008-00036-002497,2008-09-23,,2011-05-01,,2009-05-30,,2006.0,,1.5,,40.92,,46.51,,0.0,,Dudhbugh - Cheki Dudhbugh,
11-01-008-00036-002498,,,,,,,,,,,,,,,,,,
11-01-008-00036-002499,,,,,,,,,,,,,,,,,,
11-01-008-00036-002500,,,,,,,,,,,,,,,,,,
11-01-008-00036-002501,,,,,,,,,,,,,,,,,,
11-01-008-00036-002502,2007-01-06,,2007-07-01,,2008-08-20,,2004.0,,2.5,,11.87,,12.69,,0.0,,Nilsar - Nagbal,
11-01-008-00036-002503,,,,,,,,,,,,,,,,,,
11-01-008-00037-002504,,,,,,,,,,,,,,,,,,
11-01-008-00037-002505,,,,,,,,,,,,,,,,,,
11-01-008-00037-002506,,,,,,,2001.0,,,,,,,,,,,
11-01-008-00037-002507,,,,,,,,,,,,,,,,,,
11-01-008-00037-002508,,,,,,,,,,,,,,,,,,
11-01-008-00037-002509,,,,,,,,,,,,,,,,,,
11-01-008-00037-002510,,,,,,,,,,,,,,,,,,
11-01-008-00037-002511,,,,,,,,,,,,,,,,,,
11-01-008-00037-002512,2011-06-22,,2012-10-01,,2012-12-06,,2007.0,,4.0,,293.9,,317.64,,0.0,,Bandi - Machikrand,
11-01-008-00037-002513,,,,,,,,,,,,,,,,,,
11-01-008-00037-002514,,,,,,,,,,,,,,,,,,
11-01-008-00037-002515,2010-02-19,,2012-10-01,,2011-09-30,,2003.0,,3.0,,105.38,,107.06,,0.0,,DAKIPOST TO KUNDI BIRJALA,
11-01-008-00037-002516,,,,,,,,,,,,,,,,,,
11-01-008-00037-002519,,,,,,,,,,,,,,,,,,
11-01-008-00037-002525,2013-02-23,,,,,,2012.0,,,,,,,,,,,
11-01-008-00037-002526,,,,,,,,,,,,,,,,,,
11-01-008-00037-002527,,,,,,,,,,,,,,,,,,
11-01-008-00037-002528,,,,,,,,,,,,,,,,,,
11-01-008-00037-002529,2013-04-22,,,,,,2012.0,,,,,,,,,,,
11-01-008-00037-002530,2013-04-22,,,,,,2012.0,,,,,,,,,,,
11-01-008-00037-002531,2013-04-22,,,,,,2012.0,,,,,,,,,,,
11-01-008-00037-002532,2010-08-17,,,,,,2006.0,,,,,,,,,,,
11-01-008-00037-002533,2006-01-20,,2010-04-01,,2007-07-19,,2003.0,,8.0,,171.08,,219.93,,0.0,,SALAMABAD TO GOHALLAN,
11-01-008-00037-002534,2006-01-20,,2010-04-01,,2007-07-19,,2003.0,,8.0,,171.08,,219.93,,0.0,,SALAMABAD TO GOHALLAN,
11-01-008-00037-002535,2006-01-20,,2010-04-01,,2007-07-19,,2003.0,,8.0,,171.08,,219.93,,0.0,,SALAMABAD TO GOHALLAN,
11-01-008-00037-002536,,,,,,,,,,,,,,,,,,
11-01-008-00037-002537,,,,,,,,,,,,,,,,,,
11-01-008-00037-002538,2013-01-28,,,,,,2007.0,,,,,,,,,,,
11-01-008-00037-002539,,,,,,,,,,,,,,,,,,
11-01-008-00037-002540,2011-05-27,,,,,,2007.0,,,,,,,,,,,
11-01-008-00037-002541,,,,,,,,,,,,,,,,,,
11-01-008-00037-002542,,,,,,,,,,,,,,,,,,
11-01-008-00037-002543,,,,,,,,,,,,,,,,,,
11-01-008-00037-002544,,,,,,,,,,,,,,,,,,
11-01-008-00037-002545,2011-03-28,,,,,,2007.0,,,,,,,,,,,
11-01-008-00037-002546,,,,,,,,,,,,,,,,,,
11-01-008-00037-002547,,,,,,,,,,,,,,,,,,
11-01-008-00037-002548,2008-04-26,,2012-10-01,,2009-10-31,,2003.0,,4.0,,132.18,,114.55,,0.0,,NAMBLA A TO NAMBLA B,
11-01-008-00037-002549,2011-03-19,,,,,,2007.0,,,,,,,,,,,
11-01-008-00037-002550,,,,,,,,,,,,,,,,,,
11-01-008-00037-002551,,,,,,,,,,,,,,,,,,
11-01-008-00038-002552,2008-02-18,,2010-11-01,,2009-01-08,,2003.0,,5.0,,120.05,,121.76,,0.0,,LACHIPORA TO MAYAN,
11-01-008-00038-002553,2008-02-18,,2010-11-01,,2009-01-08,,2003.0,,5.0,,120.05,,121.76,,0.0,,LACHIPORA TO MAYAN,
11-01-008-00038-002554,2008-02-18,,2010-11-01,,2009-01-08,,2003.0,,5.0,,120.05,,121.76,,0.0,,LACHIPORA TO MAYAN,
11-01-008-00038-002555,,,,,,,,,,,,,,,,,,
11-01-008-00038-002556,,,,,,,,,,,,,,,,,,
11-01-008-00038-002557,,,,,,,,,,,,,,,,,,
11-01-008-00038-002558,,,,,,,,,,,,,,,,,,
11-01-008-00038-002559,,,,,,,,,,,,,,,,,,
11-01-008-00038-002560,2008-10-25,,,,,,2006.0,,,,,,,,,,,
11-01-008-00038-002561,2006-02-06,,2010-12-01,,2008-03-11,,2003.0,,3.0,,106.26,,112.25,,0.0,,PAHLIPORA TO HILLAN,
11-01-008-00038-002562,,,,,,,,,,,,,,,,,,
11-01-008-00038-002563,,,,,,,,,,,,,,,,,,
11-01-008-00038-002564,,,,,,,,,,,,,,,,,,
11-01-008-00038-002565,,,,,,,,,,,,,,,,,,
11-01-008-00038-002566,,,,,,,,,,,,,,,,,,
11-01-008-00038-002567,,,,,,,,,,,,,,,,,,
11-01-008-00038-002568,,,,,,,,,,,,,,,,,,
11-01-008-00038-002569,2006-02-06,,2008-05-01,,2008-03-11,,2003.0,,2.0,,55.39,,49.51,,0.0,,NOWSHEHRA TO HUNDI,
11-01-008-00038-002570,,,,,,,,,,,,,,,,,,
11-01-008-00038-002571,,,,,,,,,,,,,,,,,,
11-01-008-00038-002572,,,,,,,,,,,,,,,,,,
11-01-008-00038-002573,,,,,,,,,,,,,,,,,,
11-01-008-00038-002574,,,,,,,,,,,,,,,,,,
11-01-008-00038-002575,,,,,,,,,,,,,,,,,,
11-01-008-00038-002576,,,,,,,,,,,,,,,,,,
11-01-008-00038-002577,,,,,,,,,,,,,,,,,,
11-01-008-00038-002578,,,,,,,,,,,,,,,,,,
11-01-008-00038-002579,,,,,,,,,,,,,,,,,,
11-01-008-00038-002580,2006-12-12,,2012-10-01,,2008-06-12,,2004.0,,4.0,,180.79,,194.26,,0.0,,Bandi - Machikarand,
11-01-008-00038-002581,2011-03-28,,,,,,2007.0,,,,,,,,,,,
11-01-008-00038-002582,,,,,,,,,,,,,,,,,,
11-01-008-00038-002583,,,,,,,,,,,,,,,,,,
11-01-008-00038-002584,2011-02-25,,,,,,2007.0,,,,,,,,,,,
11-01-008-00038-002585,,,,,,,,,,,,,,,,,,
11-01-008-00038-002586,,,,,,,,,,,,,,,,,,
11-01-008-00038-002587,,,,,,,,,,,,,,,,,,
11-01-008-00038-002588,2011-04-09,,,,,,2007.0,,,,,,,,,,,
11-01-008-00038-002589,,,,,,,,,,,,,,,,,,
11-01-008-00038-002590,,,,,,,,,,,,,,,,,,
11-01-008-00038-002591,,,,,,,,,,,,,,,,,,
11-01-008-00038-002592,,,,,,,,,,,,,,,,,,
11-01-008-00038-002593,,,,,,,,,,,,,,,,,,
11-01-008-00038-002594,,,,,,,,,,,,,,,,,,
11-01-008-00038-002595,2011-03-28,,,,,,2007.0,,,,,,,,,,,
11-01-008-00038-002596,2011-03-28,,,,,,2007.0,,,,,,,,,,,
11-01-008-00038-002597,,,,,,,,,,,,,,,,,,
11-01-008-00038-002598,,,,,,,,,,,,,,,,,,
11-01-008-00038-002599,,,,,,,,,,,,,,,,,,
11-01-008-00038-002600,,,,,,,,,,,,,,,,,,
11-01-008-00038-002601,,,,,,,,,,,,,,,,,,
11-01-008-00038-002602,2012-11-06,,,,,,2011.0,,,,,,,,,,,
11-01-008-00038-002603,,,,,,,,,,,,,,,,,,
11-01-008-00039-002604,,,,,,,,,,,,,,,,,,
11-01-008-00039-002605,,,,,,,,,,,,,,,,,,
11-01-008-00039-002606,,,,,,,,,,,,,,,,,,
11-01-008-00039-002607,,,,,,,,,,,,,,,,,,
11-01-008-00039-002608,,,,,,,,,,,,,,,,,,
11-01-008-00039-002609,,,,,,,,,,,,,,,,,,
11-01-008-00039-002610,,,,,,,,,,,,,,,,,,
11-01-008-00039-002611,2008-10-04,,,,,,2006.0,,,,,,,,,,,
11-01-008-00039-002612,,,,,,,,,,,,,,,,,,
11-01-008-00039-002613,,,,,,,,,,,,,,,,,,
11-01-008-00039-002614,,,,,,,,,,,,,,,,,,
11-01-008-00039-002615,,,,,,,,,,,,,,,,,,
11-01-008-00039-002616,,,,,,,,,,,,,,,,,,
11-01-008-00039-002617,,,,,,,,,,,,,,,,,,
11-01-008-00039-002618,,,,,,,,,,,,,,,,,,
11-01-008-00039-002619,,,,,,,,,,,,,,,,,,
11-01-008-00039-002620,,,,,,,,,,,,,,,,,,
11-01-008-00039-002621,,,,,,,,,,,,,,,,,,
11-01-008-00039-002622,,,,,,,,,,,,,,,,,,
11-01-008-00039-002623,,,,,,,,,,,,,,,,,,
11-01-008-00039-002624,,,,,,,,,,,,,,,,,,
11-01-008-00039-002625,,,,,,,,,,,,,,,,,,
11-01-008-00039-002626,,,,,,,,,,,,,,,,,,
11-01-008-00039-002627,,,,,,,,,,,,,,,,,,
11-01-008-00039-002628,,,,,,,,,,,,,,,,,,
11-01-008-00039-002629,,,,,,,,,,,,,,,,,,
11-01-008-00039-002630,2008-10-04,,,,,,2006.0,,,,,,,,,,,
11-01-008-00039-002631,,,,,,,,,,,,,,,,,,
11-01-008-00039-002632,,,,,,,,,,,,,,,,,,
11-01-008-00039-002633,,,,,,,,,,,,,,,,,,
11-01-008-00039-002634,,,,,,,,,,,,,,,,,,
11-01-008-00039-002635,,,,,,,,,,,,,,,,,,
11-01-008-00039-002636,,,,,,,,,,,,,,,,,,
11-01-008-00039-002637,,,,,,,,,,,,,,,,,,
11-01-008-00039-002638,,,,,,,,,,,,,,,,,,
11-01-008-00039-002639,,,,,,,,,,,,,,,,,,
11-01-008-00039-002640,,,,,,,,,,,,,,,,,,
11-01-008-00039-002641,,,,,,,,,,,,,,,,,,
11-01-008-00039-002642,,,,,,,,,,,,,,,,,,
11-01-008-00039-002643,,,,,,,,,,,,,,,,,,
11-01-008-00039-002644,,,,,,,,,,,,,,,,,,
11-01-008-00039-002645,,,,,,,,,,,,,,,,,,
11-01-008-00039-002646,,,,,,,,,,,,,,,,,,
11-01-008-00039-002647,,,,,,,,,,,,,,,,,,
11-01-008-00039-002648,,,,,,,,,,,,,,,,,,
11-01-008-00039-002649,,,,,,,,,,,,,,,,,,
11-01-008-00039-002650,,,,,,,,,,,,,,,,,,
11-01-008-00039-002651,,,,,,,,,,,,,,,,,,
11-01-008-00039-002652,,,,,,,,,,,,,,,,,,
11-01-008-00039-002653,,,,,,,,,,,,,,,,,,
11-01-008-00039-002654,,,,,,,,,,,,,,,,,,
11-01-008-00039-002655,,,,,,,,,,,,,,,,,,
11-01-008-00039-002656,,,,,,,,,,,,,,,,,,
11-01-008-00039-002657,,,,,,,,,,,,,,,,,,
11-01-008-00039-002658,,,,,,,,,,,,,,,,,,
11-01-008-00039-002659,,,,,,,,,,,,,,,,,,
11-01-008-00039-002660,,,,,,,,,,,,,,,,,,
11-01-008-00039-002661,,,,,,,,,,,,,,,,,,
11-01-008-00039-002662,,,,,,,,,,,,,,,,,,
11-01-008-00039-002663,,,,,,,,,,,,,,,,,,
11-01-008-00039-002664,,,,,,,,,,,,,,,,,,
11-01-008-00039-002665,,,,,,,,,,,,,,,,,,
11-01-008-00039-002666,,,,,,,,,,,,,,,,,,
11-01-008-00039-002667,,,,,,,,,,,,,,,,,,
11-01-008-00039-002668,,,,,,,,,,,,,,,,,,
11-01-008-00039-002669,,,,,,,,,,,,,,,,,,
11-01-008-00039-002670,,,,,,,,,,,,,,,,,,
11-01-008-00039-002671,2009-09-16,,2013-12-01,,2012-06-09,,2003.0,,14.0,,261.0,,267.05,,0.0,,DRANG TO GOGALDARA,
11-01-008-00039-002672,,,,,,,,,,,,,,,,,,
11-01-008-00039-002673,,,,,,,,,,,,,,,,,,
11-01-008-00039-002674,,,,,,,,,,,,,,,,,,
11-01-008-00039-002675,,,,,,,,,,,,,,,,,,
11-01-008-00039-002676,,,,,,,,,,,,,,,,,,
11-01-008-00039-002677,,,,,,,,,,,,,,,,,,
11-01-008-00039-002678,,,,,,,,,,,,,,,,,,
11-01-008-00039-002679,,,,,,,,,,,,,,,,,,
11-01-008-00039-002680,,,,,,,,,,,,,,,,,,
11-01-008-00039-002681,,,,,,,,,,,,,,,,,,
11-01-008-00039-002682,,,,,,,,,,,,,,,,,,
11-01-008-00039-002683,,,,,,,,,,,,,,,,,,
11-01-008-00039-002684,,,,,,,,,,,,,,,,,,
11-01-008-00039-002685,,,,,,,,,,,,,,,,,,
11-01-008-00039-002686,,,,,,,,,,,,,,,,,,
11-01-008-00039-002687,,,,,,,,,,,,,,,,,,
11-01-008-00039-002688,,,,,,,,,,,,,,,,,,
11-01-008-00039-002689,,,,,,,,,,,,,,,,,,
11-01-008-00039-002690,,,,,,,,,,,,,,,,,,
11-01-008-00039-002691,,,,,,,,,,,,,,,,,,
11-01-008-00039-002692,,,,,,,,,,,,,,,,,,
11-01-008-00039-002693,,,,,,,,,,,,,,,,,,
11-01-008-00039-002694,2009-09-16,,2013-12-01,,2012-06-09,,2003.0,,14.0,,261.0,,267.05,,0.0,,DRANG TO GOGALDARA,
11-01-008-00039-002695,,,,,,,,,,,,,,,,,,
11-01-008-00039-002696,,,,,,,,,,,,,,,,,,
11-01-008-00039-002697,,,,,,,,,,,,,,,,,,
11-01-008-00039-002699,,,,,,,,,,,,,,,,,,
11-01-009-00040-002700,,,,,,,,,,,,,,,,,,
11-01-009-00040-002701,,,,,,,,,,,,,,,,,,
11-01-009-00040-002702,,,,,,,,,,,,,,,,,,
11-01-009-00040-002703,,,,,,,,,,,,,,,,,,
11-01-009-00040-002704,,,,,,,,,,,,,,,,,,
11-01-009-00040-002705,,,,,,,,,,,,,,,,,,
11-01-009-00040-002706,,,,,,,,,,,,,,,,,,
11-01-009-00040-002707,,,,,,,,,,,,,,,,,,
11-01-009-00040-002708,,,,,,,,,,,,,,,,,,
11-01-009-00040-002709,,,,,,,,,,,,,,,,,,
11-01-009-00040-002710,,,,,,,,,,,,,,,,,,
11-01-009-00040-002711,,,,,,,,,,,,,,,,,,
11-01-009-00040-002712,,,,,,,,,,,,,,,,,,
11-01-009-00040-002713,,,,,,,,,,,,,,,,,,
11-01-009-00040-002714,,,,,,,,,,,,,,,,,,
11-01-009-00040-002715,,,,,,,,,,,,,,,,,,
11-01-009-00040-002716,2011-06-03,,,,,,2007.0,,,,,,,,,,,
11-01-009-00040-002717,,,,,,,,,,,,,,,,,,
11-01-009-00040-002718,,,,,,,,,,,,,,,,,,
11-01-009-00040-002719,,,,,,,,,,,,,,,,,,
11-01-009-00040-002720,,,,,,,,,,,,,,,,,,
11-01-009-00040-002721,,,,,,,,,,,,,,,,,,
11-01-009-00040-002722,,,,,,,,,,,,,,,,,,
11-01-009-00040-002723,,,,,,,,,,,,,,,,,,
11-01-009-00040-002724,,,,,,,,,,,,,,,,,,
11-01-009-00040-002725,,,,,,,,,,,,,,,,,,
11-01-009-00040-002726,,,,,,,,,,,,,,,,,,
11-01-009-00040-002727,,,,,,,,,,,,,,,,,,
11-01-009-00041-002728,,,,,,,,,,,,,,,,,,
11-01-009-00041-002729,,,,,,,,,,,,,,,,,,
11-01-009-00041-002730,,,,,,,,,,,,,,,,,,
11-01-009-00041-002731,,,,,,,,,,,,,,,,,,
11-01-009-00041-002733,2008-07-27,,2012-10-01,,2010-02-01,,2006.0,,8.0,,353.75,,439.7,,0.0,,Ahmsharief - Khurshipora Bathoo,
11-01-009-00041-002734,,,,,,,,,,,,,,,,,,
11-01-009-00041-002735,,,,,,,,,,,,,,,,,,
11-01-009-00041-002736,,,,,,,,,,,,,,,,,,
11-01-009-00041-002737,2008-07-27,,2012-10-01,,2010-02-01,,2006.0,,8.0,,353.75,,439.7,,0.0,,Ahmsharief - Khurshipora Bathoo,
11-01-009-00041-002738,,,,,,,,,,,,,,,,,,
11-01-009-00041-002739,,,,,,,,,,,,,,,,,,
11-01-009-00041-002740,,,,,,,,,,,,,,,,,,
11-01-009-00041-002741,,,,,,,,,,,,,,,,,,
11-01-009-00041-002742,,,,,,,,,,,,,,,,,,
11-01-009-00041-002743,,,,,,,,,,,,,,,,,,
11-01-009-00041-002744,,,,,,,,,,,,,,,,,,
11-01-009-00041-002745,,,,,,,,,,,,,,,,,,
11-01-009-00041-002746,,2009-08-20,,2013-05-01,,2011-02-20,,2006.0,,4.86,,224.44,,249.55,,0.0,,Aloosa - Quil Muqam
11-01-009-00041-002747,2008-10-11,,2011-05-01,,2009-07-11,,2003.0,,2.0,,79.55,,69.06,,0.0,,BINLIPORA TO CHACHINAR,
11-01-009-00041-002748,,,,,,,,,,,,,,,,,,
11-01-009-00041-002749,,,,,,,,,,,,,,,,,,
11-01-009-00041-002750,,,,,,,,,,,,,,,,,,
11-01-009-00041-002751,,,,,,,,,,,,,,,,,,
11-01-009-00041-002752,,,,,,,,,,,,,,,,,,
11-01-009-00041-002753,,,,,,,,,,,,,,,,,,
11-01-009-00041-002754,,,,,,,,,,,,,,,,,,
11-01-009-00041-002755,2011-04-23,,,,,,2007.0,,,,,,,,,,,
11-01-009-00041-002756,2009-07-04,,,,,,2006.0,,,,,,,,,,,
11-01-009-00041-002757,,,,,,,,,,,,,,,,,,
11-01-009-00041-002758,,,,,,,,,,,,,,,,,,
11-01-009-00041-002759,,,,,,,,,,,,,,,,,,
11-01-009-00041-002760,,,,,,,,,,,,,,,,,,
11-01-009-00041-002761,,,,,,,,,,,,,,,,,,
11-01-009-00041-002762,,,,,,,,,,,,,,,,,,
11-01-009-00041-002763,,,,,,,,,,,,,,,,,,
11-01-009-00041-002764,,,,,,,,,,,,,,,,,,
11-01-009-00041-002765,,,,,,,,,,,,,,,,,,
11-01-009-00041-002766,2011-05-19,,,,,,2001.0,,,,,,,,,,,
11-01-009-00041-002767,2011-04-18,,,,,,2007.0,,,,,,,,,,,
11-01-009-00041-002768,,,,,,,,,,,,,,,,,,
11-01-009-00041-002769,,,,,,,,,,,,,,,,,,
11-01-009-00042-002770,2008-09-27,,2013-10-01,,2010-03-27,,2006.0,,4.5,,193.59,,218.11,,0.0,,Gund Preng - Bakshibal,
11-01-009-00042-002771,,,,,,,,,,,,,,,,,,
11-01-009-00042-002772,,,,,,,,,,,,,,,,,,
11-01-009-00042-002773,2008-10-29,,2011-06-01,,2009-10-29,,2006.0,,3.0,,84.8,,90.44,,0.0,,Hajin - Khuserpora,
11-01-009-00042-002774,,,,,,,,,,,,,,,,,,
11-01-009-00042-002775,,2011-11-26,,2012-11-01,,2013-05-26,,2006.0,,7.22,,358.77,,362.27,,0.0,,Hajin - Ajas B
11-01-009-00042-002776,,,,,,,,,,,,,,,,,,
11-01-009-00042-002777,2011-04-09,2011-11-26,2012-11-01,2012-11-01,,2013-05-26,2006.0,2006.0,,7.22,,358.77,,362.27,,0.0,,Hajin - Ajas B
11-01-009-00042-002778,,,,,,,,,,,,,,,,,,
11-01-009-00042-002780,,,,,,,,,,,,,,,,,,
11-01-009-00042-002781,,,,,,,,,,,,,,,,,,
11-01-009-00042-002782,,,,,,,,,,,,,,,,,,
11-01-009-00042-002783,,,,,,,,,,,,,,,,,,
11-01-009-00042-002784,,,,,,,,,,,,,,,,,,
11-01-009-00042-002785,,,,,,,,,,,,,,,,,,
11-01-009-00042-002786,,,,,,,,,,,,,,,,,,
11-01-009-00042-002787,,,,,,,,,,,,,,,,,,
11-01-009-00042-002788,,,,,,,,,,,,,,,,,,
11-01-009-00042-002789,,,,,,,,,,,,,,,,,,
11-01-009-00042-002790,,,,,,,,,,,,,,,,,,
11-01-009-00042-002791,,,,,,,,,,,,,,,,,,
11-01-009-00042-002792,,,,,,,,,,,,,,,,,,
11-01-009-00042-002793,,,,,,,,,,,,,,,,,,
11-01-009-00042-002794,,,,,,,,,,,,,,,,,,
11-01-009-00042-002795,,,,,,,,,,,,,,,,,,
11-01-009-00042-002796,,,,,,,,,,,,,,,,,,
11-01-009-00042-002797,,,,,,,,,,,,,,,,,,
11-01-009-00042-002798,,,,,,,,,,,,,,,,,,
11-01-009-00042-002799,,,,,,,,,,,,,,,,,,
11-01-009-00042-002800,,,,,,,,,,,,,,,,,,
11-01-009-00042-002801,,,,,,,,,,,,,,,,,,
11-01-009-00042-002802,,,,,,,,,,,,,,,,,,
11-01-009-00042-002803,,,,,,,,,,,,,,,,,,
11-01-009-00042-002804,,,,,,,,,,,,,,,,,,
11-01-009-00042-002805,,,,,,,,,,,,,,,,,,
11-01-009-00042-002806,,,,,,,,,,,,,,,,,,
11-01-009-00042-002807,2008-02-13,,,,,,2005.0,,,,,,,,,,,
11-01-009-00042-002808,,,,,,,,,,,,,,,,,,
11-01-009-00042-002809,,,,,,,,,,,,,,,,,,
11-01-009-00042-002810,,,,,,,,,,,,,,,,,,
11-01-009-00042-002811,,,,,,,,,,,,,,,,,,
11-01-009-00042-002812,,,,,,,,,,,,,,,,,,
11-01-009-00042-002813,,,,,,,,,,,,,,,,,,
11-01-009-00042-002814,,,,,,,,,,,,,,,,,,
11-01-009-00042-002815,,,,,,,,,,,,,,,,,,
11-01-009-00042-002816,,,,,,,,,,,,,,,,,,
11-01-009-00042-002817,,,,,,,,,,,,,,,,,,
11-01-009-00042-002818,,2011-11-26,,2012-11-01,,2013-05-26,,2006.0,,7.22,,358.77,,362.27,,0.0,,Hajin - Ajas B
11-01-009-00042-002819,,,,,,,,,,,,,,,,,,
11-01-009-00042-002820,,,,,,,,,,,,,,,,,,
11-01-009-00042-002821,,,,,,,,,,,,,,,,,,
11-01-010-00043-002822,2011-02-09,,2013-09-01,,2012-08-08,,2007.0,,4.83,,175.32,,313.77,,0.0,,Khimber - Takia Sangreshi,
11-01-010-00043-002823,2010-08-12,,2012-03-01,,2011-08-26,,2001.0,,5.51,,150.57,,148.81,,0.0,,Checki Dara to Brandkani,
11-01-010-00043-002824,,,,,,,,,,,,,,,,,,
11-01-010-00043-002825,2011-05-09,,2013-01-01,,2012-05-08,,2007.0,,0.8,,20.57,,25.14,,0.0,,New Thead A - Chowpan Mohalla,
11-01-010-00043-002826,,,,,,,,,,,,,,,,,,
11-01-010-00043-002827,,,,,,,,,,,,,,,,,,
11-01-010-00043-002828,,,,,,,,,,,,,,,,,,
11-01-010-00043-002829,,,,,,,,,,,,,,,,,,
11-01-010-00043-002830,,,,,,,,,,,,,,,,,,
11-01-010-00043-800013,,,,,,,,,,,,,,,,,,
11-01-010-00044-002831,,,,,,,,,,,,,,,,,,
11-01-010-00044-002832,,,,,,,,,,,,,,,,,,
11-01-010-00044-002834,,,,,,,,,,,,,,,,,,
11-01-010-00044-002835,,,,,,,,,,,,,,,,,,
11-01-011-00045-002842,,,,,,,,,,,,,,,,,,
11-01-011-00045-002843,,,,,,,,,,,,,,,,,,
11-01-011-00045-002844,,,,,,,,,,,,,,,,,,
11-01-011-00045-002845,,,,,,,,,,,,,,,,,,
11-01-011-00045-002846,,,,,,,,,,,,,,,,,,
11-01-011-00045-002847,,,,,,,,,,,,,,,,,,
11-01-011-00045-002848,,,,,,,,,,,,,,,,,,
11-01-011-00045-002849,,,,,,,,,,,,,,,,,,
11-01-011-00045-002850,,,,,,,,,,,,,,,,,,
11-01-011-00045-002851,,,,,,,,,,,,,,,,,,
11-01-011-00045-002852,,,,,,,,,,,,,,,,,,
11-01-011-00045-002853,,,,,,,,,,,,,,,,,,
11-01-011-00045-002854,,,,,,,,,,,,,,,,,,
11-01-011-00045-002855,,,,,,,,,,,,,,,,,,
11-01-011-00045-002856,,,,,,,,,,,,,,,,,,
11-01-011-00045-002857,,,,,,,,,,,,,,,,,,
11-01-011-00045-002858,,,,,,,,,,,,,,,,,,
11-01-011-00045-002859,,,,,,,,,,,,,,,,,,
11-01-011-00045-002860,,,,,,,,,,,,,,,,,,
11-01-011-00045-002861,,,,,,,,,,,,,,,,,,
11-01-011-00045-002862,,,,,,,,,,,,,,,,,,
11-01-011-00045-002863,,,,,,,,,,,,,,,,,,
11-01-011-00045-002864,,,,,,,,,,,,,,,,,,
11-01-011-00045-002865,,,,,,,,,,,,,,,,,,
11-01-011-00045-002866,,,,,,,,,,,,,,,,,,
11-01-011-00045-002867,,,,,,,,,,,,,,,,,,
11-01-011-00045-002868,,,,,,,,,,,,,,,,,,
11-01-011-00045-002869,,,,,,,,,,,,,,,,,,
11-01-011-00045-002870,,,,,,,,,,,,,,,,,,
11-01-011-00045-002871,,,,,,,,,,,,,,,,,,
11-01-011-00045-002872,,,,,,,,,,,,,,,,,,
11-01-011-00045-002873,,,,,,,,,,,,,,,,,,
11-01-011-00045-002874,,,,,,,,,,,,,,,,,,
11-01-011-00045-002875,,,,,,,,,,,,,,,,,,
11-01-011-00045-002876,,,,,,,,,,,,,,,,,,
11-01-011-00045-002877,,,,,,,,,,,,,,,,,,
11-01-011-00045-002878,,,,,,,,,,,,,,,,,,
11-01-011-00045-002879,,,,,,,,,,,,,,,,,,
11-01-011-00045-002880,,,,,,,,,,,,,,,,,,
11-01-011-00045-002881,,,,,,,,,,,,,,,,,,
11-01-011-00045-002882,,,,,,,,,,,,,,,,,,
11-01-011-00045-002883,,,,,,,,,,,,,,,,,,
11-01-011-00045-002957,,,,,,,,,,,,,,,,,,
11-01-011-00046-002884,2005-05-02,,2009-09-01,,2006-11-14,,2003.0,,5.5,,221.72,,226.89,,0.0,,ARAHAMA TO ANDERWAN,
11-01-011-00046-002885,,,,,,,,,,,,,,,,,,
11-01-011-00046-002886,,,,,,,,,,,,,,,,,,
11-01-011-00046-002887,2011-02-08,,,,,,2007.0,,,,,,,,,,,
11-01-011-00046-002888,,,,,,,,,,,,,,,,,,
11-01-011-00046-002889,2010-11-08,,,,,,2007.0,,,,,,,,,,,
11-01-011-00046-002890,,2010-11-08,,,,,,2007.0,,,,,,,,,,
11-01-011-00046-002891,,,,,,,,,,,,,,,,,,
11-01-011-00046-002892,,,,,,,,,,,,,,,,,,
11-01-011-00046-002893,,,,,,,,,,,,,,,,,,
11-01-011-00046-002894,2011-03-19,,2013-03-01,,2012-03-18,,2007.0,,1.3,,61.7,,91.18,,0.0,,NHW - Barwalla,
11-01-011-00046-002895,,2010-11-08,,,,,,2007.0,,,,,,,,,,
11-01-011-00046-002896,,,,,,,,,,,,,,,,,,
11-01-011-00046-002897,2009-02-02,,,,,,2006.0,,,,,,,,,,,
11-01-011-00046-002898,2008-08-10,,2011-03-01,,2010-02-16,,2006.0,,5.0,,203.48,,219.68,,0.0,,Khanan - Gujarpati,
11-01-011-00046-002899,,2009-02-02,,,,,,2006.0,,,,,,,,,,
11-01-011-00046-002900,,,,,,,,,,,,,,,,,,
11-01-011-00046-002901,,,,,,,,,,,,,,,,,,
11-01-011-00046-002902,,,,,,,,,,,,,,,,,,
11-01-011-00046-002903,,,,,,,,,,,,,,,,,,
11-01-011-00046-002904,,,,,,,,,,,,,,,,,,
11-01-011-00046-002905,2007-01-23,,2012-05-01,,2008-07-22,,2004.0,,7.45,,121.64,,247.53,,0.0,,Hayan - Akhal,
11-01-011-00046-002906,2007-01-23,,2012-05-01,,2008-07-22,,2004.0,,7.45,,121.64,,247.53,,0.0,,Hayan - Akhal,
11-01-011-00046-002907,,,,,,,,,,,,,,,,,,
11-01-011-00046-002908,2008-09-04,,2010-05-01,,2009-09-19,,2006.0,,3.4,,110.44,,131.36,,0.0,,Satrina - Kawacherwan,
11-01-011-00046-002909,2013-05-08,,,,,,2005.0,,,,,,,,,,,
11-01-011-00046-002910,2007-01-23,,2012-05-01,,2008-07-22,,2004.0,,7.45,,121.64,,247.53,,0.0,,Hayan - Akhal,
11-01-011-00046-002911,2011-08-18,,,,,,2007.0,,,,,,,,,,,
11-01-011-00046-002912,2004-07-08,,2009-08-01,,2005-07-22,,2001.0,,5.0,,134.05,,184.69,,0.0,,Ganiwan to Yachhama,
11-01-011-00046-002913,2004-07-08,,2009-08-01,,2005-07-22,,2001.0,,5.0,,134.05,,184.69,,0.0,,Ganiwan to Yachhama,
11-01-011-00046-002914,,,,,,,,,,,,,,,,,,
11-01-011-00046-002915,2010-06-05,,,,,,2005.0,,,,,,,,,,,
11-01-011-00046-002916,2006-10-24,,2012-05-01,,2008-04-23,,2004.0,,3.0,,182.21,,188.64,,0.0,,NHW - Gujarpati Road,
11-01-011-00046-002917,2010-12-29,,2013-03-01,,2012-12-28,,2007.0,,1.5,,47.99,,96.25,,0.0,,l035 - Sayeed Pati,
11-01-011-00046-002918,2007-09-19,,,,,,2005.0,,,,,,,,,,,
11-01-011-00046-002919,2010-06-05,,,,,,2005.0,,,,,,,,,,,
11-01-011-00046-002920,2011-05-11,,,,,,2007.0,,,,,,,,,,,
11-01-011-00046-002921,2011-02-15,,,,,,2007.0,,,,,,,,,,,
11-01-011-00046-002922,2011-02-08,,,,,,2007.0,,,,,,,,,,,
11-01-011-00046-002923,,,,,,,,,,,,,,,,,,
11-01-011-00046-002924,2011-04-09,,,,,,2007.0,,,,,,,,,,,
11-01-011-00046-002925,,,,,,,,,,,,,,,,,,
11-01-011-00047-002926,2011-02-15,,2013-01-01,,2012-02-14,,2007.0,,2.3,,103.2,,159.29,,0.0,,Gutli Bagh - New Badti Banger,
11-01-011-00047-002927,,,,,,,,,,,,,,,,,,
11-01-011-00047-002928,2011-01-29,,,,,,2007.0,,,,,,,,,,,
11-01-011-00047-002929,2011-02-15,,2013-03-01,,2012-02-14,,2007.0,,1.8,,82.3,,123.61,,0.0,,Nunner - Kawbagh,
11-01-011-00047-002930,2004-02-19,,2006-11-01,,2005-03-01,,2001.0,,1.21,,28.17,,36.85,,0.0,,Shalubugh to Chandun,
11-01-011-00047-002931,,,,,,,,,,,,,,,,,,
11-01-011-00047-002932,,,,,,,,,,,,,,,,,,
11-01-011-00047-002933,2011-02-15,,2014-03-01,,2012-02-14,,2007.0,,1.35,,60.56,,87.48,,0.0,,Baderkund - Bibsaheb,
11-01-011-00047-002934,2008-11-15,,2010-09-01,,2009-11-30,,2006.0,,2.5,,66.64,,72.63,,0.0,,Guzerbal - Dedrambagh,
11-01-011-00047-002935,,,,,,,,,,,,,,,,,,
11-01-011-00047-002936,2011-09-17,,,,,,2007.0,,,,,,,,,,,
11-01-011-00047-002937,,,,,,,,,,,,,,,,,,
11-01-011-00047-002939,,,,,,,,,,,,,,,,,,
11-01-011-00047-002940,,,,,,,,,,,,,,,,,,
11-01-011-00047-002941,,,,,,,,,,,,,,,,,,
11-01-011-00047-002942,,,,,,,,,,,,,,,,,,
11-01-011-00047-002943,,,,,,,,,,,,,,,,,,
11-01-011-00047-002944,2007-12-03,,2011-08-01,,2009-06-16,,2005.0,,2.42,,144.41,,190.44,,0.0,,Rabitar Rakhi - Rabitar Gundiroshan,
11-01-011-00047-002945,,,,,,,,,,,,,,,,,,
11-01-011-00047-002946,,,,,,,,,,,,,,,,,,
11-01-011-00047-002947,,,,,,,,,,,,,,,,,,
11-01-011-00047-002948,,,,,,,,,,,,,,,,,,
11-01-011-00047-002949,,,,,,,,,,,,,,,,,,
11-01-011-00047-002950,2011-05-09,,2013-03-01,,2012-05-08,,2007.0,,1.3,,65.54,,90.44,,0.0,,Shallabug - Tulla mohalla,
11-01-011-00047-002952,,,,,,,,,,,,,,,,,,
11-01-011-00047-002953,,,,,,,,,,,,,,,,,,
11-01-011-00047-002954,,2002-09-19,,2003-06-01,,2003-10-01,,2000.0,,3.1,,33.68,,33.43,,0.0,,Kachan to Gund Rehman
11-01-011-00047-002955,,,,,,,,,,,,,,,,,,
11-01-011-00047-002956,,,,,,,,,,,,,,,,,,
11-01-011-00047-002958,,,,,,,,,,,,,,,,,,
11-01-011-00047-800015,,,,,,,,,,,,,,,,,,
11-01-012-00048-002959,,,,,,,,,,,,,,,,,,
11-01-012-00048-002960,2008-11-01,,2010-10-01,,2009-11-11,,2006.0,,4.6,,159.6,,184.12,,0.0,,Khrew Bathan Road Km3rd RD800 - Zintrag Nagander,
11-01-012-00048-002961,2008-11-01,,2010-10-01,,2009-11-11,,2006.0,,4.6,,159.6,,184.12,,0.0,,Khrew Bathan Road Km3rd RD800 - Zintrag Nagander,
11-01-012-00048-002962,2004-01-31,,2006-11-01,,2008-03-31,,2001.0,,1.35,,56.48,,57.73,,0.0,,Ismail Colony to Sathpokhran,
11-01-012-00048-002963,2008-07-23,,2010-11-01,,2009-05-02,,2006.0,,1.1,,53.13,,61.62,,0.0,,Wuyan - Banglapora,
11-01-012-00048-002964,,,,,,,,,,,,,,,,,,
11-01-012-00048-002965,,,,,,,,,,,,,,,,,,
11-01-012-00048-002966,,,,,,,,,,,,,,,,,,
11-01-012-00048-002967,,,,,,,,,,,,,,,,,,
11-01-012-00048-002969,,,,,,,,,,,,,,,,,,
11-01-012-00048-002971,,,,,,,,,,,,,,,,,,
11-01-012-00048-002972,,,,,,,,,,,,,,,,,,
11-01-012-00048-002973,2011-03-28,,2012-12-01,,2012-04-08,,2007.0,,1.0,,30.98,,50.27,,0.0,,Pampore Wuyan Km 7th RD10 - Dusoo,
11-01-012-00048-002974,2008-07-28,,2009-09-01,,2009-02-19,,2006.0,,1.5,,35.52,,41.05,,0.0,,Pampore Wuyan Road (T01) Km7th RD 750 - Androosa,
11-01-012-00048-002975,2011-06-01,,2012-12-01,,2012-06-10,,2007.0,,1.0,,37.62,,64.04,,0.0,,Pampore Wuyan Road Km 7th RD 750 - Gundbal,
11-01-012-00048-002976,,,,,,,,,,,,,,,,,,
11-01-012-00048-002977,2007-03-17,,2009-04-01,,2007-12-27,,2004.0,,1.75,,44.08,,46.71,,0.0,,Ladhoo - Mandakpal,
11-01-012-00048-002978,2007-03-17,,2007-10-01,,2007-12-27,,2004.0,,0.9,,23.02,,27.87,,0.0,,Ladhoo - Batapora,
11-01-012-00048-002979,,,,,,,,,,,,,,,,,,
11-01-012-00048-002980,2008-07-23,2002-09-28,2009-08-01,2004-03-01,2009-08-02,2007-10-31,2006.0,2000.0,2.25,1.3,108.78,26.67,110.41,26.67,0.0,0.0,,Samboora to Bujibagh
11-01-012-00048-002981,,,,,,,,,,,,,,,,,,
11-01-012-00048-002982,,,,,,,,,,,,,,,,,,
11-01-012-00048-002983,2008-07-23,,2009-03-01,,2009-02-02,,2006.0,,1.5,,34.69,,39.5,,0.0,,Lethpora - Pethpora,
11-01-012-00049-002985,,,,,,,,,,,,,,,,,,
11-01-012-00049-002986,,,,,,,,,,,,,,,,,,
11-01-012-00049-002987,,,,,,,,,,,,,,,,,,
11-01-012-00049-002988,2008-08-02,,2008-12-01,,2009-05-12,,2006.0,,1.5,,44.05,,58.3,,0.0,,T06 - Shahbad Pain,
11-01-012-00049-002989,,,,,,,,,,,,,,,,,,
11-01-012-00049-002990,,,,,,,,,,,,,,,,,,
11-01-012-00049-002991,,,,,,,,,,,,,,,,,,
11-01-012-00049-002992,,,,,,,,,,,,,,,,,,
11-01-012-00049-002993,,,,,,,,,,,,,,,,,,
11-01-012-00049-002994,2007-03-17,,2007-11-01,,2008-03-27,,2004.0,,4.0,,123.89,,126.42,,0.0,,Km 3rd RD 550 M of Noorpora-Baigund to Sail via Doonigung,
11-01-012-00049-002995,,,,,,,,,,,,,,,,,,
11-01-012-00049-002996,,,,,,,,,,,,,,,,,,
11-01-012-00049-002997,,,,,,,,,,,,,,,,,,
11-01-012-00049-002998,,,,,,,,,,,,,,,,,,
11-01-012-00049-002999,2008-11-04,,2011-07-01,,2009-11-14,,2006.0,,1.75,,102.33,,146.24,,0.0,,Kadalbal - Charligund,
11-01-012-00049-003000,2007-03-17,,2007-11-01,,2008-03-27,,2004.0,,4.0,,123.89,,126.42,,0.0,,Km 3rd RD 550 M of Noorpora-Baigund to Sail via Doonigung,
11-01-012-00049-003001,,,,,,,,,,,,,,,,,,
11-01-012-00049-003002,2007-03-17,,2007-08-01,,2007-09-27,,2004.0,,0.75,,12.19,,17.12,,0.0,,T01 Km 5th RD 600RM - Kanlibagh,
11-01-012-00049-003003,,,,,,,,,,,,,,,,,,
11-01-012-00049-003004,2011-02-14,,2011-12-01,,2012-02-24,,2007.0,,2.35,,62.52,,97.62,,0.0,,Padgampora - Agohanjipora,
11-01-012-00049-003005,,,,,,,,,,,,,,,,,,
11-01-012-00049-003006,,,,,,,,,,,,,,,,,,
11-01-012-00049-003007,2007-03-17,,2009-04-01,,2007-09-27,,2004.0,,1.5,,48.5,,49.89,,0.0,,Padgampora - Larkipora,
11-01-012-00049-003008,,,,,,,,,,,,,,,,,,
11-01-012-00049-003009,,,,,,,,,,,,,,,,,,
11-01-012-00049-003010,2005-07-08,,2007-09-01,,2007-10-01,,2003.0,,4.43,,169.02,,176.56,,0.0,,Chandgam - Banderpora,
11-01-012-00049-003011,,,,,,,,,,,,,,,,,,
11-01-012-00049-003012,,,,,,,,,,,,,,,,,,
11-01-012-00049-003013,,,,,,,,,,,,,,,,,,
11-01-012-00049-003014,,,,,,,,,,,,,,,,,,
11-01-012-00049-003016,,,,,,,,,,,,,,,,,,
11-01-012-00049-003017,,,,,,,,,,,,,,,,,,
11-01-012-00049-003018,,,,,,,,,,,,,,,,,,
11-01-012-00049-003020,,,,,,,,,,,,,,,,,,
11-01-012-00049-003021,,,,,,,,,,,,,,,,,,
11-01-012-00049-003022,,,,,,,,,,,,,,,,,,
11-01-012-00049-003023,,,,,,,,,,,,,,,,,,
11-01-012-00049-003024,2012-08-08,,2013-10-01,,2013-06-01,,2005.0,,1.13,,82.37,,89.31,,0.0,,Kawni - Bandina,
11-01-012-00049-003025,2012-08-09,,2012-12-01,,2013-06-01,,2005.0,,1.25,,66.39,,72.9,,0.0,,Udipora - Bachipora,
11-01-012-00049-003026,,,,,,,,,,,,,,,,,,
11-01-012-00049-003027,,,,,,,,,,,,,,,,,,
11-01-012-00049-003029,,,,,,,,,,,,,,,,,,
11-01-012-00050-003031,,,,,,,,,,,,,,,,,,
11-01-012-00050-003032,,,,,,,,,,,,,,,,,,
11-01-012-00050-003033,,,,,,,,,,,,,,,,,,
11-01-012-00050-003034,,,,,,,,,,,,,,,,,,
11-01-012-00050-003035,,,,,,,,,,,,,,,,,,
11-01-012-00050-003036,2011-04-15,,,,,,2007.0,,,,,,,,,,,
11-01-012-00050-003037,,2002-03-14,,2004-03-01,,2007-03-31,,2000.0,,1.01,,17.51,,17.52,,0.0,,Satura to Sofigund Khargund
11-01-012-00050-003038,,,,,,,,,,,,,,,,,,
11-01-012-00050-003039,,,,,,,,,,,,,,,,,,
11-01-012-00050-003040,2011-04-30,,2012-05-01,,2012-05-10,,2007.0,,3.25,,97.79,,141.09,,0.0,,T07 - Wuthing,
11-01-012-00050-003041,2011-04-30,,2012-05-01,,2012-05-10,,2007.0,,3.25,,97.79,,141.09,,0.0,,T07 - Wuthing,
11-01-012-00050-003042,,,,,,,,,,,,,,,,,,
11-01-012-00050-003043,,,,,,,,,,,,,,,,,,
11-01-012-00050-003044,,,,,,,,,,,,,,,,,,
11-01-012-00050-003045,,,,,,,,,,,,,,,,,,
11-01-012-00050-003046,,,,,,,,,,,,,,,,,,
11-01-012-00050-003047,,,,,,,,,,,,,,,,,,
11-01-012-00050-003048,,,,,,,,,,,,,,,,,,
11-01-012-00050-003049,2013-03-12,,,,,,2012.0,,,,,,,,,,,
11-01-012-00050-003050,2008-10-13,,2010-12-01,,2010-04-23,,2006.0,,5.63,,223.19,,225.08,,0.0,,Lalpora - Dodimarg,
11-01-012-00050-003051,2003-07-19,,,,,,2001.0,,,,,,,,,,,
11-01-012-00050-003052,,,,,,,,,,,,,,,,,,
11-01-012-00050-003053,2008-10-07,,2009-06-01,,2010-04-17,,2006.0,,2.5,,227.72,,228.37,,0.0,,Km4th of T01 - Nahyer,
11-01-012-00050-003054,2008-10-07,,2009-06-01,,2010-04-17,,2006.0,,2.5,,227.72,,228.37,,0.0,,Km4th of T01 - Nahyer,
11-01-012-00050-003055,,,,,,,,,,,,,,,,,,
11-01-012-00050-003056,,,,,,,,,,,,,,,,,,
11-01-012-00050-003057,,,,,,,,,,,,,,,,,,
11-01-012-00050-003058,,,,,,,,,,,,,,,,,,
11-01-012-00050-003059,,,,,,,,,,,,,,,,,,
11-01-012-00050-003060,,,,,,,,,,,,,,,,,,
11-01-012-00050-003061,,,,,,,,,,,,,,,,,,
11-01-012-00050-003062,,,,,,,,,,,,,,,,,,
11-01-012-00050-003063,,,,,,,,,,,,,,,,,,
11-01-012-00050-003064,2008-08-20,,2009-06-01,,2009-05-30,,2006.0,,1.5,,42.58,,60.38,,0.0,,T06 - Lalgam,
11-01-012-00050-003065,,,,,,,,,,,,,,,,,,
11-01-012-00050-003066,2008-08-20,,2009-05-01,,2009-03-02,,2006.0,,1.0,,29.44,,36.73,,0.0,,Nowdal - Gulabbagh Wanibathu,
11-01-012-00050-003067,,,,,,,,,,,,,,,,,,
11-01-012-00050-003068,,,,,,,,,,,,,,,,,,
11-01-012-00050-003069,,,,,,,,,,,,,,,,,,
11-01-012-00050-003070,,,,,,,,,,,,,,,,,,
11-01-012-00050-003071,,,,,,,,,,,,,,,,,,
11-01-012-00050-003072,,,,,,,,,,,,,,,,,,
11-01-012-00050-003073,,,,,,,,,,,,,,,,,,
11-01-012-00050-003074,,,,,,,,,,,,,,,,,,
11-01-012-00050-003075,2007-01-10,,2007-09-01,,2007-10-20,,2004.0,,2.0,,57.41,,70.45,,0.0,,Batnoor - Karmullah,
11-01-012-00050-003076,2008-08-21,,2010-11-01,,2010-03-01,,2006.0,,5.5,,312.26,,320.89,,0.0,,Satura - Hajinor,
11-01-012-00050-003077,,,,,,,,,,,,,,,,,,
11-01-012-00050-003078,,,,,,,,,,,,,,,,,,
11-01-012-00050-003079,,,,,,,,,,,,,,,,,,
11-01-012-00050-003080,,,,,,,,,,,,,,,,,,
11-01-012-00050-003081,,,,,,,,,,,,,,,,,,
11-01-012-00050-003082,,,,,,,,,,,,,,,,,,
11-01-012-00050-003083,,,,,,,,,,,,,,,,,,
11-01-012-00050-003084,,,,,,,,,,,,,,,,,,
11-01-012-00050-003085,2008-07-23,,2009-07-01,,2009-05-02,,2006.0,,2.0,,77.31,,89.56,,0.0,,Saimoo - Kamla,
11-01-012-00050-003086,,,,,,,,,,,,,,,,,,
11-01-012-00050-003087,,,,,,,,,,,,,,,,,,
11-01-012-00050-003088,,,,,,,,,,,,,,,,,,
11-01-012-00050-003089,,,,,,,,,,,,,,,,,,
11-01-012-00050-003090,,,,,,,,,,,,,,,,,,
11-01-012-00050-003091,,,,,,,,,,,,,,,,,,
11-01-012-00050-003092,,,,,,,,,,,,,,,,,,
11-01-012-00050-003093,2007-03-17,,2007-11-01,,2008-03-27,,2004.0,,4.0,,123.89,,126.42,,0.0,,Km 3rd RD 550 M of Noorpora-Baigund to Sail via Doonigung,
11-01-012-00050-003094,,,,,,,,,,,,,,,,,,
11-01-012-00050-003095,,,,,,,,,,,,,,,,,,
11-01-012-00050-003096,2007-03-17,,2007-11-01,,2008-03-27,,2004.0,,4.0,,123.89,,126.42,,0.0,,Km 3rd RD 550 M of Noorpora-Baigund to Sail via Doonigung,
11-01-012-00051-003097,,,,,,,,,,,,,,,,,,
11-01-012-00051-003098,,,,,,,,,,,,,,,,,,
11-01-012-00051-003099,,,,,,,,,,,,,,,,,,
11-01-012-00051-003100,,,,,,,,,,,,,,,,,,
11-01-012-00051-003101,,,,,,,,,,,,,,,,,,
11-01-012-00051-003102,,,,,,,,,,,,,,,,,,
11-01-012-00051-003103,,,,,,,,,,,,,,,,,,
11-01-012-00051-003104,,,,,,,,,,,,,,,,,,
11-01-012-00051-003105,,,,,,,,,,,,,,,,,,
11-01-012-00051-003106,,,,,,,,,,,,,,,,,,
11-01-012-00051-003108,,,,,,,,,,,,,,,,,,
11-01-012-00051-003109,,,,,,,,,,,,,,,,,,
11-01-012-00051-003110,,,,,,,,,,,,,,,,,,
11-01-012-00051-003111,,,,,,,,,,,,,,,,,,
11-01-012-00051-003112,2005-07-08,,2006-08-01,,2007-01-18,,2003.0,,1.0,,43.25,,44.33,,0.0,,Lelhar - Hajibal,
11-01-012-00051-003113,,,,,,,,,,,,,,,,,,
11-01-012-00051-003114,2011-03-12,,2012-07-01,,2012-03-22,,2007.0,,2.0,,50.47,,78.11,,0.0,,Banderpora Charat - Reshipora Cherat,
11-01-012-00051-003115,,,,,,,,,,,,,,,,,,
11-01-012-00051-003116,,,,,,,,,,,,,,,,,,
11-01-012-00051-003117,2011-04-09,,2012-07-01,,2012-04-19,,2007.0,,1.0,,43.61,,59.89,,0.0,,L027 - Rawathpora,
11-01-012-00051-003118,,,,,,,,,,,,,,,,,,
11-01-012-00051-003119,,,,,,,,,,,,,,,,,,
11-01-012-00051-003120,2011-06-01,,2012-07-01,,2012-06-10,,2007.0,,2.25,,73.46,,115.09,,0.0,,Kakapora - Dahoogam,
11-01-012-00051-003121,,,,,,,,,,,,,,,,,,
11-01-012-00051-003122,,,,,,,,,,,,,,,,,,
11-01-012-00051-003123,,,,,,,,,,,,,,,,,,
11-01-012-00051-003124,,,,,,,,,,,,,,,,,,
11-01-012-00051-003125,,,,,,,,,,,,,,,,,,
11-01-012-00051-003126,,,,,,,,,,,,,,,,,,
11-01-012-00051-003127,,,,,,,,,,,,,,,,,,
11-01-012-00051-003128,,,,,,,,,,,,,,,,,,
11-01-012-00051-003130,,,,,,,,,,,,,,,,,,
11-01-012-00051-003131,,,,,,,,,,,,,,,,,,
11-01-012-00051-003132,,,,,,,,,,,,,,,,,,
11-01-012-00051-003133,,,,,,,,,,,,,,,,,,
11-01-012-00051-003134,,,,,,,,,,,,,,,,,,
11-01-012-00051-003135,,,,,,,,,,,,,,,,,,
11-01-012-00051-003137,2007-01-18,,2007-09-01,,2007-07-02,,2004.0,,0.75,,17.81,,20.3,,0.0,,Narrow - Rekh Lajoora,
11-01-012-00051-003138,,,,,,,,,,,,,,,,,,
11-01-012-00051-003139,,,,,,,,,,,,,,,,,,
11-01-012-00051-003140,,,,,,,,,,,,,,,,,,
11-01-012-00051-003141,,2003-10-29,,2004-08-01,,2007-10-31,,2000.0,,0.68,,11.05,,13.64,,0.0,,Puchal to Bandpore
11-01-012-00051-003142,,,,,,,,,,,,,,,,,,
11-01-012-00051-003143,,,,,,,,,,,,,,,,,,
11-01-012-00051-003145,,,,,,,,,,,,,,,,,,
11-01-012-00051-003146,,,,,,,,,,,,,,,,,,
11-01-012-00051-003147,,,,,,,,,,,,,,,,,,
11-01-012-00051-003148,,,,,,,,,,,,,,,,,,
11-01-012-00051-003149,2010-12-08,,2011-10-01,,2011-12-18,,2007.0,,1.0,,28.61,,36.21,,0.0,,Kakapora Pinglina Road - Gandipora,
11-01-012-00051-003150,,,,,,,,,,,,,,,,,,
11-01-012-00051-003151,2008-08-05,,2009-04-01,,2009-02-18,,2006.0,,1.0,,34.62,,38.2,,0.0,,Kakapora Pinglina Road - Gandipora,
11-01-012-00051-003152,,,,,,,,,,,,,,,,,,
11-01-012-00051-003153,,,,,,,,,,,,,,,,,,
11-01-012-00051-003154,,,,,,,,,,,,,,,,,,
11-01-012-00051-003155,,,,,,,,,,,,,,,,,,
11-01-012-00051-003156,2008-09-25,,2009-09-01,,2009-04-05,,2006.0,,1.75,,42.08,,42.9,,0.0,,Newa - Wogragund,
11-01-012-00051-003157,,,,,,,,,,,,,,,,,,
11-01-012-00051-003158,,,,,,,,,,,,,,,,,,
11-01-012-00051-003159,,,,,,,,,,,,,,,,,,
11-01-012-00051-003160,,,,,,,,,,,,,,,,,,
11-01-012-00051-003161,,,,,,,,,,,,,,,,,,
11-01-012-00051-003162,,,,,,,,,,,,,,,,,,
11-01-012-00051-003163,,,,,,,,,,,,,,,,,,
11-01-012-00051-003164,,,,,,,,,,,,,,,,,,
11-01-012-00051-003165,2008-09-10,,2009-05-01,,2009-03-20,,2006.0,,1.4,,37.49,,39.23,,0.0,,Karimabad - Chiva Khurd,
11-01-012-00051-003166,2008-09-04,,2009-04-01,,2009-03-15,,2006.0,,0.85,,40.05,,44.05,,0.0,,Monghama - Chanapora,
11-01-012-00051-003167,2011-01-19,,2011-10-01,,2012-01-29,,2007.0,,1.4,,38.82,,52.99,,0.0,,Karimabad - Chiva Khurd,
11-01-012-00051-003168,,,,,,,,,,,,,,,,,,
11-01-012-00051-003169,,,,,,,,,,,,,,,,,,
11-01-012-00051-003170,,,,,,,,,,,,,,,,,,
11-01-012-00051-003171,,,,,,,,,,,,,,,,,,
11-01-012-00051-003172,,,,,,,,,,,,,,,,,,
11-01-012-00051-003173,2008-08-05,,2010-03-01,,2009-02-18,,2006.0,,0.75,,32.43,,35.86,,0.0,,Tengpona Pathan Road KmIst RD 500 - Mukhdom Mohalla,
11-01-012-00051-003174,,,,,,,,,,,,,,,,,,
11-01-012-00051-003175,,,,,,,,,,,,,,,,,,
11-01-012-00051-003176,,,,,,,,,,,,,,,,,,
11-01-012-00051-003177,,,,,,,,,,,,,,,,,,
11-01-012-00051-003178,2005-07-08,,2007-09-01,,2007-10-01,,2003.0,,4.43,,169.02,,176.56,,0.0,,Chandgam - Banderpora,
11-01-012-00051-003179,,,,,,,,,,,,,,,,,,
11-01-012-00051-003180,,,,,,,,,,,,,,,,,,
11-01-012-00051-003181,,,,,,,,,,,,,,,,,,
11-01-012-00051-003182,,,,,,,,,,,,,,,,,,
11-01-012-00051-003183,,2008-11-15,,2012-07-01,,2010-05-25,,2006.0,,21.5,,1331.17,,1343.21,,0.0,,Pulwama - Keller Sangerwani Road RD0-RD21500
11-01-012-00051-003184,,,,,,,,,,,,,,,,,,
11-01-012-00051-003185,,2002-07-15,,2004-08-01,,2007-10-31,,2000.0,,4.32,,93.17,,93.7,,0.0,,Ashminder to Tikken
11-01-012-00051-003186,,,,,,,,,,,,,,,,,,
11-01-012-00051-003187,,,,,,,,,,,,,,,,,,
11-01-012-00051-003188,,,,,,,,,,,,,,,,,,
11-01-012-00051-003189,2007-01-18,,2007-09-01,,2007-10-28,,2004.0,,4.0,,79.07,,82.67,,0.0,,Thokerpora - Tujan,
11-01-012-00051-003190,2007-01-18,,2007-09-01,,2007-10-28,,2004.0,,4.0,,79.07,,82.67,,0.0,,Thokerpora - Tujan,
11-01-012-00051-003191,,,,,,,,,,,,,,,,,,
11-01-012-00051-003192,,,,,,,,,,,,,,,,,,
11-01-012-00051-003193,,,,,,,,,,,,,,,,,,
11-01-012-00051-003194,,,,,,,,,,,,,,,,,,
11-01-012-00051-003195,,,,,,,,,,,,,,,,,,
11-01-012-00051-003196,,,,,,,,,,,,,,,,,,
11-01-012-00051-003197,,,,,,,,,,,,,,,,,,
11-01-012-00051-003198,,,,,,,,,,,,,,,,,,
11-01-012-00051-003199,,,,,,,,,,,,,,,,,,
11-01-012-00051-003200,,,,,,,,,,,,,,,,,,
11-01-012-00051-003201,,2002-07-15,,2004-08-01,,2007-10-31,,2000.0,,4.32,,93.17,,93.7,,0.0,,Ashminder to Tikken
11-01-012-00051-003202,,,,,,,,,,,,,,,,,,
11-01-012-00051-003203,,2002-07-15,,2004-08-01,,2007-10-31,,2000.0,,4.32,,93.17,,93.7,,0.0,,Ashminder to Tikken
11-01-012-00051-003204,,,,,,,,,,,,,,,,,,
11-01-012-00051-003205,,,,,,,,,,,,,,,,,,
11-01-012-00051-003206,,,,,,,,,,,,,,,,,,
11-01-012-00051-003207,,,,,,,,,,,,,,,,,,
11-01-012-00051-003208,,,,,,,,,,,,,,,,,,
11-01-012-00051-003209,2008-08-02,,2009-09-01,,2009-02-12,,2006.0,,1.0,,27.57,,29.14,,0.0,,Trichal - CheckiTrichal,
11-01-012-00051-003210,,,,,,,,,,,,,,,,,,
11-01-012-00051-003211,,,,,,,,,,,,,,,,,,
11-01-012-00051-003212,,,,,,,,,,,,,,,,,,
11-01-012-00051-003213,2012-08-09,,2012-12-01,,2013-06-01,,2005.0,,0.95,,87.49,,93.55,,0.0,,Kumar Mohalla - Aparipora,
11-01-012-00051-003214,,,,,,,,,,,,,,,,,,
11-01-012-00051-003215,,,,,,,,,,,,,,,,,,
11-01-012-00051-003216,,,,,,,,,,,,,,,,,,
11-01-012-00051-003217,2010-02-25,,2011-05-01,,2011-03-05,,2006.0,,1.0,,70.49,,103.67,,0.0,,Mirpora - Audoora,
11-01-012-00051-003218,,,,,,,,,,,,,,,,,,
11-01-012-00051-003219,,,,,,,,,,,,,,,,,,
11-01-012-00051-003220,,,,,,,,,,,,,,,,,,
11-01-012-00051-003221,2007-09-19,,2013-11-01,,2009-03-27,,2005.0,,0.9,,122.37,,167.03,,0.0,,Chakura - Graw Gund,
11-01-012-00051-003222,,,,,,,,,,,,,,,,,,
11-01-012-00051-003223,,,,,,,,,,,,,,,,,,
11-01-012-00051-003224,,,,,,,,,,,,,,,,,,
11-01-012-00051-003225,,,,,,,,,,,,,,,,,,
11-01-012-00051-003226,,,,,,,,,,,,,,,,,,
11-01-012-00051-003227,,,,,,,,,,,,,,,,,,
11-01-012-00051-003228,,,,,,,,,,,,,,,,,,
11-01-012-00051-003229,,,,,,,,,,,,,,,,,,
11-01-012-00051-003230,,2008-11-15,,2012-07-01,,2010-05-25,,2006.0,,21.5,,1331.17,,1343.21,,0.0,,Pulwama - Keller Sangerwani Road RD0-RD21500
11-01-012-00051-003231,,,,,,,,,,,,,,,,,,
11-01-012-00051-003232,,,,,,,,,,,,,,,,,,
11-01-012-00051-003233,,,,,,,,,,,,,,,,,,
11-01-012-00051-003234,,,,,,,,,,,,,,,,,,
11-01-012-00051-003235,,,,,,,,,,,,,,,,,,
11-01-012-00051-003236,,,,,,,,,,,,,,,,,,
11-01-012-00051-003237,,,,,,,,,,,,,,,,,,
11-01-012-00051-003238,,,,,,,,,,,,,,,,,,
11-01-012-00051-003239,,,,,,,,,,,,,,,,,,
11-01-012-00051-003240,,,,,,,,,,,,,,,,,,
11-01-012-00051-003241,2004-01-31,,2004-12-01,,2008-03-31,,2001.0,,1.9,,55.99,,56.3,,0.0,,Kanidajan to Wasimarg,
11-01-012-00051-003242,2008-11-10,,2012-12-01,,2009-11-20,,2006.0,,3.0,,83.18,,114.22,,0.0,,T02 Keller Sangerwani - Aditrag,
11-01-012-00051-003243,,,,,,,,,,,,,,,,,,
11-01-012-00051-003244,,,,,,,,,,,,,,,,,,
11-01-012-00051-003245,,,,,,,,,,,,,,,,,,
11-01-012-00051-003246,,,,,,,,,,,,,,,,,,
11-01-012-00051-003247,,2008-11-15,,2012-07-01,,2010-05-25,,2006.0,,21.5,,1331.17,,1343.21,,0.0,,Pulwama - Keller Sangerwani Road RD0-RD21500
11-01-012-00051-003248,,,,,,,,,,,,,,,,,,
11-01-012-00051-003249,,,,,,,,,,,,,,,,,,
11-01-012-00051-003250,,2008-11-15,,2012-07-01,,2010-05-25,,2006.0,,21.5,,1331.17,,1343.21,,0.0,,Pulwama - Keller Sangerwani Road RD0-RD21500
11-01-012-00051-003251,,,,,,,,,,,,,,,,,,
11-01-012-00051-003252,,2008-11-15,,2012-07-01,,2010-05-25,,2006.0,,21.5,,1331.17,,1343.21,,0.0,,Pulwama - Keller Sangerwani Road RD0-RD21500
11-01-012-00051-003253,,2008-11-15,,2012-07-01,,2010-05-25,,2006.0,,21.5,,1331.17,,1343.21,,0.0,,Pulwama - Keller Sangerwani Road RD0-RD21500
11-01-012-00051-003254,,,,,,,,,,,,,,,,,,
11-01-012-00051-003255,,,,,,,,,,,,,,,,,,
11-01-012-00051-003256,,,,,,,,,,,,,,,,,,
11-01-012-00051-003257,,,,,,,,,,,,,,,,,,
11-01-012-00051-003258,,,,,,,,,,,,,,,,,,
11-01-012-00051-003259,,,,,,,,,,,,,,,,,,
11-01-012-00051-003260,,,,,,,,,,,,,,,,,,
11-01-012-00051-003261,,,,,,,,,,,,,,,,,,
11-01-012-00051-003262,,,,,,,,,,,,,,,,,,
11-01-012-00051-003263,2008-09-10,,2009-04-01,,2009-06-20,,2006.0,,2.5,,56.38,,67.93,,0.0,,Pirpora - Rakhi Chindran,
11-01-012-00051-003264,,,,,,,,,,,,,,,,,,
11-01-012-00051-003265,,,,,,,,,,,,,,,,,,
11-01-012-00051-003266,,,,,,,,,,,,,,,,,,
11-01-012-00051-003267,,,,,,,,,,,,,,,,,,
11-01-012-00051-003268,,,,,,,,,,,,,,,,,,
11-01-012-00051-003269,,,,,,,,,,,,,,,,,,
11-01-012-00051-003270,,,,,,,,,,,,,,,,,,
11-01-012-00051-003271,,,,,,,,,,,,,,,,,,
11-01-012-00051-003272,,,,,,,,,,,,,,,,,,
11-01-012-00051-003273,,,,,,,,,,,,,,,,,,
11-01-012-00051-003274,,,,,,,,,,,,,,,,,,
11-01-012-00051-003275,,,,,,,,,,,,,,,,,,
11-01-012-00051-003276,,,,,,,,,,,,,,,,,,
11-01-012-00051-003277,,,,,,,,,,,,,,,,,,
11-01-012-00051-003278,,,,,,,,,,,,,,,,,,
11-01-012-00051-003279,,,,,,,,,,,,,,,,,,
11-01-012-00051-003280,,,,,,,,,,,,,,,,,,
11-01-012-00051-003284,,,,,,,,,,,,,,,,,,
11-01-012-00051-003287,,,,,,,,,,,,,,,,,,
11-01-013-00052-003288,,,,,,,,,,,,,,,,,,
11-01-013-00052-003289,,,,,,,,,,,,,,,,,,
11-01-013-00052-003290,,,,,,,,,,,,,,,,,,
11-01-013-00052-003291,,,,,,,,,,,,,,,,,,
11-01-013-00052-003292,,,,,,,,,,,,,,,,,,
11-01-013-00052-003293,2008-09-10,,2009-08-01,,2009-06-20,,2006.0,,2.25,,56.54,,57.55,,0.0,,Diyaro - Adva,
11-01-013-00052-003294,2008-09-10,,2009-08-01,,2009-06-20,,2006.0,,2.25,,56.54,,57.55,,0.0,,Diyaro - Adva,
11-01-013-00052-003295,,,,,,,,,,,,,,,,,,
11-01-013-00052-003296,,,,,,,,,,,,,,,,,,
11-01-013-00052-003297,,,,,,,,,,,,,,,,,,
11-01-013-00052-003298,,2008-11-15,,2012-07-01,,2010-05-25,,2006.0,,21.5,,1331.17,,1343.21,,0.0,,Pulwama - Keller Sangerwani Road RD0-RD21500
11-01-013-00052-003299,,,,,,,,,,,,,,,,,,
11-01-013-00052-003300,,,,,,,,,,,,,,,,,,
11-01-013-00052-003301,,2003-03-17,,2004-03-01,,2005-10-31,,2000.0,,4.1,,63.7,,64.87,,0.0,,ADOORA TO KEEGAM
11-01-013-00052-003302,,,,,,,,,,,,,,,,,,
11-01-013-00052-003303,,,,,,,,,,,,,,,,,,
11-01-013-00052-003304,,2003-03-17,,2004-03-01,,2005-10-31,,2000.0,,4.1,,63.7,,64.87,,0.0,,ADOORA TO KEEGAM
11-01-013-00052-003305,,2003-03-17,,2004-03-01,,2005-10-31,,2000.0,,4.1,,63.7,,64.87,,0.0,,ADOORA TO KEEGAM
11-01-013-00052-003306,,2003-03-17,,2004-03-01,,2005-10-31,,2000.0,,4.1,,63.7,,64.87,,0.0,,ADOORA TO KEEGAM
11-01-013-00052-003307,,,,,,,,,,,,,,,,,,
11-01-013-00052-003308,,,,,,,,,,,,,,,,,,
11-01-013-00052-003309,,,,,,,,,,,,,,,,,,
11-01-013-00052-003310,2008-09-10,,2009-04-01,,2009-06-20,,2006.0,,2.5,,56.38,,67.93,,0.0,,Pirpora - Rakhi Chindran,
11-01-013-00052-003311,2008-09-10,,2009-04-01,,2009-06-20,,2006.0,,2.5,,56.38,,67.93,,0.0,,Pirpora - Rakhi Chindran,
11-01-013-00052-003312,2008-09-10,,2009-04-01,,2009-06-20,,2006.0,,2.5,,56.38,,67.93,,0.0,,Pirpora - Rakhi Chindran,
11-01-013-00052-003313,,,,,,,,,,,,,,,,,,
11-01-013-00052-003314,,,,,,,,,,,,,,,,,,
11-01-013-00052-003315,,,,,,,,,,,,,,,,,,
11-01-013-00052-003316,2008-08-02,,2009-09-01,,2009-05-12,,2006.0,,2.0,,90.39,,92.04,,0.0,,Noolie - Mugalpora,
11-01-013-00052-003317,,,,,,,,,,,,,,,,,,
11-01-013-00052-003318,2008-11-11,,2009-09-01,,2009-11-21,,2006.0,,3.1,,104.38,,126.78,,0.0,,Km1stRD600ChittragamKashewRoad - Hefkuri,
11-01-013-00052-003319,,,,,,,,,,,,,,,,,,
11-01-013-00052-003320,,,,,,,,,,,,,,,,,,
11-01-013-00052-003321,,,,,,,,,,,,,,,,,,
11-01-013-00052-003322,,,,,,,,,,,,,,,,,,
11-01-013-00052-003323,2011-03-28,,2013-01-01,,2012-04-08,,2007.0,,2.5,,70.44,,89.14,,0.0,,Chitragam - Kashew,
11-01-013-00052-003324,,,,,,,,,,,,,,,,,,
11-01-013-00052-003325,,,,,,,,,,,,,,,,,,
11-01-013-00052-003326,,,,,,,,,,,,,,,,,,
11-01-013-00052-003327,,,,,,,,,,,,,,,,,,
11-01-013-00052-003328,,,,,,,,,,,,,,,,,,
11-01-013-00052-003329,,,,,,,,,,,,,,,,,,
11-01-013-00052-003330,2006-11-06,,2007-08-01,,2007-11-16,,2004.0,,3.5,,74.75,,79.49,,0.0,,Wangam - Matribugh,
11-01-013-00052-003331,,,,,,,,,,,,,,,,,,
11-01-013-00052-003332,,,,,,,,,,,,,,,,,,
11-01-013-00052-003333,,,,,,,,,,,,,,,,,,
11-01-013-00052-003334,2011-01-03,,2013-07-01,,2012-01-13,,2007.0,,1.8,,66.08,,86.74,,0.0,,L028 Durapora - Cherimarg,
11-01-013-00052-003335,,,,,,,,,,,,,,,,,,
11-01-013-00052-003336,,,,,,,,,,,,,,,,,,
11-01-013-00052-003338,,,,,,,,,,,,,,,,,,
11-01-013-00052-003339,,,,,,,,,,,,,,,,,,
11-01-013-00052-003340,,,,,,,,,,,,,,,,,,
11-01-013-00052-003341,,,,,,,,,,,,,,,,,,
11-01-013-00052-003342,,,,,,,,,,,,,,,,,,
11-01-013-00052-003343,,,,,,,,,,,,,,,,,,
11-01-013-00052-003344,,,,,,,,,,,,,,,,,,
11-01-013-00052-003345,,,,,,,,,,,,,,,,,,
11-01-013-00052-003346,,,,,,,,,,,,,,,,,,
11-01-013-00052-003347,,,,,,,,,,,,,,,,,,
11-01-013-00052-003348,,,,,,,,,,,,,,,,,,
11-01-013-00052-003349,,,,,,,,,,,,,,,,,,
11-01-013-00052-003350,,,,,,,,,,,,,,,,,,
11-01-013-00052-003351,2007-10-03,,2012-10-01,,2009-04-09,,2005.0,,3.65,,216.9,,249.18,,0.0,,Humhama - Noriposhwari (Noolie),
11-01-013-00052-003352,2007-10-03,,2012-10-01,,2009-04-09,,2005.0,,3.65,,216.9,,249.18,,0.0,,Humhama - Noriposhwari (Noolie),
11-01-013-00052-003353,,,,,,,,,,,,,,,,,,
11-01-013-00052-003354,,,,,,,,,,,,,,,,,,
11-01-013-00052-003355,2007-10-03,,2012-10-01,,2009-04-09,,2005.0,,3.65,,216.9,,249.18,,0.0,,Humhama - Noriposhwari (Noolie),
11-01-013-00052-003356,2007-10-03,,2012-10-01,,2009-04-09,,2005.0,,3.65,,216.9,,249.18,,0.0,,Humhama - Noriposhwari (Noolie),
11-01-013-00052-003357,,,,,,,,,,,,,,,,,,
11-01-013-00052-003358,2008-11-11,,2009-09-01,,2009-11-21,,2006.0,,3.1,,104.38,,126.78,,0.0,,Km1stRD600ChittragamKashewRoad - Hefkuri,
11-01-013-00052-003359,2007-10-03,,2012-10-01,,2009-04-09,,2005.0,,3.65,,216.9,,249.18,,0.0,,Humhama - Noriposhwari (Noolie),
11-01-013-00052-003360,,,,,,,,,,,,,,,,,,
11-01-013-00052-003361,,,,,,,,,,,,,,,,,,
11-01-013-00052-003362,,,,,,,,,,,,,,,,,,
11-01-013-00052-003364,,,,,,,,,,,,,,,,,,
11-01-013-00052-003365,,,,,,,,,,,,,,,,,,
11-01-013-00052-003366,,,,,,,,,,,,,,,,,,
11-01-013-00052-003367,,,,,,,,,,,,,,,,,,
11-01-013-00052-003368,,,,,,,,,,,,,,,,,,
11-01-013-00052-003369,,,,,,,,,,,,,,,,,,
11-01-013-00052-003370,,,,,,,,,,,,,,,,,,
11-01-013-00052-003371,,,,,,,,,,,,,,,,,,
11-01-013-00052-003372,,2008-11-15,,2012-07-01,,2010-05-25,,2006.0,,21.5,,1331.17,,1343.21,,0.0,,Pulwama - Keller Sangerwani Road RD0-RD21500
11-01-013-00052-003373,,,,,,,,,,,,,,,,,,
11-01-013-00052-003375,,2008-11-15,,2012-07-01,,2010-05-25,,2006.0,,21.5,,1331.17,,1343.21,,0.0,,Pulwama - Keller Sangerwani Road RD0-RD21500
11-01-013-00052-003376,,2008-11-15,,2012-07-01,,2010-05-25,,2006.0,,21.5,,1331.17,,1343.21,,0.0,,Pulwama - Keller Sangerwani Road RD0-RD21500
11-01-013-00052-003377,,2008-11-15,,2012-07-01,,2010-05-25,,2006.0,,21.5,,1331.17,,1343.21,,0.0,,Pulwama - Keller Sangerwani Road RD0-RD21500
11-01-013-00052-003378,,2008-11-15,,2012-07-01,,2010-05-25,,2006.0,,21.5,,1331.17,,1343.21,,0.0,,Pulwama - Keller Sangerwani Road RD0-RD21500
11-01-013-00052-003379,2006-12-12,,2007-10-01,,2007-08-22,,2004.0,,1.5,,82.15,,84.83,,0.0,,keller - Chowan,
11-01-013-00052-003380,2006-12-12,,2007-08-01,,2007-09-22,,2004.0,,1.7,,74.43,,75.85,,0.0,,Keller - Zampathri,
11-01-013-00052-003381,,,,,,,,,,,,,,,,,,
11-01-013-00052-003382,2007-01-23,,2007-09-01,,2007-11-03,,2004.0,,3.0,,54.67,,56.69,,0.0,,Keller - Pahlipora,
11-01-013-00052-003383,2008-11-01,,2009-08-01,,2009-08-10,,2006.0,,2.5,,64.68,,68.24,,0.0,,Naserpora - Mukam-i-Dunaroo,
11-01-013-00052-003384,,,,,,,,,,,,,,,,,,
11-01-013-00052-003385,2007-10-01,,2008-08-01,,2008-10-11,,2004.0,,3.0,,121.25,,123.11,,0.0,,Vishru - Zrakan-Shalidar,
11-01-013-00052-003386,,,,,,,,,,,,,,,,,,
11-01-013-00052-003387,,2008-11-15,,2012-07-01,,2010-05-25,,2006.0,,21.5,,1331.17,,1343.21,,0.0,,Pulwama - Keller Sangerwani Road RD0-RD21500
11-01-013-00052-003388,2007-01-06,,2007-12-01,,2008-01-16,,2004.0,,2.5,,107.14,,110.16,,0.0,,Gatipora - Kathauhallan,
11-01-013-00052-003389,,,,,,,,,,,,,,,,,,
11-01-013-00052-003390,,,,,,,,,,,,,,,,,,
11-01-013-00052-003391,,,,,,,,,,,,,,,,,,
11-01-013-00052-003392,2006-12-12,,2007-08-01,,2007-09-22,,2004.0,,1.0,,49.05,,50.6,,0.0,,Arigammastpora(t03) Km 9th R.D 750 - Ballpora,
11-01-013-00052-003393,,,,,,,,,,,,,,,,,,
11-01-013-00052-003394,,,,,,,,,,,,,,,,,,
11-01-013-00052-003395,,,,,,,,,,,,,,,,,,
11-01-013-00052-003396,,,,,,,,,,,,,,,,,,
11-01-013-00052-003397,,,,,,,,,,,,,,,,,,
11-01-013-00052-003398,,,,,,,,,,,,,,,,,,
11-01-013-00052-003399,,,,,,,,,,,,,,,,,,
11-01-013-00052-003400,,,,,,,,,,,,,,,,,,
11-01-013-00052-003401,,,,,,,,,,,,,,,,,,
11-01-013-00052-003402,,,,,,,,,,,,,,,,,,
11-01-013-00052-003403,,,,,,,,,,,,,,,,,,
11-01-013-00052-003404,,,,,,,,,,,,,,,,,,
11-01-013-00052-003405,,,,,,,,,,,,,,,,,,
11-01-013-00052-003406,,,,,,,,,,,,,,,,,,
11-01-013-00052-003407,,,,,,,,,,,,,,,,,,
11-01-013-00052-003408,,,,,,,,,,,,,,,,,,
11-01-013-00052-003409,,,,,,,,,,,,,,,,,,
11-01-013-00052-003410,,,,,,,,,,,,,,,,,,
11-01-013-00052-003411,,,,,,,,,,,,,,,,,,
11-01-013-00052-003412,,,,,,,,,,,,,,,,,,
11-01-013-00052-003413,,,,,,,,,,,,,,,,,,
11-01-013-00052-003414,,,,,,,,,,,,,,,,,,
11-01-013-00052-003415,,,,,,,,,,,,,,,,,,
11-01-013-00052-003416,,,,,,,,,,,,,,,,,,
11-01-013-00052-003417,,,,,,,,,,,,,,,,,,
11-01-013-00052-003418,,,,,,,,,,,,,,,,,,
11-01-013-00052-003419,,,,,,,,,,,,,,,,,,
11-01-013-00052-003420,,,,,,,,,,,,,,,,,,
11-01-013-00052-003421,,,,,,,,,,,,,,,,,,
11-01-013-00052-003422,2002-03-14,,2005-11-01,,2002-07-18,,2000.0,,1.89,,52.76,,52.91,,0.0,,Sofanamun to Pahnoo,
11-01-013-00052-003423,,,,,,,,,,,,,,,,,,
11-01-013-00052-003424,2006-11-07,,2010-06-01,,2007-11-17,,2004.0,,4.0,,77.94,,101.04,,0.0,,Karewazawoora - Chanchmarg,
11-01-013-00052-003425,,,,,,,,,,,,,,,,,,
11-01-013-00052-003426,2007-01-06,,2007-12-01,,2008-01-16,,2004.0,,2.5,,107.14,,110.16,,0.0,,Gatipora - Kathauhallan,
11-01-013-00052-003427,,,,,,,,,,,,,,,,,,
11-01-013-00052-003428,,,,,,,,,,,,,,,,,,
11-01-013-00052-003429,,,,,,,,,,,,,,,,,,
11-01-013-00052-003430,,,,,,,,,,,,,,,,,,
11-01-013-00052-003431,,,,,,,,,,,,,,,,,,
11-01-013-00052-003432,,,,,,,,,,,,,,,,,,
11-01-013-00052-003433,,,,,,,,,,,,,,,,,,
11-01-013-00052-003434,,,,,,,,,,,,,,,,,,
11-01-013-00052-003435,,,,,,,,,,,,,,,,,,
11-01-013-00052-003436,,,,,,,,,,,,,,,,,,
11-01-013-00052-003437,,,,,,,,,,,,,,,,,,
11-01-013-00052-003438,,,,,,,,,,,,,,,,,,
11-01-013-00052-003439,,,,,,,,,,,,,,,,,,
11-01-013-00052-003440,,,,,,,,,,,,,,,,,,
11-01-013-00052-003441,,,,,,,,,,,,,,,,,,
11-01-013-00052-003442,,,,,,,,,,,,,,,,,,
11-01-013-00052-003443,,,,,,,,,,,,,,,,,,
11-01-013-00052-003444,,,,,,,,,,,,,,,,,,
11-01-013-00052-003445,,,,,,,,,,,,,,,,,,
11-01-013-00052-003446,,,,,,,,,,,,,,,,,,
11-01-013-00052-003447,,,,,,,,,,,,,,,,,,
11-01-013-00052-003448,,,,,,,,,,,,,,,,,,
11-01-013-00052-003449,,,,,,,,,,,,,,,,,,
11-01-013-00052-003450,,,,,,,,,,,,,,,,,,
11-01-013-00052-003451,,,,,,,,,,,,,,,,,,
11-01-013-00052-003452,,,,,,,,,,,,,,,,,,
11-01-013-00052-003453,,,,,,,,,,,,,,,,,,
11-01-013-00052-003454,,,,,,,,,,,,,,,,,,
11-01-013-00052-003455,,,,,,,,,,,,,,,,,,
11-01-013-00052-003456,,,,,,,,,,,,,,,,,,
11-01-013-00052-003457,,,,,,,,,,,,,,,,,,
11-01-013-00052-003458,,,,,,,,,,,,,,,,,,
11-01-013-00052-003459,,,,,,,,,,,,,,,,,,
11-01-013-00052-003460,2008-08-02,,2009-03-01,,2009-05-12,,2006.0,,1.5,,50.66,,56.75,,0.0,,Narwav - Shamsipora,
11-01-013-00052-003461,,,,,,,,,,,,,,,,,,
11-01-013-00052-003462,,,,,,,,,,,,,,,,,,
11-01-013-00052-003463,,,,,,,,,,,,,,,,,,
11-01-013-00052-003464,,,,,,,,,,,,,,,,,,
11-01-013-00052-003465,,,,,,,,,,,,,,,,,,
11-01-013-00052-003466,,,,,,,,,,,,,,,,,,
11-01-013-00052-003467,,,,,,,,,,,,,,,,,,
11-01-013-00052-003468,,,,,,,,,,,,,,,,,,
11-01-013-00052-003469,,,,,,,,,,,,,,,,,,
11-01-013-00052-003470,2006-11-06,,2007-08-01,,2007-11-16,,2004.0,,3.5,,74.75,,79.49,,0.0,,Wangam - Matribugh,
11-01-013-00052-003471,2006-11-06,,2007-08-01,,2007-11-16,,2004.0,,3.5,,74.75,,79.49,,0.0,,Wangam - Matribugh,
11-01-013-00052-003472,,,,,,,,,,,,,,,,,,
11-01-013-00052-003473,,,,,,,,,,,,,,,,,,
11-01-013-00052-003474,,,,,,,,,,,,,,,,,,
11-01-013-00052-003475,,,,,,,,,,,,,,,,,,
11-01-013-00052-003476,,,,,,,,,,,,,,,,,,
11-01-013-00052-003477,,,,,,,,,,,,,,,,,,
11-01-013-00052-003478,,,,,,,,,,,,,,,,,,
11-01-013-00052-003479,,,,,,,,,,,,,,,,,,
11-01-013-00052-003480,,,,,,,,,,,,,,,,,,
11-01-013-00052-003481,,,,,,,,,,,,,,,,,,
11-01-013-00052-003482,,,,,,,,,,,,,,,,,,
11-01-013-00052-003483,2006-11-06,,2007-08-01,,2007-11-16,,2004.0,,3.5,,74.75,,79.49,,0.0,,Wangam - Matribugh,
11-01-013-00052-003484,,,,,,,,,,,,,,,,,,
11-01-013-00052-003485,,,,,,,,,,,,,,,,,,
11-01-013-00052-003486,,,,,,,,,,,,,,,,,,
11-01-013-00052-003487,,,,,,,,,,,,,,,,,,
11-01-013-00052-003488,,,,,,,,,,,,,,,,,,
11-01-013-00052-003489,,,,,,,,,,,,,,,,,,
11-01-013-00052-003490,2008-08-02,,2009-03-01,,2009-05-12,,2006.0,,1.5,,50.66,,56.75,,0.0,,Narwav - Shamsipora,
11-01-013-00052-003491,,,,,,,,,,,,,,,,,,
11-01-013-00052-003492,,,,,,,,,,,,,,,,,,
11-01-013-00052-003493,,,,,,,,,,,,,,,,,,
11-01-013-00052-003494,,,,,,,,,,,,,,,,,,
11-01-013-00052-003495,,,,,,,,,,,,,,,,,,
11-01-013-00052-003496,,,,,,,,,,,,,,,,,,
11-01-013-00052-003497,,,,,,,,,,,,,,,,,,
11-01-013-00052-003498,2008-12-02,,2010-05-01,,2009-09-12,,2006.0,,3.0,,112.98,,141.01,,0.0,,Reshnagri - Checki Reshnagri,
11-01-013-00052-003499,,,,,,,,,,,,,,,,,,
11-01-013-00052-003500,2008-08-02,,2009-09-01,,2009-05-12,,2006.0,,1.75,,43.95,,54.38,,0.0,,Km 3rd L062 - Amshipora,
11-01-013-00052-003501,2003-07-19,,2007-07-01,,2008-03-31,,2001.0,,2.0,,69.46,,70.51,,0.0,,Kachdoora to Kapran,
11-01-013-00052-003502,,,,,,,,,,,,,,,,,,
11-01-013-00052-003503,,,,,,,,,,,,,,,,,,
11-01-013-00052-003504,2003-07-19,,2007-07-01,,2008-03-31,,2001.0,,2.0,,69.46,,70.51,,0.0,,Kachdoora to Kapran,
11-01-013-00052-003505,2003-07-19,,2007-07-01,,2008-03-31,,2001.0,,2.0,,69.46,,70.51,,0.0,,Kachdoora to Kapran,
11-01-013-00052-003506,,,,,,,,,,,,,,,,,,
11-01-013-00052-003507,,,,,,,,,,,,,,,,,,
11-01-013-00052-003508,2003-07-19,,2007-07-01,,2008-03-31,,2001.0,,2.0,,69.46,,70.51,,0.0,,Kachdoora to Kapran,
11-01-013-00052-003509,,,,,,,,,,,,,,,,,,
11-01-013-00052-003510,,,,,,,,,,,,,,,,,,
11-01-013-00052-003511,,,,,,,,,,,,,,,,,,
11-01-013-00052-003512,,,,,,,,,,,,,,,,,,
11-01-013-00052-003513,,,,,,,,,,,,,,,,,,
11-01-013-00052-003514,,,,,,,,,,,,,,,,,,
11-01-013-00052-003515,,,,,,,,,,,,,,,,,,
11-01-014-00053-003517,,,,,,,,,,,,,,,,,,
11-01-014-00053-003518,,,,,,,,,,,,,,,,,,
11-01-014-00053-003519,,,,,,,,,,,,,,,,,,
11-01-014-00053-003520,2008-11-04,,2011-06-01,,2009-11-04,,2006.0,,2.5,,101.27,,102.4,,0.0,,Halwan - Frestward,
11-01-014-00053-003521,,,,,,,,,,,,,,,,,,
11-01-014-00053-003522,,,,,,,,,,,,,,,,,,
11-01-014-00053-003523,2008-07-22,,2012-04-01,,2009-08-06,,2006.0,,3.0,,101.89,,124.97,,0.0,,BLroad - Khallen,
11-01-014-00053-003524,2007-05-07,,2009-05-01,,2008-01-12,,2004.0,,3.0,,109.54,,115.33,,0.0,,BATKOOT - PUSHWARD,
11-01-014-00053-003525,,,,,,,,,,,,,,,,,,
11-01-014-00053-003526,,,,,,,,,,,,,,,,,,
11-01-014-00053-003527,2012-10-31,,2013-09-01,,2013-11-10,,2006.0,,3.5,,131.33,,214.81,,0.0,,B.L.Road - N.Aoura,
11-01-014-00053-003528,,,,,,,,,,,,,,,,,,
11-01-014-00053-003529,,,,,,,,,,,,,,,,,,
11-01-014-00053-003530,,,,,,,,,,,,,,,,,,
11-01-014-00053-003531,2008-09-24,,2012-01-01,,2009-09-24,,2006.0,,3.0,,116.97,,134.96,,0.0,,Batkoot - Pushward,
11-01-014-00053-003532,,,,,,,,,,,,,,,,,,
11-01-014-00053-003533,,,,,,,,,,,,,,,,,,
11-01-014-00053-003534,2011-04-09,,2012-09-01,,2012-04-18,,2007.0,,1.5,,38.54,,63.4,,0.0,,Sallar - Pahlipora,
11-01-014-00053-003535,,,,,,,,,,,,,,,,,,
11-01-014-00053-003536,2011-02-04,,2012-10-01,,2012-02-13,,2007.0,,2.0,,64.27,,107.04,,0.0,,Lehandagan - Boogmar,
11-01-014-00053-003537,2011-04-09,,2013-03-01,,2012-04-18,,2007.0,,4.6,,97.82,,173.81,,0.0,,KmIst Rd 500 L029 - Gurgandan,
11-01-014-00053-003538,,,,,,,,,,,,,,,,,,
11-01-014-00053-003539,,,,,,,,,,,,,,,,,,
11-01-014-00053-003540,2007-08-06,,2009-05-01,,2008-07-05,,2004.0,,2.5,,110.59,,114.43,,0.0,,Grend - Hardi Kichroo,
11-01-014-00053-003542,2003-02-07,,2006-10-01,,2004-06-25,,2001.0,,2.77,,66.66,,66.97,,0.0,,Saller to Sheikhpora,
11-01-014-00053-003543,2008-02-02,,2009-05-01,,2008-08-24,,2004.0,,2.0,,27.95,,32.48,,0.0,,LEVER - HAMNADI,
11-01-014-00053-003544,,,,,,,,,,,,,,,,,,
11-01-014-00053-003545,2007-01-23,,2008-09-01,,2008-01-05,,2004.0,,0.75,,17.4,,24.1,,0.0,,Aishmuqam - Tulihard,
11-01-014-00053-003546,2008-07-18,,2010-05-01,,2009-08-08,,2006.0,,1.55,,101.85,,106.56,,0.0,,Ashmuqam - ZiaratSharief,
11-01-014-00053-003547,,,,,,,,,,,,,,,,,,
11-01-014-00053-003548,,,,,,,,,,,,,,,,,,
11-01-014-00053-003549,,,,,,,,,,,,,,,,,,
11-01-014-00053-003550,,,,,,,,,,,,,,,,,,
11-01-014-00053-003551,2008-07-24,,2010-05-01,,2009-05-08,,2006.0,,0.75,,51.23,,60.99,,0.0,,Tulard - Bandpora,
11-01-014-00053-003552,,,,,,,,,,,,,,,,,,
11-01-014-00053-003553,,,,,,,,,,,,,,,,,,
11-01-014-00053-003554,,,,,,,,,,,,,,,,,,
11-01-014-00053-003555,,,,,,,,,,,,,,,,,,
11-01-014-00053-003556,,,,,,,,,,,,,,,,,,
11-01-014-00053-003557,,,,,,,,,,,,,,,,,,
11-01-014-00053-003558,,,,,,,,,,,,,,,,,,
11-01-014-00053-003559,,,,,,,,,,,,,,,,,,
11-01-014-00053-003560,,,,,,,,,,,,,,,,,,
11-01-014-00053-003561,,,,,,,,,,,,,,,,,,
11-01-014-00053-003562,,,,,,,,,,,,,,,,,,
11-01-014-00053-003563,,,,,,,,,,,,,,,,,,
11-01-014-00053-003564,,,,,,,,,,,,,,,,,,
11-01-014-00053-003565,2008-09-24,,2010-12-01,,2009-08-09,,2006.0,,1.75,,83.49,,108.26,,0.0,,Hapatnar - Nagbal,
11-01-014-00053-003566,,,,,,,,,,,,,,,,,,
11-01-014-00053-003567,,,,,,,,,,,,,,,,,,
11-01-014-00053-003568,,,,,,,,,,,,,,,,,,
11-01-014-00053-003569,,2008-11-15,,2013-08-01,,2010-05-15,,2006.0,,15.26,,1598.04,,1780.24,,0.0,,Phalgam - Chandanwari
11-01-014-00053-003570,,,,,,,,,,,,,,,,,,
11-01-014-00053-003571,,,,,,,,,,,,,,,,,,
11-01-014-00053-003572,,,,,,,,,,,,,,,,,,
11-01-014-00053-003573,,,,,,,,,,,,,,,,,,
11-01-014-00053-003574,2008-07-24,,2009-10-01,,2009-02-10,,2006.0,,0.75,,19.62,,26.19,,0.0,,Ashmuqam - Tulhard,
11-01-014-00053-003575,,,,,,,,,,,,,,,,,,
11-01-014-00053-003576,,,,,,,,,,,,,,,,,,
11-01-014-00053-003577,,,,,,,,,,,,,,,,,,
11-01-014-00053-003578,,,,,,,,,,,,,,,,,,
11-01-014-00053-003579,,,,,,,,,,,,,,,,,,
11-01-014-00053-003580,,,,,,,,,,,,,,,,,,
11-01-014-00053-003581,,,,,,,,,,,,,,,,,,
11-01-014-00053-003582,2011-02-05,,2012-05-01,,2012-02-14,,2007.0,,1.5,,91.63,,102.68,,0.0,,T01 Petnoo - G.B Dajigam,
11-01-014-00054-003583,,,,,,,,,,,,,,,,,,
11-01-014-00054-003584,2008-07-11,,2012-10-01,,2009-04-26,,2006.0,,2.0,,65.2,,67.8,,0.0,,Panchora - Chackidadoo,
11-01-014-00054-003585,,,,,,,,,,,,,,,,,,
11-01-014-00054-003586,2008-07-11,,2009-07-01,,2009-04-16,,2006.0,,2.9,,88.17,,96.54,,0.0,,Khiram - Kachnard,
11-01-014-00054-003587,,,,,,,,,,,,,,,,,,
11-01-014-00054-003588,,,,,,,,,,,,,,,,,,
11-01-014-00054-003589,,,,,,,,,,,,,,,,,,
11-01-014-00054-003590,,,,,,,,,,,,,,,,,,
11-01-014-00054-003591,,,,,,,,,,,,,,,,,,
11-01-014-00054-003592,,,,,,,,,,,,,,,,,,
11-01-014-00054-003593,,,,,,,,,,,,,,,,,,
11-01-014-00054-003594,,,,,,,,,,,,,,,,,,
11-01-014-00054-003595,,,,,,,,,,,,,,,,,,
11-01-014-00054-003596,,,,,,,,,,,,,,,,,,
11-01-014-00054-003597,,,,,,,,,,,,,,,,,,
11-01-014-00054-003598,,,,,,,,,,,,,,,,,,
11-01-014-00054-003600,,,,,,,,,,,,,,,,,,
11-01-014-00054-003602,,,,,,,,,,,,,,,,,,
11-01-014-00054-003603,,,,,,,,,,,,,,,,,,
11-01-014-00054-003604,,,,,,,,,,,,,,,,,,
11-01-014-00054-003605,,,,,,,,,,,,,,,,,,
11-01-014-00054-003606,,,,,,,,,,,,,,,,,,
11-01-014-00054-003607,,,,,,,,,,,,,,,,,,
11-01-014-00054-003608,,,,,,,,,,,,,,,,,,
11-01-014-00054-003609,,,,,,,,,,,,,,,,,,
11-01-014-00054-003610,,,,,,,,,,,,,,,,,,
11-01-014-00054-003611,,,,,,,,,,,,,,,,,,
11-01-014-00054-003612,,,,,,,,,,,,,,,,,,
11-01-014-00054-003613,,,,,,,,,,,,,,,,,,
11-01-014-00054-003614,,,,,,,,,,,,,,,,,,
11-01-014-00054-003615,,,,,,,,,,,,,,,,,,
11-01-014-00054-003616,,,,,,,,,,,,,,,,,,
11-01-014-00054-003617,,,,,,,,,,,,,,,,,,
11-01-014-00054-003618,,,,,,,,,,,,,,,,,,
11-01-014-00054-003619,,,,,,,,,,,,,,,,,,
11-01-014-00054-003620,,,,,,,,,,,,,,,,,,
11-01-014-00054-003621,,,,,,,,,,,,,,,,,,
11-01-014-00054-003622,,,,,,,,,,,,,,,,,,
11-01-014-00054-003623,,,,,,,,,,,,,,,,,,
11-01-014-00054-003624,,,,,,,,,,,,,,,,,,
11-01-014-00054-003625,,,,,,,,,,,,,,,,,,
11-01-014-00054-003626,,,,,,,,,,,,,,,,,,
11-01-014-00054-003627,,,,,,,,,,,,,,,,,,
11-01-014-00054-003628,,,,,,,,,,,,,,,,,,
11-01-014-00054-003629,,,,,,,,,,,,,,,,,,
11-01-014-00054-003630,,,,,,,,,,,,,,,,,,
11-01-014-00054-003631,,,,,,,,,,,,,,,,,,
11-01-014-00054-003632,,,,,,,,,,,,,,,,,,
11-01-014-00054-003633,,,,,,,,,,,,,,,,,,
11-01-014-00054-003634,,,,,,,,,,,,,,,,,,
11-01-014-00054-800031,,,,,,,,,,,,,,,,,,
11-01-014-00055-003635,,,,,,,,,,,,,,,,,,
11-01-014-00055-003636,2011-04-09,,2012-08-01,,2012-04-18,,2007.0,,2.25,,116.33,,175.51,,0.0,,Siligam - Palpora,
11-01-014-00055-003637,2008-07-25,,2009-10-01,,2009-05-10,,2006.0,,2.18,,67.46,,74.82,,0.0,,Grand - Hardkitchroo,
11-01-014-00055-003638,,,,,,,,,,,,,,,,,,
11-01-014-00055-003639,,,,,,,,,,,,,,,,,,
11-01-014-00055-003640,,,,,,,,,,,,,,,,,,
11-01-014-00055-003641,,,,,,,,,,,,,,,,,,
11-01-014-00055-003642,,,,,,,,,,,,,,,,,,
11-01-014-00055-003643,,,,,,,,,,,,,,,,,,
11-01-014-00055-003644,,,,,,,,,,,,,,,,,,
11-01-014-00055-003645,,,,,,,,,,,,,,,,,,
11-01-014-00055-003646,,,,,,,,,,,,,,,,,,
11-01-014-00055-003647,2007-01-23,,2010-07-01,,2008-07-05,,2004.0,,1.8,,136.62,,128.94,,0.0,,Halwan - Frestward,
11-01-014-00055-003648,,,,,,,,,,,,,,,,,,
11-01-014-00055-003649,2008-08-20,,2010-07-01,,2009-05-20,,2006.0,,1.14,,49.3,,58.17,,0.0,,Hutmurra - Hassanabad,
11-01-014-00055-003650,,,,,,,,,,,,,,,,,,
11-01-014-00055-003651,2008-06-14,,2009-10-01,,2009-01-18,,2005.0,,1.0,,25.07,,54.51,,0.0,,Manznoo - Amirpora,
11-01-014-00055-003652,,,,,,,,,,,,,,,,,,
11-01-014-00055-003653,,,,,,,,,,,,,,,,,,
11-01-014-00055-003654,,,,,,,,,,,,,,,,,,
11-01-014-00055-003655,2005-11-28,,,,,,2003.0,,,,,,,,,,,
11-01-014-00055-003656,,,,,,,,,,,,,,,,,,
11-01-014-00055-003657,,,,,,,,,,,,,,,,,,
11-01-014-00055-003658,,,,,,,,,,,,,,,,,,
11-01-014-00055-003659,,,,,,,,,,,,,,,,,,
11-01-014-00055-003660,2003-02-07,,2006-10-01,,2004-06-25,,2001.0,,1.9,,53.51,,55.48,,0.0,,NANLI TO NOWBUGH,
11-01-014-00055-003662,,,,,,,,,,,,,,,,,,
11-01-014-00055-003663,,,,,,,,,,,,,,,,,,
11-01-014-00055-003664,,,,,,,,,,,,,,,,,,
11-01-014-00055-003665,,,,,,,,,,,,,,,,,,
11-01-014-00055-003666,,,,,,,,,,,,,,,,,,
11-01-014-00055-003667,,,,,,,,,,,,,,,,,,
11-01-014-00055-003668,,,,,,,,,,,,,,,,,,
11-01-014-00055-003669,2011-04-09,,2012-09-01,,2012-04-18,,2007.0,,2.0,,62.79,,93.19,,0.0,,Hardtoru - Devipora,
11-01-014-00055-003670,,,,,,,,,,,,,,,,,,
11-01-014-00055-003671,,,,,,,,,,,,,,,,,,
11-01-014-00055-003672,,,,,,,,,,,,,,,,,,
11-01-014-00055-003673,,,,,,,,,,,,,,,,,,
11-01-014-00055-003676,,,,,,,,,,,,,,,,,,
11-01-014-00055-003677,,,,,,,,,,,,,,,,,,
11-01-014-00055-003678,,,,,,,,,,,,,,,,,,
11-01-014-00055-003679,,,,,,,,,,,,,,,,,,
11-01-014-00055-003680,2007-06-06,,2008-09-01,,2007-12-31,,2004.0,,1.0,,27.18,,27.49,,0.0,,Gopalpora - Pahlipora,
11-01-014-00055-003681,,,,,,,,,,,,,,,,,,
11-01-014-00055-003682,,,,,,,,,,,,,,,,,,
11-01-014-00055-003683,,,,,,,,,,,,,,,,,,
11-01-014-00055-003685,,,,,,,,,,,,,,,,,,
11-01-014-00055-003686,2008-11-01,,2011-10-01,,2009-11-01,,2006.0,,3.0,,156.77,,165.79,,0.0,,Watrigam - Checki Imoh,
11-01-014-00055-003687,,,,,,,,,,,,,,,,,,
11-01-014-00055-003688,,,,,,,2007.0,,,,,,,,,,,
11-01-014-00055-003689,,,,,,,,,,,,,,,,,,
11-01-014-00055-003690,,,,,,,,,,,,,,,,,,
11-01-014-00055-003691,,,,,,,,,,,,,,,,,,
11-01-014-00055-003692,,,,,,,,,,,,,,,,,,
11-01-014-00055-003693,2011-02-11,,2012-09-01,,2012-02-20,,2007.0,,1.75,,70.18,,89.33,,0.0,,malikpora - Banginowgam,
11-01-014-00055-003694,,,,,,,,,,,,,,,,,,
11-01-014-00055-003695,,,,,,,,,,,,,,,,,,
11-01-014-00055-003696,,,,,,,,,,,,,,,,,,
11-01-014-00055-003697,,,,,,,,,,,,,,,,,,
11-01-014-00055-003698,,,,,,,,,,,,,,,,,,
11-01-014-00055-003699,2008-09-25,,2009-10-01,,2009-04-10,,2006.0,,1.0,,31.19,,34.76,,0.0,,Gopalpora - Phallipora,
11-01-014-00055-003700,,,,,,,,,,,,,,,,,,
11-01-014-00055-003701,2008-11-01,,2011-10-01,,2009-11-01,,2006.0,,3.0,,156.77,,165.79,,0.0,,Watrigam - Checki Imoh,
11-01-014-00055-003702,,,,,,,,,,,,,,,,,,
11-01-014-00055-003703,,,,,,,,,,,,,,,,,,
11-01-014-00055-003704,2003-02-07,,2006-10-01,,2004-06-25,,2001.0,,1.0,,19.2,,22.81,,0.0,,Munghal to Check Shahbad,
11-01-014-00055-003705,,,,,,,,,,,,,,,,,,
11-01-014-00055-003706,,,,,,,,,,,,,,,,,,
11-01-014-00055-003707,,,,,,,,,,,,,,,,,,
11-01-014-00055-003708,,,,,,,,,,,,,,,,,,
11-01-014-00055-003709,,,,,,,,,,,,,,,,,,
11-01-014-00055-003710,,,,,,,,,,,,,,,,,,
11-01-014-00055-003711,,,,,,,,,,,,,,,,,,
11-01-014-00055-003712,,,,,,,,,,,,,,,,,,
11-01-014-00055-003713,,,,,,,,,,,,,,,,,,
11-01-014-00055-003714,,,,,,,,,,,,,,,,,,
11-01-014-00055-003715,,,,,,,,,,,,,,,,,,
11-01-014-00055-003716,,,,,,,,,,,,,,,,,,
11-01-014-00055-003717,,,,,,,,,,,,,,,,,,
11-01-014-00055-003718,,,,,,,,,,,,,,,,,,
11-01-014-00055-003719,2002-03-06,,2004-04-01,,2006-10-15,,2000.0,,1.0,,15.3,,14.7,,0.0,,PALPORA TO BIMTHAN,
11-01-014-00055-003720,,,,,,,,,,,,,,,,,,
11-01-014-00055-800034,,,,,,,,,,,,,,,,,,
11-01-014-00055-800035,,,,,,,,,,,,,,,,,,
11-01-014-00056-003740,,,,,,,,,,,,,,,,,,
11-01-014-00056-003741,,,,,,,,,,,,,,,,,,
11-01-014-00056-003742,,2009-05-30,,,,,,2006.0,,,,,,,,,,
11-01-014-00056-003743,,,,,,,,,,,,,,,,,,
11-01-014-00056-003744,,,,,,,,,,,,,,,,,,
11-01-014-00056-003745,2002-09-10,,2008-03-01,,2004-06-25,,2001.0,,1.0,,54.16,,54.81,,0.0,,Datina to Buchan,
11-01-014-00056-003746,2011-02-04,,2011-12-01,,2012-02-13,,2007.0,,1.25,,83.21,,97.16,,0.0,,Shopkanin - Brisen,
11-01-014-00056-003747,2007-09-01,,2008-09-01,,2008-09-01,,2004.0,,2.25,,59.53,,63.11,,0.0,,Halkhah - Choontihal,
11-01-014-00056-003748,,,,,,,,,,,,,,,,,,
11-01-014-00056-003749,2011-04-15,,2012-09-01,,2012-04-24,,2007.0,,2.25,,142.25,,179.31,,0.0,,Narsar - Shanpora,
11-01-014-00056-003750,,,,,,,,,,,,,,,,,,
11-01-014-00056-003751,,,,,,,,,,,,,,,,,,
11-01-014-00056-003752,2011-03-28,,2012-05-01,,2012-04-06,,2007.0,,1.4,,51.66,,92.77,,0.0,,Chowgam - Libnan,
11-01-014-00056-003753,2008-11-04,,2012-10-01,,2009-11-04,,2006.0,,2.55,,81.66,,107.42,,0.0,,Halkhah - Choontihal,
11-01-014-00056-003754,2011-02-15,,2013-07-01,,2012-02-24,,2007.0,,2.25,,61.61,,111.52,,0.0,,sheikhpora - Checki sheikpora,
11-01-014-00056-003755,,,,,,,,,,,,,,,,,,
11-01-014-00056-003756,,,,,,,,,,,,,,,,,,
11-01-014-00056-003757,2011-02-09,,2012-06-01,,2012-02-18,,2007.0,,1.5,,55.62,,71.03,,0.0,,Barriri angan - Badwath,
11-01-014-00056-003758,,,,,,,,,,,,,,,,,,
11-01-014-00056-003759,,,,,,,,,,,,,,,,,,
11-01-014-00056-003760,,,,,,,,,,,,,,,,,,
11-01-014-00056-003761,,2009-05-30,,,,,,2006.0,,,,,,,,,,
11-01-014-00056-003762,,,,,,,,,,,,,,,,,,
11-01-014-00056-003763,,,,,,,,,,,,,,,,,,
11-01-014-00056-003764,2011-02-15,,2013-07-01,,2012-02-24,,2007.0,,1.5,,68.53,,107.07,,0.0,,Andoora - Sipahipora,
11-01-014-00056-800036,,,,,,,,,,,,,,,,,,
11-01-014-00057-003765,,,,,,,,,,,,,,,,,,
11-01-014-00057-003766,,,,,,,,,,,,,,,,,,
11-01-014-00057-003767,,,,,,,,,,,,,,,,,,
11-01-014-00057-003768,,,,,,,,,,,,,,,,,,
11-01-014-00057-003769,2011-01-19,,,,,,2007.0,,,,,,,,,,,
11-01-014-00057-003770,,,,,,,,,,,,,,,,,,
11-01-014-00057-003771,,,,,,,,,,,,,,,,,,
11-01-014-00057-003772,,,,,,,,,,,,,,,,,,
11-01-014-00057-003773,,,,,,,,,,,,,,,,,,
11-01-014-00057-003774,2008-07-26,,2009-10-01,,2009-08-20,,2006.0,,1.0,,42.93,,43.45,,0.0,,Magam - Takiya Magam,
11-01-014-00057-003775,2007-08-28,,2013-02-01,,2009-02-12,,2005.0,,8.0,,490.08,,557.54,,0.0,,Mohripora - Tangward,
11-01-014-00057-003776,,,,,,,,,,,,,,,,,,
11-01-014-00057-003777,,,,,,,,,,,,,,,,,,
11-01-014-00057-003778,,,,,,,,,,,,,,,,,,
11-01-014-00057-003779,,,,,,,,,,,,,,,,,,
11-01-014-00057-003780,,,,,,,,,,,,,,,,,,
11-01-014-00057-003781,2011-04-09,,,,,,2005.0,,,,,,,,,,,
11-01-014-00057-003782,,,,,,,,,,,,,,,,,,
11-01-014-00057-003783,,,,,,,,,,,,,,,,,,
11-01-014-00057-003784,,,,,,,,,,,,,,,,,,
11-01-014-00057-003785,,,,,,,,,,,,,,,,,,
11-01-014-00057-003786,2008-09-05,,2012-08-01,,2010-03-20,,2006.0,,2.75,,175.38,,256.88,,0.0,,Guridraman - Pannard,
11-01-014-00057-003787,,,,,,,,,,,,,,,,,,
11-01-014-00057-003788,2008-11-15,,2012-09-01,,2009-11-14,,2006.0,,2.0,,94.79,,159.35,,0.0,,Lehanwan - Patigoveran,
11-01-014-00057-003789,,,,,,,,,,,,,,,,,,
11-01-014-00057-003790,,,,,,,,,,,,,,,,,,
11-01-014-00057-003791,2008-09-05,,2012-01-01,,2010-03-20,,2006.0,,5.5,,247.48,,279.35,,0.0,,Nowbug - Harhallan,
11-01-014-00057-003792,,,,,,,,,,,,,,,,,,
11-01-014-00057-003793,,,,,,,,,,,,,,,,,,
11-01-014-00057-003794,2008-11-18,,2013-01-01,,2009-11-18,,2006.0,,5.5,,123.88,,173.22,,0.0,,Larnoo - Zeesnard,
11-01-014-00057-003795,,,,,,,,,,,,,,,,,,
11-01-014-00057-003796,,,,,,,,,,,,,,,,,,
11-01-014-00057-003797,,,,,,,,,,,,,,,,,,
11-01-014-00057-003798,2011-03-30,,2012-10-01,,2012-04-08,,2007.0,,2.5,,54.16,,71.99,,0.0,,Malikpora - Heri Malikpora,
11-01-014-00057-003799,2007-08-07,,2007-12-01,,2008-05-28,,2004.0,,1.0,,73.0,,73.56,,0.0,,Magam - Takiya Magam,
11-01-014-00057-003800,,,,,,,,,,,,,,,,,,
11-01-014-00057-003801,2007-09-26,,2013-09-01,,2009-04-04,,2005.0,,4.0,,242.3,,257.64,,0.0,,Vailoo - Halpora,
11-01-014-00057-003802,2011-04-09,,,,,,2005.0,,,,,,,,,,,
11-01-014-00057-003803,,,,,,,,,,,,,,,,,,
11-01-014-00057-003804,2011-04-26,,2013-07-01,,2012-05-05,,2007.0,,2.5,,53.29,,84.18,,0.0,,Dandipora - Heripora,
11-01-014-00057-003805,,,,,,,,,,,,,,,,,,
11-01-014-00057-003806,2007-09-26,,2013-09-01,,2009-04-04,,2005.0,,4.0,,242.3,,257.64,,0.0,,Vailoo - Halpora,
11-01-014-00057-003807,,,,,,,,,,,,,,,,,,
11-01-014-00057-003808,2003-02-07,,2009-07-01,,2004-06-25,,2001.0,,3.0,,89.27,,60.17,,0.0,,Dudhkhul to Cheerwad,
11-01-014-00057-003809,,,,,,,,,,,,,,,,,,
11-01-014-00057-003810,,,,,,,,,,,,,,,,,,
11-01-014-00057-003811,,,,,,,,,,,,,,,,,,
11-01-014-00057-003812,2008-09-30,,2010-12-01,,2009-09-30,,2006.0,,1.3,,89.58,,110.24,,0.0,,Lisser - Chowelgam,
11-01-014-00057-003813,2008-10-03,,2011-11-01,,2009-10-03,,2006.0,,3.0,,92.56,,117.56,,0.0,,Lisser - Inderwan,
11-01-014-00057-003814,,,,,,,,,,,,,,,,,,
11-01-014-00057-003815,2007-08-28,,2013-02-01,,2009-02-12,,2005.0,,8.0,,490.08,,557.54,,0.0,,Mohripora - Tangward,
11-01-014-00058-003816,2011-04-09,,,,,,2007.0,,,,,,,,,,,
11-01-014-00058-003817,,,,,,,,,,,,,,,,,,
11-01-014-00058-003818,,,,,,,,,,,,,,,,,,
11-01-014-00058-003819,,,,,,,,,,,,,,,,,,
11-01-014-00058-003820,,,,,,,,,,,,,,,,,,
11-01-014-00058-003821,,,,,,,,,,,,,,,,,,
11-01-014-00058-003822,2011-03-20,,2012-10-01,,2012-02-24,,2007.0,,1.0,,65.82,,126.76,,0.0,,Dreinen - Wanpora,
11-01-014-00058-003823,,,,,,,,,,,,,,,,,,
11-01-014-00058-003824,2002-03-06,,2007-09-01,,2006-10-15,,2000.0,,2.9,,52.27,,53.04,,0.0,,WATIHAL TO Y K PORA NAGRASS,
11-01-014-00058-003825,,,,,,,,,,,,,,,,,,
11-01-014-00058-003826,,,,,,,,,,,,,,,,,,
11-01-014-00058-003827,2002-03-06,,2004-04-01,,2006-10-15,,2000.0,,1.25,,22.48,,23.18,,0.0,,LIVIDARA TO KUCHAYPORA,
11-01-014-00058-003828,,,,,,,,,,,,,,,,,,
11-01-014-00058-003829,,,,,,,,,,,,,,,,,,
11-01-014-00058-003831,,,,,,,,,,,,,,,,,,
11-01-014-00058-003832,,,,,,,,,,,,,,,,,,
11-01-014-00058-003833,,,,,,,,,,,,,,,,,,
11-01-014-00058-003834,,,,,,,,,,,,,,,,,,
11-01-014-00058-003835,,,,,,,,,,,,,,,,,,
11-01-014-00058-003836,,,,,,,,,,,,,,,,,,
11-01-014-00058-003837,,,,,,,,,,,,,,,,,,
11-01-014-00058-003838,,,,,,,,,,,,,,,,,,
11-01-014-00058-003839,,,,,,,,,,,,,,,,,,
11-01-014-00058-003840,,,,,,,,,,,,,,,,,,
11-01-014-00058-003841,,,,,,,,,,,,,,,,,,
11-01-014-00058-003842,,,,,,,,,,,,,,,,,,
11-01-014-00058-003843,,,,,,,,,,,,,,,,,,
11-01-014-00058-003844,,,,,,,,,,,,,,,,,,
11-01-014-00058-003845,,,,,,,,,,,,,,,,,,
11-01-014-00058-003847,,,,,,,,,,,,,,,,,,
11-01-014-00058-003848,2002-03-06,,2005-03-01,,2006-10-15,,2000.0,,5.5,,90.66,,90.66,,0.0,,CHAKIBADWANI TO MALIKABAD KEWA WANPORA,
11-01-014-00058-003849,2002-03-06,,2004-08-01,,2006-10-15,,2000.0,,1.0,,26.82,,26.82,,0.0,,MAIN ROAD TO BONA ANGAN,
11-01-014-00058-003850,2002-03-06,,2004-08-01,,2006-10-15,,2000.0,,1.0,,21.42,,21.42,,0.0,,MATIGUND TO BIMDAL,
11-01-014-00058-003851,,,,,,,,,,,,,,,,,,
11-01-014-00058-003852,,,,,,,,,,,,,,,,,,
11-01-014-00058-003853,,,,,,,,,,,,,,,,,,
11-01-014-00058-003854,2011-02-15,,,,,,2007.0,,,,,,,,,,,
11-01-014-00058-003855,,,,,,,,,,,,,,,,,,
11-01-014-00058-003856,2007-01-20,,2009-05-01,,2008-02-04,,2004.0,,1.55,,71.24,,80.38,,0.0,,Manzmooh - Dongiwari,
11-01-014-00058-003857,,,,,,,,,,,,,,,,,,
11-01-014-00058-003858,2002-03-06,,2004-08-01,,2006-10-15,,2000.0,,1.0,,21.42,,21.42,,0.0,,MATIGUND TO BIMDAL,
11-01-014-00058-003859,,,,,,,,,,,,,,,,,,
11-01-014-00058-003860,,,,,,,,,,,,,,,,,,
11-01-014-00058-003861,,,,,,,,,,,,,,,,,,
11-01-014-00058-003862,2002-03-06,,2004-04-01,,2006-10-15,,2000.0,,0.4,,10.56,,10.32,,0.0,,MAIN ROAD TO CHINIGUND,
11-01-014-00058-003863,2002-03-06,,2004-04-01,,2006-10-15,,2000.0,,2.4,,38.46,,38.46,,0.0,,POOLIA TO SAIDAWARI,
11-01-014-00058-003864,,,,,,,,,,,,,,,,,,
11-01-014-00058-003865,2011-03-07,,2012-10-01,,2012-03-16,,2007.0,,2.5,,78.38,,126.22,,0.0,,Zamalgam - Zamalgam Gujjar Basti,
11-01-014-00058-003866,,,,,,,,,,,,,,,,,,
11-01-014-00058-003867,,,,,,,,,,,,,,,,,,
11-01-014-00058-003868,,,,,,,,,,,,,,,,,,
11-01-014-00058-003869,2011-04-23,,2012-05-01,,2012-04-02,,2007.0,,1.5,,85.4,,110.61,,0.0,,Qamar - Drabhal,
11-01-014-00058-003870,2011-04-09,,2012-10-01,,2012-04-18,,2007.0,,1.5,,59.71,,84.21,,0.0,,Halsidar - Trajan,
11-01-014-00058-003871,,,,,,,,,,,,,,,,,,
11-01-014-00058-003872,2011-02-08,,2013-09-01,,2012-02-08,,2007.0,,2.0,,86.73,,118.17,,0.0,,Mian Road - Harigawas,
11-01-014-00058-003873,2008-12-26,,2008-09-01,,2009-08-31,,2003.0,,4.75,,93.49,,98.62,,0.0,,DUDHWAGAN TO CHOHAN,
11-01-014-00058-003874,2013-04-03,,,,,,2007.0,,,,,,,,,,,
11-01-014-00058-003875,2013-04-03,,,,,,2007.0,,,,,,,,,,,
11-01-014-00058-003876,,,,,,,,,,,,,,,,,,
11-01-014-00058-003877,2008-12-26,,2008-09-01,,2009-08-31,,2003.0,,4.75,,93.49,,98.62,,0.0,,DUDHWAGAN TO CHOHAN,
11-01-014-00058-800038,,,,,,,,,,,,,,,,,,
11-01-014-00058-800039,,,,,,,,,,,,,,,,,,
11-01-015-00059-003878,,,,,,,,,,,,,,,,,,
11-01-015-00059-003879,,,,,,,,,,,,,,,,,,
11-01-015-00059-003880,,,,,,,,,,,,,,,,,,
11-01-015-00059-003881,2006-12-23,,2008-06-01,,2008-09-16,,2004.0,,2.5,,138.88,,87.36,,0.0,,Kharpora - Chinigam,
11-01-015-00059-003882,,,,,,,,,,,,,,,,,,
11-01-015-00059-003883,2011-03-12,,2011-12-01,,2012-03-21,,2007.0,,1.14,,39.88,,55.1,,0.0,,Danew - Wazirpora,
11-01-015-00059-003884,2006-12-23,,2008-06-01,,2008-09-16,,2004.0,,2.5,,138.88,,87.36,,0.0,,Kharpora - Chinigam,
11-01-015-00059-003885,,,,,,,,,,,,,,,,,,
11-01-015-00059-003886,,,,,,,,,,,,,,,,,,
11-01-015-00059-003887,,,,,,,,,,,,,,,,,,
11-01-015-00059-003888,,,,,,,,,,,,,,,,,,
11-01-015-00059-003890,,,,,,,,,,,,,,,,,,
11-01-015-00059-003891,2011-04-18,,,,,,2007.0,,,,,,,,,,,
11-01-015-00059-003892,,,,,,,,,,,,,,,,,,
11-01-015-00059-003893,2002-09-10,,2005-11-01,,2004-06-25,,2001.0,,3.8,,104.06,,107.18,,0.0,,Alamgunj to Sudona Munad,
11-01-015-00059-003894,,,,,,,,,,,,,,,,,,
11-01-015-00059-003895,,,,,,,,,,,,,,,,,,
11-01-015-00059-003896,,,,,,,,,,,,,,,,,,
11-01-015-00059-003897,,,,,,,,,,,,,,,,,,
11-01-015-00059-003898,,,,,,,,,,,,,,,,,,
11-01-015-00059-003899,,,,,,,,,,,,,,,,,,
11-01-015-00059-003900,,,,,,,,,,,,,,,,,,
11-01-015-00059-003901,,,,,,,,,,,,,,,,,,
11-01-015-00059-003902,2006-12-12,,2008-06-01,,2008-06-27,,2004.0,,2.72,,238.58,,253.55,,0.0,,Kujjar - Tengbal,
11-01-015-00059-003903,,,,,,,,,,,,,,,,,,
11-01-015-00059-003904,,,,,,,,,,,,,,,,,,
11-01-015-00059-003905,,,,,,,,,,,,,,,,,,
11-01-015-00059-003906,,,,,,,,,,,,,,,,,,
11-01-015-00059-003907,,,,,,,,,,,,,,,,,,
11-01-015-00059-003908,,,,,,,,,,,,,,,,,,
11-01-015-00059-003909,,,,,,,,,,,,,,,,,,
11-01-015-00059-003910,,,,,,,,,,,,,,,,,,
11-01-015-00059-003912,,,,,,,,,,,,,,,,,,
11-01-015-00059-003913,,,,,,,,,,,,,,,,,,
11-01-015-00059-003914,,,,,,,,,,,,,,,,,,
11-01-015-00059-003915,,,,,,,,,,,,,,,,,,
11-01-015-00059-003916,,,,,,,,,,,,,,,,,,
11-01-015-00059-003917,2007-01-06,,2008-06-01,,2008-01-06,,2004.0,,2.0,,80.28,,82.55,,0.0,,Noonmai - Zaban,
11-01-015-00059-003918,,,,,,,,,,,,,,,,,,
11-01-015-00059-003919,,,,,,,,,,,,,,,,,,
11-01-015-00059-003920,2008-09-24,,2009-10-01,,2009-09-24,,2006.0,,2.0,,69.8,,83.68,,0.0,,Okay - Bumrath,
11-01-015-00059-003921,,,,,,,,,,,,,,,,,,
11-01-015-00059-003922,,,,,,,,,,,,,,,,,,
11-01-015-00059-003923,2007-01-06,,2008-06-01,,2008-01-06,,2004.0,,2.0,,80.28,,82.55,,0.0,,Noonmai - Zaban,
11-01-015-00059-003924,,,,,,,,,,,,,,,,,,
11-01-015-00059-003925,,,,,,,,,,,,,,,,,,
11-01-015-00059-003926,,,,,,,,,,,,,,,,,,
11-01-015-00059-003927,,,,,,,,,,,,,,,,,,
11-01-015-00059-003928,,,,,,,,,,,,,,,,,,
11-01-015-00059-003929,2011-03-28,,2012-07-01,,2012-04-06,,2007.0,,1.5,,151.33,,182.3,,0.0,,Danew TN Pora - Makanpora,
11-01-015-00059-003930,2008-08-16,,2010-12-01,,2009-07-12,,2006.0,,1.14,,47.84,,52.34,,0.0,,Danew - Wazerpopra,
11-01-015-00059-003931,,,,,,,,,,,,,,,,,,
11-01-015-00059-003932,,,,,,,,,,,,,,,,,,
11-01-015-00059-003933,,,,,,,,,,,,,,,,,,
11-01-015-00059-003934,,,,,,,,,,,,,,,,,,
11-01-015-00059-003935,,,,,,,,,,,,,,,,,,
11-01-015-00059-003936,,,,,,,,,,,,,,,,,,
11-01-015-00059-003937,2011-06-22,,,,,,2007.0,,,,,,,,,,,
11-01-015-00059-003938,,,,,,,,,,,,,,,,,,
11-01-015-00059-003939,2011-03-05,,2012-12-01,,2012-03-14,,2007.0,,0.73,,31.28,,45.22,,0.0,,Lirew - Narsingpora,
11-01-015-00059-003940,,,,,,,,,,,,,,,,,,
11-01-015-00059-003941,,,,,,,,,,,,,,,,,,
11-01-015-00059-003942,,,,,,,,,,,,,,,,,,
11-01-015-00059-003943,,,,,,,,,,,,,,,,,,
11-01-015-00059-003944,,,,,,,,,,,,,,,,,,
11-01-015-00059-003945,,,,,,,,,,,,,,,,,,
11-01-015-00059-003946,,,,,,,,,,,,,,,,,,
11-01-015-00059-003947,,,,,,,,,,,,,,,,,,
11-01-015-00059-003948,2008-07-23,,2009-09-01,,2009-02-08,,2006.0,,1.12,,34.58,,34.97,,0.0,,Chwalgam - Chellan,
11-01-015-00059-003949,,,,,,,,,,,,,,,,,,
11-01-015-00059-003950,,,,,,,,,,,,,,,,,,
11-01-015-00059-003951,,,,,,,,,,,,,,,,,,
11-01-015-00059-003952,,,,,,,,,,,,,,,,,,
11-01-015-00059-003953,2007-01-06,,2008-06-01,,2008-01-16,,2004.0,,2.62,,55.12,,77.03,,0.0,,Areh - Awahatoo Padderpora,
11-01-015-00059-003954,,,,,,,,,,,,,,,,,,
11-01-015-00059-003955,2007-05-28,,2008-06-01,,2008-04-30,,2004.0,,2.0,,129.74,,140.55,,0.0,,Okey Bumbrarth - Kachahallan,
11-01-015-00059-003956,2008-07-12,,2012-04-01,,2009-07-27,,2006.0,,2.0,,99.53,,108.38,,0.0,,Batpora - Hadigam,
11-01-015-00059-003957,,,,,,,,,,,,,,,,,,
11-01-015-00059-003958,,,,,,,,,,,,,,,,,,
11-01-015-00059-003959,,,,,,,,,,,,,,,,,,
11-01-015-00059-003960,,,,,,,,,,,,,,,,,,
11-01-015-00059-003961,,,,,,,,,,,,,,,,,,
11-01-015-00059-003962,2007-08-18,,2008-07-01,,2007-02-23,,2003.0,,2.0,,82.98,,83.47,,0.0,,POONIWA TO ZAZRIPORA,
11-01-015-00059-003963,,,,,,,,,,,,,,,,,,
11-01-015-00059-003964,2007-08-18,,2008-07-01,,2007-02-23,,2003.0,,2.0,,82.98,,83.47,,0.0,,POONIWA TO ZAZRIPORA,
11-01-015-00059-003965,,,,,,,,,,,,,,,,,,
11-01-015-00059-003966,2008-07-12,,2010-12-01,,2009-01-12,,2006.0,,1.53,,31.31,,40.12,,0.0,,Kanipora - Dadipora Kharpora,
11-01-015-00059-003967,2008-07-12,,2010-12-01,,2009-01-12,,2006.0,,1.53,,31.31,,40.12,,0.0,,Kanipora - Dadipora Kharpora,
11-01-015-00059-003968,,,,,,,,,,,,,,,,,,
11-01-015-00059-003969,2009-06-18,2009-06-18,2012-10-01,2012-10-01,,2009-06-18,2006.0,2006.0,,9.5,,741.3,,756.79,,0.0,,Mir Bazar - Zanglipora
11-01-015-00059-003970,,,,,,,,,,,,,,,,,,
11-01-015-00059-003971,,,,,,,,,,,,,,,,,,
11-01-015-00059-003972,,,,,,,,,,,,,,,,,,
11-01-015-00059-003973,,,,,,,,,,,,,,,,,,
11-01-015-00059-003974,,,,,,,,,,,,,,,,,,
11-01-015-00059-003975,,,,,,,,,,,,,,,,,,
11-01-015-00059-003976,2008-09-24,,2009-10-01,,2009-09-24,,2006.0,,2.0,,69.8,,83.68,,0.0,,Okay - Bumrath,
11-01-015-00059-003977,,,,,,,,,,,,,,,,,,
11-01-015-00059-003978,2007-05-28,,2008-06-01,,2008-04-30,,2004.0,,2.0,,129.74,,140.55,,0.0,,Okey Bumbrarth - Kachahallan,
11-01-015-00059-003979,,,,,,,,,,,,,,,,,,
11-01-015-00059-003980,,,,,,,,,,,,,,,,,,
11-01-015-00059-003981,,,,,,,,,,,,,,,,,,
11-01-015-00059-003982,,,,,,,,,,,,,,,,,,
11-01-015-00059-003983,,,,,,,,,,,,,,,,,,
11-01-015-00059-003984,2008-09-30,,2012-07-01,,2010-03-15,,2006.0,,3.0,,198.0,,213.52,,0.0,,Baghbal - Bangward,
11-01-015-00059-003985,,,,,,,,,,,,,,,,,,
11-01-015-00059-003986,,,,,,,,,,,,,,,,,,
11-01-015-00059-003987,,,,,,,,,,,,,,,,,,
11-01-015-00059-003988,,,,,,,,,,,,,,,,,,
11-01-015-00059-003989,,,,,,,,,,,,,,,,,,
11-01-015-00059-003990,,,,,,,,,,,,,,,,,,
11-01-015-00059-003991,,,,,,,,,,,,,,,,,,
11-01-015-00059-003992,,,,,,,,,,,,,,,,,,
11-01-015-00059-003993,2008-07-17,,2010-12-01,,2009-04-17,,2006.0,,0.73,,57.54,,63.07,,0.0,,Lirew - Narsingpora,
11-01-015-00059-003994,,,,,,,,,,,,,,,,,,
11-01-015-00059-003995,2008-07-23,,2010-12-01,,2009-07-23,,2006.0,,1.3,,175.34,,176.72,,0.0,,Chellan - Asthal,
11-01-015-00059-003996,2007-01-06,,2008-03-01,,2008-01-21,,2004.0,,1.12,,92.05,,97.22,,0.0,,Tswalgam - Chehlan,
11-01-015-00059-003997,,,,,,,,,,,,,,,,,,
11-01-015-00059-003998,,,,,,,,,,,,,,,,,,
11-01-015-00059-003999,,,,,,,,,,,,,,,,,,
11-01-015-00059-004000,2002-03-06,,2004-08-01,,2006-10-15,,2000.0,,1.0,,21.37,,22.8,,0.0,,MANGALPORA TO SHAHOO,
11-01-015-00059-004001,,,,,,,,,,,,,,,,,,
11-01-015-00059-004002,,,,,,,,,,,,,,,,,,
11-01-015-00059-004003,,,,,,,,,,,,,,,,,,
11-01-015-00059-004004,,,,,,,,,,,,,,,,,,
11-01-015-00059-004005,,,,,,,,,,,,,,,,,,
11-01-015-00059-004006,,,,,,,,,,,,,,,,,,
11-01-015-00059-004007,,,,,,,,,,,,,,,,,,
11-01-015-00059-004008,,,,,,,,,,,,,,,,,,
11-01-015-00059-004009,,,,,,,,,,,,,,,,,,
11-01-015-00059-004010,,,,,,,,,,,,,,,,,,
11-01-015-00059-004011,,,,,,,,,,,,,,,,,,
11-01-015-00059-004012,,,,,,,,,,,,,,,,,,
11-01-015-00059-004013,,,,,,,,,,,,,,,,,,
11-01-015-00059-004014,,,,,,,,,,,,,,,,,,
11-01-015-00059-004015,,,,,,,,,,,,,,,,,,
11-01-015-00059-004016,,,,,,,,,,,,,,,,,,
11-01-015-00059-004017,,,,,,,,,,,,,,,,,,
11-01-015-00059-004018,,,,,,,,,,,,,,,,,,
11-01-015-00059-004019,,,,,,,,,,,,,,,,,,
11-01-015-00059-004020,,,,,,,,,,,,,,,,,,
11-01-015-00059-004021,,,,,,,,,,,,,,,,,,
11-01-015-00059-004022,,,,,,,,,,,,,,,,,,
11-01-015-00059-004023,,,,,,,,,,,,,,,,,,
11-01-015-00059-004024,,,,,,,,,,,,,,,,,,
11-01-015-00059-004025,,,,,,,,,,,,,,,,,,
11-01-015-00059-004026,,,,,,,,,,,,,,,,,,
11-01-015-00059-004027,,,,,,,,,,,,,,,,,,
11-01-015-00059-004028,2002-03-06,,2007-07-01,,2006-10-15,,2000.0,,1.5,,26.96,,32.05,,0.0,,RAZLOO TO CHITERGAM,
11-01-015-00059-004029,,,,,,,,,,,,,,,,,,
11-01-015-00059-004030,2007-04-10,,2009-04-01,,2008-04-10,,2004.0,,2.5,,59.49,,70.86,,0.0,,Pachgam - Gujjar Basti Pachgam Nard,
11-01-015-00059-004031,2011-04-09,,2012-10-01,,2012-04-18,,2007.0,,4.0,,131.46,,184.85,,0.0,,Vasaqnag - Waltengoonard,
11-01-015-00059-004032,,,,,,,,,,,,,,,,,,
11-01-015-00059-004033,,,,,,,,,,,,,,,,,,
11-01-015-00059-004034,,,,,,,,,,,,,,,,,,
11-01-015-00059-004035,,,,,,,,,,,,,,,,,,
11-01-015-00059-004036,,,,,,,,,,,,,,,,,,
11-01-015-00059-004037,,,,,,,,,,,,,,,,,,
11-01-015-00059-004038,,,,,,,,,,,,,,,,,,
11-01-015-00059-004039,,,,,,,,,,,,,,,,,,
11-01-015-00059-004040,,,,,,,,,,,,,,,,,,
11-01-015-00059-800040,,,,,,,,,,,,,,,,,,
11-01-015-00059-800041,,,,,,,,,,,,,,,,,,
11-01-015-00059-800042,,,,,,,,,,,,,,,,,,
11-01-015-00059-800043,,,,,,,,,,,,,,,,,,
11-01-015-00059-800044,,,,,,,,,,,,,,,,,,
11-01-015-00059-800045,,,,,,,,,,,,,,,,,,
11-01-015-00060-004042,,,,,,,,,,,,,,,,,,
11-01-015-00060-004043,,,,,,,,,,,,,,,,,,
11-01-015-00060-004044,,,,,,,,,,,,,,,,,,
11-01-015-00060-004045,,,,,,,,,,,,,,,,,,
11-01-015-00060-004046,,,,,,,,,,,,,,,,,,
11-01-015-00060-004047,,,,,,,,,,,,,,,,,,
11-01-015-00060-004048,,,,,,,,,,,,,,,,,,
11-01-015-00060-004049,,,,,,,,,,,,,,,,,,
11-01-015-00060-004050,,,,,,,,,,,,,,,,,,
11-01-015-00060-004051,,,,,,,,,,,,,,,,,,
11-01-015-00060-004052,,,,,,,,,,,,,,,,,,
11-01-015-00060-004053,,2009-06-18,,2012-10-01,,2009-06-18,,2006.0,,9.5,,741.3,,756.79,,0.0,,Mir Bazar - Zanglipora
11-01-015-00060-004055,,,,,,,,,,,,,,,,,,
11-01-015-00060-004056,,,,,,,,,,,,,,,,,,
11-01-015-00060-004057,2007-09-19,,2007-09-01,,2008-09-19,,2004.0,,3.0,,85.79,,92.14,,0.0,,Sopat Tengpora - Sopat Gujjar Basti,
11-01-015-00060-800046,,,,,,,,,,,,,,,,,,
11-01-015-00061-004059,,,,,,,,,,,,,,,,,,
11-01-015-00061-004061,,,,,,,,,,,,,,,,,,
11-01-015-00061-004062,,,,,,,,,,,,,,,,,,
11-01-015-00061-004063,,,,,,,,,,,,,,,,,,
11-01-015-00061-004064,,,,,,,,,,,,,,,,,,
11-01-015-00061-004065,,,,,,,,,,,,,,,,,,
11-01-015-00061-004066,,,,,,,,,,,,,,,,,,
11-01-015-00061-004067,2011-08-30,,,,,,2007.0,,,,,,,,,,,
11-01-015-00061-004068,,,,,,,,,,,,,,,,,,
11-01-015-00061-004069,,,,,,,,,,,,,,,,,,
11-01-015-00061-004070,,,,,,,,,,,,,,,,,,
11-01-015-00061-004071,,,,,,,,,,,,,,,,,,
11-01-015-00061-004072,,,,,,,,,,,,,,,,,,
11-01-015-00061-004073,,,,,,,,,,,,,,,,,,
11-01-015-00061-004074,2011-04-16,,,,,,2007.0,,,,,,,,,,,
11-01-015-00061-004075,2008-08-02,,2009-10-01,,2009-02-17,,2006.0,,0.75,,29.15,,34.85,,0.0,,Asnoor - Laimnmarg,
11-01-015-00061-004076,2012-08-29,,2014-05-01,,2014-03-08,,2011.0,,1.5,,102.1,,119.66,,0.0,,Manzgam - Galwanpora,
11-01-015-00061-004077,2008-07-15,,2012-07-01,,2009-01-15,,2006.0,,1.5,,28.51,,34.84,,0.0,,Manzigam - Galwanpora,
11-01-015-00061-004078,,,,,,,,,,,,,,,,,,
11-01-015-00061-004079,,,,,,,,,,,,,,,,,,
11-01-015-00061-004080,,,,,,,,,,,,,,,,,,
11-01-015-00061-004081,2008-12-11,,,,,,2006.0,,,,,,,,,,,
11-01-015-00061-004082,2008-02-17,,2008-09-01,,2007-04-03,,2003.0,,2.0,,107.89,,108.77,,0.0,,JAMIA MASJID TO D K MARG,
11-01-015-00061-004083,2008-09-09,,2010-11-01,,2009-01-12,,2006.0,,1.0,,37.93,,35.78,,0.0,,Ringth - Bapora,
11-01-015-00061-004084,,,,,,,,,,,,,,,,,,
11-01-015-00061-004085,2008-12-02,,2010-11-01,,2009-12-02,,2006.0,,3.0,,180.88,,196.69,,0.0,,Km 2nd Rd100 Lo30 - Nagnard,
11-01-015-00061-004086,,,,,,,,,,,,,,,,,,
11-01-015-00061-004087,2009-01-12,,,,,,2006.0,,,,,,,,,,,
11-01-015-00061-004088,2008-07-17,,2010-11-01,,2009-08-01,,2006.0,,2.0,,125.35,,132.64,,0.0,,Dragdan - SAilKhanjan,
11-01-015-00061-004089,2008-12-02,,2010-11-01,,2009-12-17,,2006.0,,2.0,,108.92,,110.54,,0.0,,D.K.Marg - Sarmarg,
11-01-015-00061-004090,2008-12-26,,2011-11-01,,2009-12-10,,2006.0,,1.5,,131.62,,149.73,,0.0,,Kounserbal - Pazpopra,
11-01-015-00061-004091,,,,,,,,,,,,,,,,,,
11-01-015-00061-004092,,,,,,,,,,,,,,,,,,
11-01-015-00061-004093,,,,,,,,,,,,,,,,,,
11-01-015-00061-004094,2009-11-05,,,,,,2004.0,,,,,,,,,,,
11-01-015-00061-004095,,,,,,,,,,,,,,,,,,
11-01-015-00061-004096,2006-11-13,,2009-12-01,,2007-11-28,,2004.0,,2.5,,65.25,,71.19,,0.0,,Asnoor - Reiwatan,
11-01-015-00061-004097,,,,,,,,,,,,,,,,,,
11-01-015-00061-004098,,,,,,,,,,,,,,,,,,
11-01-015-00061-004099,2007-01-06,,2009-04-01,,2008-01-21,,2004.0,,3.0,,65.68,,73.27,,0.0,,Baghbal - bangiward,
11-01-015-00061-004100,2008-12-02,,,,,,2006.0,,,,,,,,,,,
11-01-015-00061-004101,,,,,,,,,,,,,,,,,,
11-01-015-00061-004102,2008-12-26,,2011-11-01,,2009-12-10,,2006.0,,1.5,,131.62,,149.73,,0.0,,Kounserbal - Pazpopra,
11-01-015-00061-004103,2011-03-30,,,,,,2007.0,,,,,,,,,,,
11-01-015-00061-004104,2011-04-09,,,,,,2007.0,,,,,,,,,,,
11-01-015-00061-004105,2011-04-09,,,,,,2007.0,,,,,,,,,,,
11-01-015-00061-004106,2006-11-13,,2009-04-01,,2007-11-28,,2004.0,,2.0,,42.66,,44.99,,0.0,,D.K Marg - Sarmarg,
11-01-015-00061-004107,,,,,,,,,,,,,,,,,,
11-01-015-00061-004108,,,,,,,,,,,,,,,,,,
11-01-015-00061-004109,,,,,,,,,,,,,,,,,,
11-01-016-00062-004110,,,,,,,2012.0,,,,,,,,,,,
11-01-016-00062-004111,,,,,,,2005.0,,,,,,,,,,,
11-01-016-00062-004112,,,,,,,2005.0,,,,,,,,,,,
11-01-016-00062-004113,,,,,,,2005.0,,,,,,,,,,,
11-01-016-00062-004114,,,,,,,2005.0,,,,,,,,,,,
11-01-016-00062-004115,,,,,,,2011.0,,,,,,,,,,,
11-01-016-00062-004116,2007-12-08,,,,,,2005.0,,,,,,,,,,,
11-01-016-00062-004117,2008-11-06,,2015-01-01,,2009-10-06,,2006.0,,8.2,,302.09,,385.46,,0.0,,Dali - Kaloohand,
11-01-016-00062-004118,2008-11-03,,2013-03-01,,2009-10-03,,2006.0,,3.45,,235.58,,237.45,,0.0,,Doda (23rd Km) - Bharat (26th Km RD 450),
11-01-016-00062-004119,,,,,,,,,,,,,,,,,,
11-01-016-00062-004120,2013-01-11,,,,,,2011.0,,,,,,,,,,,
11-01-016-00062-004121,2013-01-11,,,,,,2011.0,,,,,,,,,,,
11-01-016-00062-004122,,,,,,,,,,,,,,,,,,
11-01-016-00062-004123,2011-06-06,,,,,,2007.0,,,,,,,,,,,
11-01-016-00062-004124,2011-06-06,,,,,,2007.0,,,,,,,,,,,
11-01-016-00062-004125,,,,,,,2001.0,,,,,,,,,,,
11-01-016-00062-004126,2011-06-16,,2014-08-01,,2012-06-16,,2007.0,,6.0,,298.42,,354.27,,0.0,,Malwana Jagir - Abli Masri,
11-01-016-00062-004127,2011-04-08,,2014-08-01,,2012-04-08,,2007.0,,8.0,,438.19,,447.7,,0.0,,Lodna - Gundna,
11-01-016-00062-004128,,,,,,,2012.0,,,,,,,,,,,
11-01-016-00062-004129,,,,,,,2012.0,,,,,,,,,,,
11-01-016-00062-004130,2007-08-24,,2015-01-01,,2008-05-24,,2005.0,,13.0,,481.27,,518.87,,0.0,,Doda - Malwana Jagir,
11-01-016-00062-004131,2007-08-24,,2015-01-01,,2008-05-24,,2005.0,,13.0,,481.27,,518.87,,0.0,,Doda - Malwana Jagir,
11-01-016-00062-004132,2008-11-06,,,,,,2006.0,,,,,,,,,,,
11-01-016-00062-004133,2008-11-06,,2014-07-01,,2009-10-06,,2006.0,,6.65,,326.81,,307.54,,0.0,,Udianpur - Hancha Km 8th RD 700 to Km 15th RD 350,
11-01-016-00062-004134,2011-09-24,,2013-06-01,,2012-09-24,,2007.0,,6.8,,354.44,,388.19,,0.0,,Dhar - Dashnan,
11-01-016-00062-004135,2008-12-12,,,,,,2006.0,,,,,,,,,,,
11-01-016-00062-004136,2008-04-05,,,,,,2005.0,,,,,,,,,,,
11-01-016-00062-004137,,,,,,,2011.0,,,,,,,,,,,
11-01-016-00062-004138,2008-12-12,,,,,,2006.0,,,,,,,,,,,
11-01-016-00062-004139,2013-01-19,,,,,,2011.0,,,,,,,,,,,
11-01-016-00062-004140,2013-01-19,,,,,,2011.0,,,,,,,,,,,
11-01-016-00062-004141,2008-12-12,,,,,,2006.0,,,,,,,,,,,
11-01-016-00062-004142,,,,,,,2005.0,,,,,,,,,,,
11-01-016-00062-004143,,,,,,,,,,,,,,,,,,
11-01-016-00062-004144,2008-04-05,,2012-12-01,,2009-04-01,,2004.0,,6.0,,321.88,,327.4,,0.0,,Beoli - Bijarni road,
11-01-016-00062-004145,,,,,,,2005.0,,,,,,,,,,,
11-01-016-00062-004146,2008-04-05,,2012-12-01,,2009-04-01,,2004.0,,6.0,,321.88,,327.4,,0.0,,Beoli - Bijarni road,
11-01-016-00062-004147,,,,,,,,,,,,,,,,,,
11-01-016-00062-004148,,,,,,,2005.0,,,,,,,,,,,
11-01-016-00062-004149,,,,,,,,,,,,,,,,,,
11-01-016-00062-004150,2011-09-24,,2013-06-01,,2012-09-24,,2007.0,,6.8,,354.44,,388.19,,0.0,,Dhar - Dashnan,
11-01-016-00062-004151,2009-02-25,,2013-03-01,,2010-01-25,,2006.0,,5.0,,186.07,,221.86,,0.0,,Barshalla - Dhar,
11-01-016-00062-004152,2008-11-04,,,,,,2006.0,,,,,,,,,,,
11-01-016-00062-004153,2008-11-04,,,,,,2006.0,,,,,,,,,,,
11-01-016-00062-004154,2008-11-06,,2014-07-01,,2009-10-06,,2006.0,,6.65,,326.81,,307.54,,0.0,,Udianpur - Hancha Km 8th RD 700 to Km 15th RD 350,
11-01-016-00062-004155,2008-11-04,,,,,,2006.0,,,,,,,,,,,
11-01-016-00062-004156,,,,,,,2001.0,,,,,,,,,,,
11-01-016-00062-004157,,,,,,,,,,,,,,,,,,
11-01-016-00062-004158,,,,,,,,,,,,,,,,,,
11-01-016-00062-004159,,,,,,,,,,,,,,,,,,
11-01-016-00062-004160,,,,,,,,,,,,,,,,,,
11-01-016-00062-004161,,,,,,,,,,,,,,,,,,
11-01-016-00062-004162,,,,,,,,,,,,,,,,,,
11-01-016-00062-004163,,,,,,,,,,,,,,,,,,
11-01-016-00062-004164,,,,,,,,,,,,,,,,,,
11-01-016-00062-004165,,,,,,,,,,,,,,,,,,
11-01-016-00062-004166,,,,,,,,,,,,,,,,,,
11-01-016-00062-004167,2007-08-24,,2015-01-01,,2008-05-24,,2005.0,,13.0,,481.27,,518.87,,0.0,,Doda - Malwana Jagir,
11-01-016-00062-004168,,,,,,,,,,,,,,,,,,
11-01-016-00062-004169,2009-08-29,,,,,,2005.0,,,,,,,,,,,
11-01-016-00062-004170,,,,,,,,,,,,,,,,,,
11-01-016-00062-004171,,,,,,,,,,,,,,,,,,
11-01-016-00062-004172,2009-05-13,,2011-11-01,,2009-08-24,,2006.0,,3.8,,146.83,,176.39,,0.0,,Kehlote - Shewa,
11-01-016-00062-004173,,,,,,,,,,,,,,,,,,
11-01-016-00062-004174,2011-07-19,,,,,,2007.0,,,,,,,,,,,
11-01-016-00062-004175,,,,,,,,,,,,,,,,,,
11-01-016-00062-004176,,,,,,,,,,,,,,,,,,
11-01-016-00062-004177,2007-11-16,,2013-03-01,,2008-11-15,,2005.0,,10.0,,374.33,,408.7,,0.0,,Marsoh - Charote,
11-01-016-00062-004178,,,,,,,,,,,,,,,,,,
11-01-016-00062-004179,2007-11-16,,2013-03-01,,2008-11-15,,2005.0,,10.0,,374.33,,408.7,,0.0,,Marsoh - Charote,
11-01-016-00062-004180,,,,,,,,,,,,,,,,,,
11-01-016-00062-004181,,,,,,,,,,,,,,,,,,
11-01-016-00062-004182,,,,,,,,,,,,,,,,,,
11-01-016-00062-004183,,,,,,,2005.0,,,,,,,,,,,
11-01-016-00062-004184,2007-11-16,,2013-03-01,,2008-11-15,,2005.0,,10.0,,374.33,,408.7,,0.0,,Marsoh - Charote,
11-01-016-00062-004185,2007-11-16,,2013-03-01,,2008-11-15,,2005.0,,10.0,,374.33,,408.7,,0.0,,Marsoh - Charote,
11-01-016-00062-004186,2007-11-16,,2013-03-01,,2008-11-15,,2005.0,,10.0,,374.33,,408.7,,0.0,,Marsoh - Charote,
11-01-016-00062-004187,2007-09-12,,2015-01-01,,2008-12-17,,2005.0,,15.0,,793.11,,739.05,,0.0,,Bhargran - Bayota (Part A),
11-01-016-00062-004188,2007-12-08,,2013-11-01,,2008-12-07,,2005.0,,13.0,,603.13,,462.89,,0.0,,Bhargran - Rote,
11-01-016-00062-004189,2007-12-08,,2013-11-01,,2008-12-07,,2005.0,,13.0,,603.13,,462.89,,0.0,,Bhargran - Rote,
11-01-016-00062-004190,2011-07-19,,,,,,2007.0,,,,,,,,,,,
11-01-016-00062-004191,,,,,,,,,,,,,,,,,,
11-01-016-00062-004192,2007-12-08,,2014-07-01,,2008-12-07,,2005.0,,11.5,,477.5,,482.75,,0.0,,Gangalwar - Sarsi,
11-01-016-00062-004193,,,,,,,,,,,,,,,,,,
11-01-016-00062-004194,2009-05-13,,2011-11-01,,2009-08-24,,2006.0,,3.8,,146.83,,176.39,,0.0,,Kehlote - Shewa,
11-01-016-00062-004195,,,,,,,,,,,,,,,,,,
11-01-016-00062-004196,,,,,,,,,,,,,,,,,,
11-01-016-00062-004197,,,,,,,,,,,,,,,,,,
11-01-016-00062-004198,,,,,,,,,,,,,,,,,,
11-01-016-00062-004199,,,,,,,,,,,,,,,,,,
11-01-016-00062-004200,,,,,,,,,,,,,,,,,,
11-01-016-00062-004201,,,,,,,,,,,,,,,,,,
11-01-016-00062-004202,2008-12-12,,,,,,2006.0,,,,,,,,,,,
11-01-016-00062-004203,,,,,,,,,,,,,,,,,,
11-01-016-00062-004204,,,,,,,,,,,,,,,,,,
11-01-016-00062-004205,,,,,,,,,,,,,,,,,,
11-01-016-00062-004206,,,,,,,,,,,,,,,,,,
11-01-016-00062-004207,,,,,,,,,,,,,,,,,,
11-01-016-00062-004208,2012-10-31,,,,,,2011.0,,,,,,,,,,,
11-01-016-00062-004209,2012-10-31,,,,,,2011.0,,,,,,,,,,,
11-01-016-00062-004210,,,,,,,,,,,,,,,,,,
11-01-016-00062-004211,,,,,,,,,,,,,,,,,,
11-01-016-00062-004212,2011-07-19,,,,,,2007.0,,,,,,,,,,,
11-01-016-00062-004213,,,,,,,,,,,,,,,,,,
11-01-016-00062-004214,2007-12-08,,2013-11-01,,2008-12-07,,2005.0,,13.0,,603.13,,462.89,,0.0,,Bhargran - Rote,
11-01-016-00062-004215,2007-09-12,,2015-01-01,,2008-12-17,,2005.0,,15.0,,793.11,,739.05,,0.0,,Bhargran - Bayota (Part A),
11-01-016-00062-004216,2007-09-12,,2015-01-01,,2008-12-17,,2005.0,,15.0,,793.11,,739.05,,0.0,,Bhargran - Bayota (Part A),
11-01-016-00062-004217,2007-09-12,,2015-01-01,,2008-12-17,,2005.0,,15.0,,793.11,,739.05,,0.0,,Bhargran - Bayota (Part A),
11-01-016-00062-004218,2007-09-12,,2015-01-01,,2008-12-17,,2005.0,,15.0,,793.11,,739.05,,0.0,,Bhargran - Bayota (Part A),
11-01-016-00062-004219,,,,,,,,,,,,,,,,,,
11-01-016-00062-004220,2007-12-08,,2014-07-01,,2008-12-07,,2005.0,,11.5,,477.5,,482.75,,0.0,,Gangalwar - Sarsi,
11-01-016-00062-004221,,,,,,,,,,,,,,,,,,
11-01-016-00062-004222,2012-10-31,,,,,,2011.0,,,,,,,,,,,
11-01-016-00062-004223,,,,,,,,,,,,,,,,,,
11-01-016-00062-004224,,,,,,,,,,,,,,,,,,
11-01-016-00062-004225,,,,,,,,,,,,,,,,,,
11-01-016-00062-004226,2012-10-31,,,,,,2011.0,,,,,,,,,,,
11-01-016-00062-004227,2007-09-12,,2015-01-01,,2008-12-17,,2005.0,,15.0,,793.11,,739.05,,0.0,,Bhargran - Bayota (Part A),
11-01-016-00062-004228,2008-12-12,,,,,,2006.0,,,,,,,,,,,
11-01-016-00062-004229,,,,,,,,,,,,,,,,,,
11-01-016-00062-004230,,,,,,,,,,,,,,,,,,
11-01-016-00062-004231,,,,,,,,,,,,,,,,,,
11-01-016-00062-004232,,,,,,,,,,,,,,,,,,
11-01-016-00062-004233,,,,,,,,,,,,,,,,,,
11-01-016-00062-004234,,,,,,,,,,,,,,,,,,
11-01-016-00062-004235,,,,,,,,,,,,,,,,,,
11-01-016-00062-004236,,,,,,,2012.0,,,,,,,,,,,
11-01-016-00063-004237,,,,,,,,,,,,,,,,,,
11-01-016-00063-004238,2008-12-12,,2012-04-01,,2009-11-12,,2006.0,,6.0,,245.0,,248.05,,0.0,,Bhella - Parnoot,
11-01-016-00063-004239,2008-12-12,,2012-04-01,,2009-11-12,,2006.0,,6.0,,245.0,,248.05,,0.0,,Bhella - Parnoot,
11-01-016-00063-004240,2008-12-12,,2012-04-01,,2009-11-12,,2006.0,,6.0,,245.0,,248.05,,0.0,,Bhella - Parnoot,
11-01-016-00063-004241,2008-12-12,,2012-04-01,,2009-11-12,,2006.0,,6.0,,245.0,,248.05,,0.0,,Bhella - Parnoot,
11-01-016-00063-004242,2008-12-12,,2012-04-01,,2009-11-12,,2006.0,,6.0,,245.0,,248.05,,0.0,,Bhella - Parnoot,
11-01-016-00063-004243,2008-12-12,,2012-04-01,,2009-11-12,,2006.0,,6.0,,245.0,,248.05,,0.0,,Bhella - Parnoot,
11-01-016-00063-004244,2009-12-08,,2014-12-01,,2010-09-14,,2006.0,,8.23,,290.51,,411.67,,0.0,,Km 76th NHIB - Kandote,
11-01-016-00063-004245,2009-12-08,,2014-12-01,,2010-09-14,,2006.0,,8.23,,290.51,,411.67,,0.0,,Km 76th NHIB - Kandote,
11-01-016-00063-004246,2009-12-08,,2014-12-01,,2010-09-14,,2006.0,,8.23,,290.51,,411.67,,0.0,,Km 76th NHIB - Kandote,
11-01-016-00063-004247,2009-12-08,,2014-12-01,,2010-09-14,,2006.0,,8.23,,290.51,,411.67,,0.0,,Km 76th NHIB - Kandote,
11-01-016-00063-004248,,,,,,,,,,,,,,,,,,
11-01-016-00063-004249,,,,,,,,,,,,,,,,,,
11-01-016-00063-004250,,,,,,,,,,,,,,,,,,
11-01-016-00063-004251,2013-01-06,,,,,,2011.0,,,,,,,,,,,
11-01-016-00063-004252,,,,,,,,,,,,,,,,,,
11-01-016-00063-004253,2013-01-06,,,,,,2011.0,,,,,,,,,,,
11-01-016-00063-004254,2013-01-06,,,,,,2011.0,,,,,,,,,,,
11-01-016-00063-004255,,,,,,,,,,,,,,,,,,
11-01-016-00063-004256,,,,,,,,,,,,,,,,,,
11-01-016-00063-004257,,,,,,,,,,,,,,,,,,
11-01-016-00063-004258,2009-12-08,,2014-12-01,,2010-09-14,,2006.0,,8.23,,290.51,,411.67,,0.0,,Km 76th NHIB - Kandote,
11-01-016-00063-004259,2012-11-10,,,,,,2011.0,,,,,,,,,,,
11-01-016-00063-004260,2012-11-10,,,,,,2011.0,,,,,,,,,,,
11-01-016-00063-004261,2012-11-10,,,,,,2011.0,,,,,,,,,,,
11-01-016-00063-004262,,,,,,,,,,,,,,,,,,
11-01-016-00063-004263,2012-11-10,,,,,,2011.0,,,,,,,,,,,
11-01-016-00063-004264,2012-11-10,,,,,,2011.0,,,,,,,,,,,
11-01-016-00063-004265,,,,,,,,,,,,,,,,,,
11-01-016-00063-004266,2012-11-10,,,,,,2011.0,,,,,,,,,,,
11-01-016-00063-004267,,,,,,,,,,,,,,,,,,
11-01-016-00063-004268,,,,,,,,,,,,,,,,,,
11-01-016-00063-004269,,,,,,,,,,,,,,,,,,
11-01-016-00063-004270,,,,,,,,,,,,,,,,,,
11-01-016-00063-004271,2009-08-29,,,,,,2005.0,,,,,,,,,,,
11-01-016-00063-004272,,,,,,,,,,,,,,,,,,
11-01-016-00063-004273,,,,,,,,,,,,,,,,,,
11-01-016-00063-004274,,,,,,,,,,,,,,,,,,
11-01-016-00063-004275,,,,,,,,,,,,,,,,,,
11-01-016-00063-004276,2012-07-24,,,,,,2007.0,,,,,,,,,,,
11-01-016-00063-004277,2012-07-24,,,,,,2007.0,,,,,,,,,,,
11-01-016-00063-004278,2012-07-24,,,,,,2007.0,,,,,,,,,,,
11-01-016-00063-004279,,,,,,,,,,,,,,,,,,
11-01-016-00063-004280,2012-11-10,,,,,,2011.0,,,,,,,,,,,
11-01-016-00063-004281,2005-07-13,,2009-09-01,,2006-06-03,,2003.0,,6.0,,173.38,,189.46,,0.0,,Panchaie Rokali to Gurekra,
11-01-016-00063-004282,2005-07-13,,2009-09-01,,2006-06-03,,2003.0,,6.0,,173.38,,189.46,,0.0,,Panchaie Rokali to Gurekra,
11-01-016-00063-004283,2012-11-10,,,,,,2011.0,,,,,,,,,,,
11-01-016-00063-004284,2012-11-10,,,,,,2011.0,,,,,,,,,,,
11-01-016-00063-004285,,,,,,,,,,,,,,,,,,
11-01-016-00063-004286,,,,,,,,,,,,,,,,,,
11-01-016-00063-004287,2012-11-10,,,,,,2011.0,,,,,,,,,,,
11-01-016-00063-004288,2012-11-10,,,,,,2011.0,,,,,,,,,,,
11-01-016-00063-004289,,,,,,,,,,,,,,,,,,
11-01-016-00063-004290,,,,,,,2011.0,,,,,,,,,,,
11-01-016-00063-004291,2011-04-30,,,,,,2007.0,,,,,,,,,,,
11-01-016-00063-004292,,,,,,,,,,,,,,,,,,
11-01-016-00063-004293,,,,,,,2011.0,,,,,,,,,,,
11-01-016-00063-004294,2014-07-14,,,,,,2012.0,,,,,,,,,,,
11-01-016-00063-004295,,,,,,,,,,,,,,,,,,
11-01-016-00063-004296,,,,,,,,,,,,,,,,,,
11-01-016-00063-004297,2011-04-30,,,,,,2007.0,,,,,,,,,,,
11-01-016-00063-004298,2013-12-21,,,,,,2011.0,,,,,,,,,,,
11-01-016-00063-004299,2013-12-21,,,,,,2011.0,,,,,,,,,,,
11-01-016-00063-004300,,,,,,,2011.0,,,,,,,,,,,
11-01-016-00063-004301,2014-07-14,,,,,,2012.0,,,,,,,,,,,
11-01-016-00063-004302,,,,,,,,,,,,,,,,,,
11-01-016-00063-004303,,,,,,,2011.0,,,,,,,,,,,
11-01-016-00063-004304,,,,,,,,,,,,,,,,,,
11-01-016-00063-004305,2014-07-14,,,,,,2012.0,,,,,,,,,,,
11-01-016-00063-004306,2012-11-10,,,,,,2011.0,,,,,,,,,,,
11-01-016-00063-004307,2012-07-24,,,,,,2007.0,,,,,,,,,,,
11-01-016-00063-004308,,,,,,,,,,,,,,,,,,
11-01-016-00063-004309,,,,,,,,,,,,,,,,,,
11-01-016-00063-004310,,,,,,,,,,,,,,,,,,
11-01-016-00063-004311,,,,,,,,,,,,,,,,,,
11-01-016-00063-004312,2012-07-24,,,,,,2007.0,,,,,,,,,,,
11-01-016-00063-004313,2012-07-24,,,,,,2007.0,,,,,,,,,,,
11-01-016-00063-004314,,,,,,,,,,,,,,,,,,
11-01-016-00063-004315,2012-11-10,,,,,,2011.0,,,,,,,,,,,
11-01-016-00063-004316,,,,,,,,,,,,,,,,,,
11-01-016-00063-004317,,,,,,,,,,,,,,,,,,
11-01-016-00063-004318,,,,,,,,,,,,,,,,,,
11-01-016-00063-004319,2014-07-14,,,,,,2012.0,,,,,,,,,,,
11-01-016-00063-004320,,,,,,,,,,,,,,,,,,
11-01-016-00063-004321,2009-08-29,,,,,,2005.0,,,,,,,,,,,
11-01-016-00063-004322,,,,,,,,,,,,,,,,,,
11-01-016-00063-004323,,,,,,,,,,,,,,,,,,
11-01-016-00063-004324,,,,,,,,,,,,,,,,,,
11-01-016-00063-004325,,,,,,,,,,,,,,,,,,
11-01-016-00063-004326,2013-12-21,,,,,,2011.0,,,,,,,,,,,
11-01-016-00063-004327,2013-12-21,,,,,,2011.0,,,,,,,,,,,
11-01-016-00063-004328,2009-08-29,,,,,,2005.0,,,,,,,,,,,
11-01-016-00064-004330,,,,,,,,,,,,,,,,,,
11-01-016-00064-004331,,,,,,,,,,,,,,,,,,
11-01-016-00064-004332,,,,,,,,,,,,,,,,,,
11-01-016-00064-004333,2008-03-05,,,,,,2005.0,,,,,,,,,,,
11-01-016-00064-004334,,,,,,,,,,,,,,,,,,
11-01-016-00064-004335,2013-06-18,,,,,,2011.0,,,,,,,,,,,
11-01-016-00064-004336,,,,,,,,,,,,,,,,,,
11-01-016-00064-004337,,,,,,,,,,,,,,,,,,
11-01-016-00064-004338,2013-10-26,,,,,,2012.0,,,,,,,,,,,
11-01-016-00064-004339,,,,,,,,,,,,,,,,,,
11-01-016-00064-004340,,,,,,,,,,,,,,,,,,
11-01-016-00064-004341,,,,,,,,,,,,,,,,,,
11-01-016-00064-004342,,,,,,,,,,,,,,,,,,
11-01-016-00064-004343,,,,,,,,,,,,,,,,,,
11-01-016-00064-004344,2009-10-01,,2013-08-01,,2010-10-08,,2006.0,,3.0,,239.3,,246.79,,0.0,,Batiyas - Tendla,
11-01-016-00064-004345,2009-10-01,,2013-08-01,,2010-10-08,,2006.0,,3.0,,239.3,,246.79,,0.0,,Batiyas - Tendla,
11-01-016-00064-004346,2008-03-05,,,,,,2005.0,,,,,,,,,,,
11-01-016-00064-004347,,,,,,,2001.0,,,,,,,,,,,
11-01-016-00064-004348,,,,,,,,,,,,,,,,,,
11-01-016-00064-004349,2010-08-09,,,,,,2006.0,,,,,,,,,,,
11-01-016-00064-004350,,,,,,,,,,,,,,,,,,
11-01-016-00064-004351,,,,,,,,,,,,,,,,,,
11-01-016-00064-004352,,,,,,,,,,,,,,,,,,
11-01-016-00064-004353,,,,,,,,,,,,,,,,,,
11-01-016-00064-004354,,,,,,,,,,,,,,,,,,
11-01-016-00064-004355,,,,,,,,,,,,,,,,,,
11-01-016-00064-004356,,,,,,,,,,,,,,,,,,
11-01-016-00064-004357,,,,,,,,,,,,,,,,,,
11-01-016-00064-004358,,,,,,,,,,,,,,,,,,
11-01-016-00064-004359,,,,,,,,,,,,,,,,,,
11-01-016-00064-004360,,,,,,,,,,,,,,,,,,
11-01-016-00064-004361,,,,,,,,,,,,,,,,,,
11-01-016-00064-004362,,,,,,,,,,,,,,,,,,
11-01-016-00064-004363,2012-11-10,,,,,,2007.0,,,,,,,,,,,
11-01-016-00064-004364,,,,,,,,,,,,,,,,,,
11-01-016-00064-004365,,,,,,,,,,,,,,,,,,
11-01-016-00064-004366,,,,,,,,,,,,,,,,,,
11-01-016-00064-004367,2012-12-10,,,,,,2011.0,,,,,,,,,,,
11-01-016-00064-004368,2013-05-20,,,,,,2012.0,,,,,,,,,,,
11-01-016-00064-004369,2013-05-20,,,,,,2012.0,,,,,,,,,,,
11-01-016-00064-004370,2013-05-20,,,,,,2012.0,,,,,,,,,,,
11-01-016-00064-004371,2008-10-20,,,,,,2006.0,,,,,,,,,,,
11-01-016-00064-004372,2012-11-10,,,,,,2011.0,,,,,,,,,,,
11-01-016-00064-004373,2008-10-20,,,,,,2006.0,,,,,,,,,,,
11-01-016-00064-004374,2008-10-20,,,,,,2006.0,,,,,,,,,,,
11-01-016-00064-004375,,,,,,,,,,,,,,,,,,
11-01-016-00064-004376,2012-12-10,,,,,,2011.0,,,,,,,,,,,
11-01-016-00064-004377,2009-02-25,,,,,,2006.0,,,,,,,,,,,
11-01-016-00064-004378,,,,,,,2007.0,,,,,,,,,,,
11-01-016-00064-004379,2009-10-15,,,,,,2006.0,,,,,,,,,,,
11-01-016-00064-004380,,,,,,,,,,,,,,,,,,
11-01-016-00064-004381,2012-11-10,,,,,,2007.0,,,,,,,,,,,
11-01-016-00064-004382,2009-06-13,,,,,,2006.0,,,,,,,,,,,
11-01-016-00064-004383,2012-10-30,,,,,,2011.0,,,,,,,,,,,
11-01-016-00064-004384,2009-10-15,,,,,,2006.0,,,,,,,,,,,
11-01-016-00064-004385,,,,,,,2007.0,,,,,,,,,,,
11-01-016-00064-004386,,,,,,,,,,,,,,,,,,
11-01-016-00064-004387,,,,,,,,,,,,,,,,,,
11-01-016-00064-004388,,,,,,,,,,,,,,,,,,
11-01-016-00064-004390,,,,,,,,,,,,,,,,,,
11-01-016-00064-004391,,,,,,,,,,,,,,,,,,
11-01-016-00064-004392,2011-04-01,,,,,,2007.0,,,,,,,,,,,
11-01-016-00064-004393,2013-10-26,,,,,,2012.0,,,,,,,,,,,
11-01-016-00064-004394,,,,,,,,,,,,,,,,,,
11-01-016-00064-004395,,,,,,,,,,,,,,,,,,
11-01-016-00064-004396,,,,,,,,,,,,,,,,,,
11-01-016-00065-004397,,,,,,,,,,,,,,,,,,
11-01-016-00065-004398,,,,,,,,,,,,,,,,,,
11-01-016-00065-004399,,,,,,,,,,,,,,,,,,
11-01-016-00065-004400,,,,,,,,,,,,,,,,,,
11-01-016-00065-004401,,,,,,,,,,,,,,,,,,
11-01-016-00065-004402,,,,,,,,,,,,,,,,,,
11-01-016-00065-004403,,,,,,,,,,,,,,,,,,
11-01-016-00065-004404,,,,,,,,,,,,,,,,,,
11-01-016-00065-004405,,,,,,,,,,,,,,,,,,
11-01-016-00065-004406,,,,,,,,,,,,,,,,,,
11-01-016-00065-004407,,,,,,,,,,,,,,,,,,
11-01-016-00065-004408,,,,,,,,,,,,,,,,,,
11-01-016-00065-004409,,,,,,,,,,,,,,,,,,
11-01-016-00065-004410,,,,,,,,,,,,,,,,,,
11-01-016-00065-004411,,,,,,,,,,,,,,,,,,
11-01-016-00065-004412,,,,,,,,,,,,,,,,,,
11-01-016-00065-004413,,,,,,,,,,,,,,,,,,
11-01-016-00065-004414,,,,,,,,,,,,,,,,,,
11-01-016-00065-004415,,,,,,,,,,,,,,,,,,
11-01-016-00065-004416,2008-11-04,,,,,,2006.0,,,,,,,,,,,
11-01-016-00065-004417,,,,,,,,,,,,,,,,,,
11-01-016-00065-004418,2008-11-04,,,,,,2006.0,,,,,,,,,,,
11-01-016-00065-004419,2011-06-06,,,,,,2007.0,,,,,,,,,,,
11-01-016-00065-004420,2008-11-04,,,,,,2006.0,,,,,,,,,,,
11-01-016-00065-004421,2008-11-04,,,,,,2006.0,,,,,,,,,,,
11-01-016-00065-004422,,,,,,,,,,,,,,,,,,
11-01-016-00065-004423,,,,,,,,,,,,,,,,,,
11-01-016-00065-004424,,,,,,,,,,,,,,,,,,
11-01-016-00065-004425,,,,,,,,,,,,,,,,,,
11-01-016-00065-004426,,,,,,,,,,,,,,,,,,
11-01-016-00065-004427,2008-11-04,,,,,,2006.0,,,,,,,,,,,
11-01-016-00065-004428,,,,,,,,,,,,,,,,,,
11-01-016-00065-004429,,,,,,,,,,,,,,,,,,
11-01-016-00065-004430,2005-05-25,,2010-04-01,,2006-02-17,,2003.0,,5.0,,131.33,,161.52,,0.0,,Malothi to Dugali via Gajote(Phase-1),
11-01-016-00065-004431,2005-05-25,,2010-04-01,,2006-02-17,,2003.0,,5.0,,131.33,,161.52,,0.0,,Malothi to Dugali via Gajote(Phase-1),
11-01-016-00065-004432,2011-04-08,,2014-08-01,,2012-01-08,,2007.0,,5.0,,257.85,,292.3,,0.0,,Bhall - Dhalla,
11-01-016-00065-004433,2011-04-08,,2014-08-01,,2012-01-08,,2007.0,,5.0,,257.85,,292.3,,0.0,,Bhall - Dhalla,
11-01-016-00065-004434,2011-04-08,,2014-08-01,,2012-01-08,,2007.0,,5.0,,257.85,,292.3,,0.0,,Bhall - Dhalla,
11-01-016-00065-004435,2011-04-08,,2014-08-01,,2012-01-08,,2007.0,,5.0,,257.85,,292.3,,0.0,,Bhall - Dhalla,
11-01-016-00065-004436,2011-04-08,,2014-08-01,,2012-01-08,,2007.0,,5.0,,257.85,,292.3,,0.0,,Bhall - Dhalla,
11-01-016-00065-004437,,,,,,,,,,,,,,,,,,
11-01-016-00065-004438,2011-04-08,,2014-08-01,,2012-01-08,,2007.0,,5.0,,257.85,,292.3,,0.0,,Bhall - Dhalla,
11-01-016-00065-004439,2005-05-25,,2010-04-01,,2006-02-17,,2003.0,,5.0,,131.33,,161.52,,0.0,,Malothi to Dugali via Gajote(Phase-1),
11-01-016-00065-004440,2011-04-08,,2014-08-01,,2012-01-08,,2007.0,,5.0,,257.85,,292.3,,0.0,,Bhall - Dhalla,
11-01-016-00065-004441,2007-08-24,,,,,,2005.0,,,,,,,,,,,
11-01-016-00065-004442,2007-08-24,,,,,,2005.0,,,,,,,,,,,
11-01-016-00065-004443,2007-08-24,,,,,,2005.0,,,,,,,,,,,
11-01-016-00065-004444,2007-08-24,,,,,,2005.0,,,,,,,,,,,
11-01-016-00065-004445,,,,,,,,,,,,,,,,,,
11-01-016-00065-004446,2007-08-24,,,,,,2005.0,,,,,,,,,,,
11-01-016-00065-004447,,,,,,,,,,,,,,,,,,
11-01-016-00065-004448,2007-08-24,,,,,,2005.0,,,,,,,,,,,
11-01-016-00065-004449,2011-06-06,,,,,,2007.0,,,,,,,,,,,
11-01-016-00065-004450,2011-06-06,,,,,,2007.0,,,,,,,,,,,
11-01-016-00065-004451,,,,,,,,,,,,,,,,,,
11-01-016-00065-004452,,,,,,,,,,,,,,,,,,
11-01-016-00065-004453,,,,,,,,,,,,,,,,,,
11-01-016-00065-004454,,,,,,,,,,,,,,,,,,
11-01-016-00065-004455,,,,,,,,,,,,,,,,,,
11-01-016-00065-004456,,,,,,,,,,,,,,,,,,
11-01-016-00065-004457,,,,,,,,,,,,,,,,,,
11-01-016-00065-004458,,,,,,,,,,,,,,,,,,
11-01-016-00065-004459,,,,,,,,,,,,,,,,,,
11-01-016-00065-004460,,,,,,,,,,,,,,,,,,
11-01-016-00065-004461,,,,,,,,,,,,,,,,,,
11-01-016-00065-004462,,,,,,,,,,,,,,,,,,
11-01-016-00065-004463,,,,,,,,,,,,,,,,,,
11-01-016-00065-004464,,,,,,,,,,,,,,,,,,
11-01-016-00065-004465,,,,,,,,,,,,,,,,,,
11-01-016-00065-004466,,,,,,,,,,,,,,,,,,
11-01-016-00065-004467,,,,,,,,,,,,,,,,,,
11-01-016-00065-004468,,,,,,,,,,,,,,,,,,
11-01-016-00065-004469,,,,,,,,,,,,,,,,,,
11-01-016-00065-004470,,,,,,,,,,,,,,,,,,
11-01-016-00065-004471,,,,,,,,,,,,,,,,,,
11-01-016-00065-004472,2011-06-06,,,,,,2007.0,,,,,,,,,,,
11-01-016-00065-004473,,,,,,,,,,,,,,,,,,
11-01-016-00065-004474,,,,,,,,,,,,,,,,,,
11-01-016-00065-004475,,,,,,,,,,,,,,,,,,
11-01-016-00065-004476,,,,,,,,,,,,,,,,,,
11-01-016-00065-004477,,,,,,,,,,,,,,,,,,
11-01-016-00065-004478,,,,,,,,,,,,,,,,,,
11-01-016-00065-004479,,,,,,,,,,,,,,,,,,
11-01-016-00065-004480,,,,,,,,,,,,,,,,,,
11-01-016-00065-004481,,,,,,,,,,,,,,,,,,
11-01-016-00065-004482,,,,,,,,,,,,,,,,,,
11-01-016-00065-004483,,,,,,,,,,,,,,,,,,
11-01-016-00065-004484,,,,,,,,,,,,,,,,,,
11-01-016-00065-004485,,,,,,,,,,,,,,,,,,
11-01-016-00065-004486,2008-07-25,,2010-07-01,,2009-07-25,,2006.0,,4.25,,121.51,,133.93,,0.0,,Chaka - Mathola,
11-01-016-00065-004487,,,,,,,,,,,,,,,,,,
11-01-016-00065-004488,,,,,,,,,,,,,,,,,,
11-01-016-00065-004489,,,,,,,,,,,,,,,,,,
11-01-016-00065-004490,,,,,,,,,,,,,,,,,,
11-01-016-00065-004491,,,,,,,,,,,,,,,,,,
11-01-016-00065-004492,,,,,,,,,,,,,,,,,,
11-01-016-00065-004493,,,,,,,,,,,,,,,,,,
11-01-016-00065-004494,,,,,,,,,,,,,,,,,,
11-01-016-00065-004495,2011-11-14,,,,,,2007.0,,,,,,,,,,,
11-01-016-00065-004496,2011-11-14,,,,,,2007.0,,,,,,,,,,,
11-01-016-00065-004497,2011-11-14,,,,,,2007.0,,,,,,,,,,,
11-01-016-00065-004498,,,,,,,,,,,,,,,,,,
11-01-016-00065-004499,,,,,,,,,,,,,,,,,,
11-01-016-00065-004500,,,,,,,,,,,,,,,,,,
11-01-016-00065-004501,,,,,,,,,,,,,,,,,,
11-01-016-00065-004502,,,,,,,,,,,,,,,,,,
11-01-016-00065-004503,2008-07-25,,2010-07-01,,2009-07-25,,2006.0,,4.25,,121.51,,133.93,,0.0,,Chaka - Mathola,
11-01-016-00065-004504,2008-07-25,,2010-07-01,,2009-07-25,,2006.0,,4.25,,121.51,,133.93,,0.0,,Chaka - Mathola,
11-01-016-00065-004506,,,,,,,,,,,,,,,,,,
11-01-016-00065-004507,,,,,,,,,,,,,,,,,,
11-01-016-00065-004508,,,,,,,,,,,,,,,,,,
11-01-016-00065-004509,2009-02-25,,2013-12-01,,2010-01-25,,2006.0,,6.0,,345.08,,347.76,,0.0,,Sarthingal - Katyara,
11-01-016-00065-004510,2009-02-25,,2013-12-01,,2010-01-25,,2006.0,,6.0,,345.08,,347.76,,0.0,,Sarthingal - Katyara,
11-01-016-00065-004511,2009-02-25,,2013-12-01,,2010-01-25,,2006.0,,6.0,,345.08,,347.76,,0.0,,Sarthingal - Katyara,
11-01-016-00065-004512,2009-02-25,,2013-12-01,,2010-01-25,,2006.0,,6.0,,345.08,,347.76,,0.0,,Sarthingal - Katyara,
11-01-016-00065-004513,,,,,,,,,,,,,,,,,,
11-01-016-00065-004514,,,,,,,,,,,,,,,,,,
11-01-016-00065-004515,2008-11-04,,,,,,2006.0,,,,,,,,,,,
11-01-017-00066-004516,2008-11-03,,,,,,2006.0,,,,,,,,,,,
11-01-017-00066-004517,2012-05-08,,,,,,2007.0,,,,,,,,,,,
11-01-017-00066-004518,2008-10-20,,,,,,2006.0,,,,,,,,,,,
11-01-017-00066-004519,,,,,,,,,,,,,,,,,,
11-01-017-00066-004520,,,,,,,,,,,,,,,,,,
11-01-017-00066-004521,,,,,,,,,,,,,,,,,,
11-01-017-00066-004522,,,,,,,,,,,,,,,,,,
11-01-017-00066-004523,,,,,,,,,,,,,,,,,,
11-01-017-00066-004525,,,,,,,,,,,,,,,,,,
11-01-017-00066-004526,,,,,,,,,,,,,,,,,,
11-01-017-00066-004527,,,,,,,,,,,,,,,,,,
11-01-017-00066-004528,,,,,,,,,,,,,,,,,,
11-01-017-00066-004529,,,,,,,,,,,,,,,,,,
11-01-017-00066-004530,,,,,,,,,,,,,,,,,,
11-01-017-00066-004531,,,,,,,,,,,,,,,,,,
11-01-017-00066-004532,,,,,,,,,,,,,,,,,,
11-01-017-00066-004533,2007-12-08,,,,,,2005.0,,,,,,,,,,,
11-01-017-00066-004534,2009-04-25,,,,,,2006.0,,,,,,,,,,,
11-01-017-00066-004535,,,,,,,,,,,,,,,,,,
11-01-017-00066-004536,,,,,,,,,,,,,,,,,,
11-01-017-00066-004537,2012-05-08,,,,,,2007.0,,,,,,,,,,,
11-01-017-00066-004538,,,,,,,,,,,,,,,,,,
11-01-017-00066-004539,,,,,,,,,,,,,,,,,,
11-01-017-00066-004540,2007-01-03,,,,,,2005.0,,,,,,,,,,,
11-01-017-00066-004541,2010-06-21,,2013-07-01,,2011-06-20,,2003.0,,6.25,,426.41,,298.55,,0.0,,Shalgari to Maligam,
11-01-017-00066-004542,2007-09-17,,,,,,2005.0,,,,,,,,,,,
11-01-017-00066-004543,2007-12-08,,,,,,2005.0,,,,,,,,,,,
11-01-017-00066-004544,2009-10-12,,,,,,2006.0,,,,,,,,,,,
11-01-017-00066-004545,2007-09-17,,,,,,2005.0,,,,,,,,,,,
11-01-017-00066-004546,2011-04-02,,,,,,2007.0,,,,,,,,,,,
11-01-017-00066-004547,,,,,,,,,,,,,,,,,,
11-01-017-00066-004548,,,,,,,,,,,,,,,,,,
11-01-017-00067-004550,,,,,,,2011.0,,,,,,,,,,,
11-01-017-00067-004551,2008-11-03,,,,,,2006.0,,,,,,,,,,,
11-01-017-00067-004552,,,,,,,,,,,,,,,,,,
11-01-017-00067-004553,2008-03-22,,,,,,2005.0,,,,,,,,,,,
11-01-017-00067-004554,2008-01-10,,2014-12-01,,2009-01-09,,2005.0,,15.0,,573.32,,574.5,,0.0,,Mehar Nera - Ganote,
11-01-017-00067-004555,2008-01-10,,2014-12-01,,2009-01-09,,2005.0,,15.0,,573.32,,574.5,,0.0,,Mehar Nera - Ganote,
11-01-017-00067-004556,2008-03-22,,,,,,2005.0,,,,,,,,,,,
11-01-017-00067-004557,,,,,,,,,,,,,,,,,,
11-01-017-00067-004558,,,,,,,,,,,,,,,,,,
11-01-017-00067-004559,,,,,,,,,,,,,,,,,,
11-01-017-00067-004560,,,,,,,,,,,,,,,,,,
11-01-017-00067-004561,,,,,,,,,,,,,,,,,,
11-01-017-00067-004562,,,,,,,,,,,,,,,,,,
11-01-017-00067-004563,,,,,,,,,,,,,,,,,,
11-01-017-00067-004564,,,,,,,,,,,,,,,,,,
11-01-017-00067-004565,,,,,,,,,,,,,,,,,,
11-01-017-00067-004566,2012-10-31,,,,,,2011.0,,,,,,,,,,,
11-01-017-00067-004567,,,,,,,,,,,,,,,,,,
11-01-017-00067-004568,2012-10-31,,,,,,2011.0,,,,,,,,,,,
11-01-017-00067-004569,,,,,,,,,,,,,,,,,,
11-01-017-00067-004570,2012-10-31,,,,,,2011.0,,,,,,,,,,,
11-01-017-00067-004571,2008-01-10,,2014-12-01,,2009-01-09,,2005.0,,15.0,,573.32,,574.5,,0.0,,Mehar Nera - Ganote,
11-01-017-00067-004572,2007-11-10,,,,,,2005.0,,,,,,,,,,,
11-01-017-00067-004573,2007-11-10,,,,,,2005.0,,,,,,,,,,,
11-01-017-00067-004574,2009-05-11,,2014-05-01,,2010-08-10,,2006.0,,16.7,,712.52,,817.47,,0.0,,Chanderkot Power House - Rajgarh,
11-01-017-00067-004575,2009-05-11,,2014-05-01,,2010-08-10,,2006.0,,16.7,,712.52,,817.47,,0.0,,Chanderkot Power House - Rajgarh,
11-01-017-00067-004576,2007-11-10,,,,,,2005.0,,,,,,,,,,,
11-01-017-00067-004577,2009-05-11,,2014-05-01,,2010-08-10,,2006.0,,16.7,,712.52,,817.47,,0.0,,Chanderkot Power House - Rajgarh,
11-01-017-00067-004578,,,,,,,,,,,,,,,,,,
11-01-017-00067-004579,2010-03-06,,,,,,2006.0,,,,,,,,,,,
11-01-017-00067-004580,2011-08-06,,,,,,2007.0,,,,,,,,,,,
11-01-017-00067-004581,,,,,,,,,,,,,,,,,,
11-01-017-00067-004582,2011-08-06,,,,,,2007.0,,,,,,,,,,,
11-01-017-00067-004583,,,,,,,,,,,,,,,,,,
11-01-017-00067-004584,2007-11-10,,,,,,2005.0,,,,,,,,,,,
11-01-017-00067-004585,,,,,,,,,,,,,,,,,,
11-01-017-00067-004586,,,2004-09-01,,,,2000.0,,3.01,,91.33,,91.33,,0.0,,Batote ByePAss to Boonibari,
11-01-017-00067-004587,2011-05-04,,,,,,2007.0,,,,,,,,,,,
11-01-017-00067-004588,2011-05-04,,,,,,2007.0,,,,,,,,,,,
11-01-017-00067-004589,2011-05-04,,,,,,2007.0,,,,,,,,,,,
11-01-017-00067-004590,,,,,,,,,,,,,,,,,,
11-01-017-00067-004591,,,,,,,,,,,,,,,,,,
11-01-017-00067-004592,,,,,,,,,,,,,,,,,,
11-01-017-00067-004593,,,,,,,,,,,,,,,,,,
11-01-017-00067-004594,2011-07-06,,,,,,2007.0,,,,,,,,,,,
11-01-017-00067-004595,2011-07-06,,,,,,2007.0,,,,,,,,,,,
11-01-017-00067-004596,,,,,,,,,,,,,,,,,,
11-01-017-00067-004597,2011-07-06,,,,,,2007.0,,,,,,,,,,,
11-01-017-00067-004599,2011-07-06,,,,,,2007.0,,,,,,,,,,,
11-01-017-00067-004600,2011-07-06,,,,,,2007.0,,,,,,,,,,,
11-01-017-00067-004601,2008-12-03,,2013-06-01,,2010-09-09,,2006.0,,3.0,,131.84,,173.79,,0.0,,Batote - Rakh Jarog,
11-01-017-00067-004602,,,,,,,,,,,,,,,,,,
11-01-017-00067-004603,,,,,,,,,,,,,,,,,,
11-01-017-00067-004604,,,,,,,,,,,,,,,,,,
11-01-017-00067-004605,,,,,,,,,,,,,,,,,,
11-01-017-00067-004606,,,,,,,,,,,,,,,,,,
11-01-017-00067-004607,,,,,,,,,,,,,,,,,,
11-01-017-00067-004608,,,,,,,,,,,,,,,,,,
11-01-017-00067-004609,,,,,,,,,,,,,,,,,,
11-01-017-00067-004610,,,,,,,,,,,,,,,,,,
11-01-017-00067-004611,,,,,,,,,,,,,,,,,,
11-01-017-00067-004612,,,,,,,,,,,,,,,,,,
11-01-017-00067-004613,,,,,,,,,,,,,,,,,,
11-01-017-00067-004614,,,,,,,,,,,,,,,,,,
11-01-017-00067-004615,,,,,,,,,,,,,,,,,,
11-01-017-00067-004616,,,,,,,,,,,,,,,,,,
11-01-017-00067-004617,,,,,,,,,,,,,,,,,,
11-01-017-00067-004618,,,,,,,,,,,,,,,,,,
11-01-017-00067-004619,,,,,,,,,,,,,,,,,,
11-01-017-00067-004620,,,,,,,,,,,,,,,,,,
11-01-017-00067-004623,,,,,,,,,,,,,,,,,,
11-01-017-00067-004626,,,,,,,,,,,,,,,,,,
11-01-017-00067-004627,,,,,,,,,,,,,,,,,,
11-01-017-00067-004629,,,,,,,,,,,,,,,,,,
11-01-017-00067-004631,,,,,,,,,,,,,,,,,,
11-01-017-00067-004633,,,,,,,,,,,,,,,,,,
11-01-017-00067-004635,,,,,,,,,,,,,,,,,,
11-01-017-00067-004638,,,,,,,,,,,,,,,,,,
11-01-017-00067-004640,,,,,,,,,,,,,,,,,,
11-01-017-00067-004643,,,,,,,,,,,,,,,,,,
11-01-017-00067-004644,2011-07-06,,,,,,2007.0,,,,,,,,,,,
11-01-018-00068-004645,2007-08-24,,,,,,2005.0,,,,,,,,,,,
11-01-018-00068-004646,,,,,,,,,,,,,,,,,,
11-01-018-00068-004647,2007-12-08,,2014-11-01,,2008-09-23,,2005.0,,10.37,,347.74,,385.03,,0.0,,K . K road from km 6th - Shanna,
11-01-018-00068-004648,,,,,,,2001.0,,,,,,,,,,,
11-01-018-00068-004649,2011-06-04,,,,,,2006.0,,,,,,,,,,,
11-01-018-00068-004650,,,,,,,,,,,,,,,,,,
11-01-018-00068-004651,,,,,,,,,,,,,,,,,,
11-01-018-00068-004652,,,,,,,2006.0,,,,,,,,,,,
11-01-018-00068-004653,,,,,,,2006.0,,,,,,,,,,,
11-01-018-00068-004654,,,,,,,,,,,,,,,,,,
11-01-018-00068-004655,2008-11-03,,,,,,2006.0,,,,,,,,,,,
11-01-018-00068-004656,,,,,,,,,,,,,,,,,,
11-01-018-00068-004657,,,,,,,,,,,,,,,,,,
11-01-018-00068-004658,2011-06-26,,,,,,2007.0,,,,,,,,,,,
11-01-018-00068-004659,,,,,,,2001.0,,,,,,,,,,,
11-01-018-00068-004660,2011-07-12,,,,,,2007.0,,,,,,,,,,,
11-01-018-00068-004661,,,,,,,,,,,,,,,,,,
11-01-018-00068-004662,2011-07-12,,,,,,2007.0,,,,,,,,,,,
11-01-018-00068-004663,2011-07-12,,,,,,2007.0,,,,,,,,,,,
11-01-018-00068-004664,2007-08-24,,,,,,2005.0,,,,,,,,,,,
11-01-018-00068-004665,2011-07-12,,,,,,2007.0,,,,,,,,,,,
11-01-018-00068-004666,,,,,,,,,,,,,,,,,,
11-01-018-00068-004667,,,,,,,,,,,,,,,,,,
11-01-018-00068-004668,,,,,,,,,,,,,,,,,,
11-01-018-00068-004669,,,,,,,,,,,,,,,,,,
11-01-018-00068-004670,2010-12-29,,,,,,2005.0,,,,,,,,,,,
11-01-018-00068-004671,2009-08-29,,,,,,2006.0,,,,,,,,,,,
11-01-018-00068-004672,2010-12-29,,,,,,2005.0,,,,,,,,,,,
11-01-018-00068-004673,2010-10-18,,,,,,2006.0,,,,,,,,,,,
11-01-018-00068-004674,2011-05-26,,,,,,2007.0,,,,,,,,,,,
11-01-018-00068-004675,2010-10-18,,,,,,2006.0,,,,,,,,,,,
11-01-018-00068-004676,,,,,,,,,,,,,,,,,,
11-01-018-00068-004677,2010-10-18,,,,,,2006.0,,,,,,,,,,,
11-01-018-00068-004678,2007-08-24,,2012-07-01,,2008-05-24,,2005.0,,11.5,,341.52,,476.04,,0.0,,Shalimar - Trigam,
11-01-018-00068-004679,,,,,,,,,,,,,,,,,,
11-01-018-00068-004680,2011-05-26,,,,,,2007.0,,,,,,,,,,,
11-01-018-00068-004681,,,,,,,,,,,,,,,,,,
11-01-018-00068-004682,,,,,,,,,,,,,,,,,,
11-01-018-00068-004683,,,,,,,,,,,,,,,,,,
11-01-018-00068-004684,2010-10-18,,,,,,2006.0,,,,,,,,,,,
11-01-018-00068-004685,2011-04-30,,,,,,2007.0,,,,,,,,,,,
11-01-018-00068-004686,2010-10-18,,,,,,2006.0,,,,,,,,,,,
11-01-018-00068-004687,2010-10-18,,,,,,2006.0,,,,,,,,,,,
11-01-018-00068-004688,2010-10-18,,,,,,2006.0,,,,,,,,,,,
11-01-018-00068-004689,2010-10-18,,,,,,2006.0,,,,,,,,,,,
11-01-018-00068-004690,2010-10-18,,,,,,2006.0,,,,,,,,,,,
11-01-018-00068-004691,2010-10-18,,,,,,2006.0,,,,,,,,,,,
11-01-018-00068-004692,2010-10-18,,,,,,2006.0,,,,,,,,,,,
11-01-018-00068-004693,2011-09-10,,,,,,2005.0,,,,,,,,,,,
11-01-018-00068-004694,2011-04-30,,,,,,2007.0,,,,,,,,,,,
11-01-018-00068-004695,,,,,,,,,,,,,,,,,,
11-01-018-00068-004696,,,,,,,,,,,,,,,,,,
11-01-018-00068-004698,,,,,,,,,,,,,,,,,,
11-01-018-00068-004699,2011-05-26,,,,,,2007.0,,,,,,,,,,,
11-01-018-00068-004700,,,,,,,2001.0,,,,,,,,,,,
11-01-018-00068-004701,,,,,,,,,,,,,,,,,,
11-01-018-00068-004702,2011-04-30,,,,,,2007.0,,,,,,,,,,,
11-01-018-00068-004703,,,,,,,,,,,,,,,,,,
11-01-018-00068-004704,2011-04-30,,,,,,2007.0,,,,,,,,,,,
11-01-018-00068-004705,2011-09-10,,,,,,2007.0,,,,,,,,,,,
11-01-018-00068-004706,,,,,,,2001.0,,,,,,,,,,,
11-01-018-00068-004707,,,,,,,,,,,,,,,,,,
11-01-018-00068-004708,2007-03-08,,,,,,2004.0,,,,,,,,,,,
11-01-018-00068-004709,2011-05-26,,,,,,2007.0,,,,,,,,,,,
11-01-018-00068-004710,2011-05-26,,,,,,2007.0,,,,,,,,,,,
11-01-018-00068-004711,2007-03-08,,,,,,2004.0,,,,,,,,,,,
11-01-018-00068-004712,,,,,,,,,,,,,,,,,,
11-01-018-00068-004713,2007-03-08,,,,,,2004.0,,,,,,,,,,,
11-01-018-00068-004714,,,,,,,,,,,,,,,,,,
11-01-018-00068-004715,2011-05-26,,,,,,2007.0,,,,,,,,,,,
11-01-018-00068-004716,2011-05-26,,,,,,2007.0,,,,,,,,,,,
11-01-018-00068-004717,2011-05-26,,,,,,2007.0,,,,,,,,,,,
11-01-018-00068-004718,,,,,,,,,,,,,,,,,,
11-01-018-00068-004719,,,,,,,,,,,,,,,,,,
11-01-018-00068-004720,,,,,,,2001.0,,,,,,,,,,,
11-01-018-00068-004721,,,,,,,2011.0,,,,,,,,,,,
11-01-018-00068-004722,2011-04-30,,,,,,2007.0,,,,,,,,,,,
11-01-018-00068-004723,2011-04-30,,,,,,2007.0,,,,,,,,,,,
11-01-018-00068-004724,,,,,,,,,,,,,,,,,,
11-01-018-00068-004725,2007-03-08,,,,,,2004.0,,,,,,,,,,,
11-01-018-00068-004726,,,,,,,,,,,,,,,,,,
11-01-018-00068-004727,,,,,,,2011.0,,,,,,,,,,,
11-01-018-00068-004728,,,,,,,,,,,,,,,,,,
11-01-018-00069-004729,,,,,,,,,,,,,,,,,,
11-01-018-00069-004730,,,,,,,,,,,,,,,,,,
11-01-018-00069-004731,,,,,,,,,,,,,,,,,,
11-01-018-00069-004732,2009-06-10,,,,,,2006.0,,,,,,,,,,,
11-01-018-00069-004733,2013-04-17,,,,,,2011.0,,,,,,,,,,,
11-01-018-00069-004734,2009-06-10,,,,,,2006.0,,,,,,,,,,,
11-01-018-00069-004735,2013-04-17,,,,,,2011.0,,,,,,,,,,,
11-01-018-00069-004736,2009-06-10,,,,,,2006.0,,,,,,,,,,,
11-01-018-00069-004737,2013-04-17,,,,,,2011.0,,,,,,,,,,,
11-01-018-00069-004738,,,,,,,,,,,,,,,,,,
11-01-018-00069-004739,,,,,,,,,,,,,,,,,,
11-01-018-00069-004740,2007-11-06,,,,,,2005.0,,,,,,,,,,,
11-01-018-00069-004741,2007-11-06,,,,,,2005.0,,,,,,,,,,,
11-01-018-00069-004742,2007-11-06,,,,,,2005.0,,,,,,,,,,,
11-01-018-00069-004743,2007-11-06,,,,,,2005.0,,,,,,,,,,,
11-01-018-00069-004744,2007-11-06,,,,,,2005.0,,,,,,,,,,,
11-01-018-00069-004745,,,,,,,,,,,,,,,,,,
11-01-018-00069-004746,,,,,,,2006.0,,,,,,,,,,,
11-01-018-00069-004747,,,,,,,,,,,,,,,,,,
11-01-018-00069-004748,,,,,,,,,,,,,,,,,,
11-01-018-00069-004749,,,,,,,,,,,,,,,,,,
11-01-018-00069-004750,,,,,,,,,,,,,,,,,,
11-01-018-00069-004751,,,,,,,,,,,,,,,,,,
11-01-018-00069-004752,,,,,,,,,,,,,,,,,,
11-01-018-00069-004753,,,,,,,,,,,,,,,,,,
11-01-018-00069-004754,,,,,,,,,,,,,,,,,,
11-01-018-00069-004755,,,,,,,,,,,,,,,,,,
11-01-018-00070-004756,2009-09-08,,2013-10-01,,2010-08-08,,2006.0,,6.2,,340.9,,343.8,,0.0,,Dedpeth - Tagood,
11-01-018-00070-004757,2011-09-02,,,,,,2007.0,,,,,,,,,,,
11-01-018-00070-004758,2011-09-02,,2014-07-01,,2012-09-02,,2007.0,,4.0,,241.3,,336.06,,0.0,,Phahalgawara - Khawara km. Ist to km.4th,
11-01-018-00070-004759,2010-05-22,,2014-06-01,,2011-05-20,,2005.0,,11.5,,363.61,,303.63,,0.0,,Chatoo - Singhpora,
11-01-018-00070-004760,2008-10-29,,2012-09-01,,2009-07-20,,2006.0,,3.0,,138.43,,176.94,,0.0,,Dumber - Mullar,
11-01-018-00070-004761,2008-08-26,,,,,,2006.0,,,,,,,,,,,
11-01-018-00070-004762,2007-08-31,,2009-12-01,,2008-05-31,,2005.0,,2.65,,114.04,,128.03,,0.0,,Sangambati - Sigdee,
11-01-018-00070-004763,2007-08-31,,2009-12-01,,2008-05-31,,2005.0,,2.65,,114.04,,128.03,,0.0,,Sangambati - Sigdee,
11-01-018-00070-004764,2008-10-27,,2015-01-01,,2009-09-20,,2006.0,,3.38,,194.15,,203.76,,0.0,,L026 - UDIL GOJRAN TO BATWARI,
11-01-018-00070-004765,2007-08-27,,2011-06-01,,2008-03-08,,2004.0,,5.0,,223.76,,249.18,,0.0,,KM 5TH GUZZER KAKAR WAGAN SAMPOL ROAD - KM 9TH UP TO VILLAGE KUCHHAL,
11-01-018-00070-004766,,,,,,,,,,,,,,,,,,
11-01-018-00070-004767,2007-12-08,,2012-09-01,,2008-07-02,,2005.0,,6.53,,219.34,,236.62,,0.0,,Mughal Maidan - Darbeel,
11-01-018-00070-004768,2007-12-08,,2012-09-01,,2008-07-02,,2005.0,,6.53,,219.34,,236.62,,0.0,,Mughal Maidan - Darbeel,
11-01-018-00070-004769,,,,,,,,,,,,,,,,,,
11-01-018-00071-004770,,,,,,,,,,,,,,,,,,
11-01-018-00071-004771,,,,,,,,,,,,,,,,,,
11-01-018-00071-004772,,,,,,,,,,,,,,,,,,
11-01-018-00071-004773,,,,,,,2012.0,,,,,,,,,,,
11-01-018-00071-004774,,,,,,,2012.0,,,,,,,,,,,
11-01-018-00071-004775,,,,,,,2012.0,,,,,,,,,,,
11-01-018-00071-004776,,,,,,,,,,,,,,,,,,
11-01-018-00071-004777,,,,,,,,,,,,,,,,,,
11-01-018-00071-004778,,,,,,,,,,,,,,,,,,
11-01-018-00071-004779,,,,,,,,,,,,,,,,,,
11-01-018-00071-004780,,,,,,,,,,,,,,,,,,
11-01-018-00071-004781,,,,,,,,,,,,,,,,,,
11-01-018-00071-004782,,,,,,,,,,,,,,,,,,
11-01-018-00071-004783,,,,,,,2012.0,,,,,,,,,,,
11-01-018-00071-004784,,,,,,,2012.0,,,,,,,,,,,
11-01-018-00071-004785,,,,,,,,,,,,,,,,,,
11-01-018-00071-004786,,,,,,,,,,,,,,,,,,
11-01-018-00071-004787,,,,,,,,,,,,,,,,,,
11-01-018-00071-004788,,,,,,,,,,,,,,,,,,
11-01-018-00071-004789,,,,,,,,,,,,,,,,,,
11-01-018-00071-004790,,,,,,,2007.0,,,,,,,,,,,
11-01-018-00071-004791,,,,,,,2007.0,,,,,,,,,,,
11-01-018-00071-004792,,,,,,,2007.0,,,,,,,,,,,
11-01-018-00071-004793,,,,,,,,,,,,,,,,,,
11-01-018-00071-004794,,,,,,,,,,,,,,,,,,
11-01-018-00071-004795,,,,,,,,,,,,,,,,,,
11-01-018-00071-004796,,,,,,,,,,,,,,,,,,
11-01-018-00071-004797,,,,,,,,,,,,,,,,,,
11-01-018-00071-004798,,,,,,,,,,,,,,,,,,
11-01-018-00071-004799,,,,,,,,,,,,,,,,,,
11-01-018-00071-004800,,,,,,,,,,,,,,,,,,
11-01-018-00071-004801,,,,,,,,,,,,,,,,,,
11-01-019-00072-004802,2010-05-01,,,,,,2006.0,,,,,,,,,,,
11-01-019-00072-004803,2010-05-01,,,,,,2006.0,,,,,,,,,,,
11-01-019-00072-004804,,,,,,,,,,,,,,,,,,
11-01-019-00072-004805,2013-01-14,,,,,,2011.0,,,,,,,,,,,
11-01-019-00072-004806,2013-01-14,,,,,,2011.0,,,,,,,,,,,
11-01-019-00072-004807,,,,,,,,,,,,,,,,,,
11-01-019-00072-004808,2013-09-12,,,,,,2007.0,,,,,,,,,,,
11-01-019-00072-004809,,,,,,,,,,,,,,,,,,
11-01-019-00072-004810,,,,,,,,,,,,,,,,,,
11-01-019-00072-004811,2007-08-24,,2011-12-01,,2008-05-24,,2005.0,,8.0,,360.85,,364.48,,0.0,,Lander - Upper Katti,
11-01-019-00072-004812,2011-04-21,,,,,,2007.0,,,,,,,,,,,
11-01-019-00072-004813,2009-10-26,,,,,,2006.0,,,,,,,,,,,
11-01-019-00072-004814,2013-08-31,,,,,,2012.0,,,,,,,,,,,
11-01-019-00072-004815,,,,,,,,,,,,,,,,,,
11-01-019-00072-004816,2013-09-12,,,,,,2007.0,,,,,,,,,,,
11-01-019-00072-004817,2013-09-12,,,,,,2007.0,,,,,,,,,,,
11-01-019-00072-004818,2010-05-01,,,,,,2006.0,,,,,,,,,,,
11-01-019-00072-004819,2010-05-01,,,,,,2006.0,,,,,,,,,,,
11-01-019-00072-004820,2014-06-30,,,,,,2011.0,,,,,,,,,,,
11-01-019-00072-004821,2010-07-07,,2013-03-01,,2011-07-16,,2006.0,,6.0,,289.96,,306.36,,0.0,,Kaith Gali Bariote road Km 26th - Upper Basnote,
11-01-019-00072-004822,,,,,,,,,,,,,,,,,,
11-01-019-00072-004823,,,,,,,,,,,,,,,,,,
11-01-019-00072-004824,,,,,,,,,,,,,,,,,,
11-01-019-00072-004825,,,,,,,,,,,,,,,,,,
11-01-019-00072-004826,2008-12-12,,2012-06-01,,2009-09-21,,2006.0,,2.08,,120.28,,133.6,,0.0,,Kainth Gali Bariote road Km 44th - Lali,
11-01-019-00072-004827,,,,,,,,,,,,,,,,,,
11-01-019-00072-004828,2005-07-30,,2011-06-01,,2006-10-07,,2003.0,,11.0,,327.0,,327.82,,0.0,,BARROT SARHI,
11-01-019-00072-004829,2008-12-12,,2012-06-01,,2009-09-21,,2006.0,,2.08,,120.28,,133.6,,0.0,,Kainth Gali Bariote road Km 44th - Lali,
11-01-019-00072-004830,2007-12-08,,2013-07-01,,2008-12-17,,2005.0,,28.0,,838.16,,1258.81,,0.0,,Mongari - Ladda,
11-01-019-00072-004831,2007-12-08,,2013-07-01,,2008-12-17,,2005.0,,28.0,,838.16,,1258.81,,0.0,,Mongari - Ladda,
11-01-019-00072-004832,,,,,,,,,,,,,,,,,,
11-01-019-00072-004833,2010-03-13,,,,,,2006.0,,,,,,,,,,,
11-01-019-00072-004834,2008-11-03,,2011-12-01,,2009-11-12,,2006.0,,6.33,,268.85,,271.65,,0.0,,Mir - Saroffti,
11-01-019-00072-004835,,,,,,,,,,,,,,,,,,
11-01-019-00072-004836,2013-08-31,,,,,,2012.0,,,,,,,,,,,
11-01-019-00072-004837,2007-12-08,,,,,,2005.0,,,,,,,,,,,
11-01-019-00072-004838,,,,,,,,,,,,,,,,,,
11-01-019-00072-004839,,,,,,,,,,,,,,,,,,
11-01-019-00072-004840,2007-12-08,,,,,,2005.0,,,,,,,,,,,
11-01-019-00072-004841,2010-07-07,,,,,,2006.0,,,,,,,,,,,
11-01-019-00072-004842,,,,,,,,,,,,,,,,,,
11-01-019-00072-004843,2011-04-21,,2012-12-01,,2012-04-21,,2007.0,,6.0,,266.71,,311.88,,0.0,,MOUD - PATTIAN UPTO UPPER MOUD,
11-01-019-00072-004844,2013-01-04,,,,,,2011.0,,,,,,,,,,,
11-01-019-00072-004845,2011-04-21,,,,,,2007.0,,,,,,,,,,,
11-01-019-00072-004846,2011-04-21,,,,,,2007.0,,,,,,,,,,,
11-01-019-00072-004847,2009-10-31,,2013-01-01,,2010-11-06,,2006.0,,7.65,,253.12,,336.47,,0.0,,Gandala - Narore,
11-01-019-00072-004848,2009-10-31,,2013-01-01,,2010-11-06,,2006.0,,7.65,,253.12,,336.47,,0.0,,Gandala - Narore,
11-01-019-00072-004849,2009-03-20,,2011-12-01,,2010-03-29,,2006.0,,4.08,,198.35,,212.73,,0.0,,Pathi - Parli Pathi,
11-01-019-00072-004850,2011-04-02,,2014-03-01,,2012-01-02,,2007.0,,3.83,,159.35,,197.58,,0.0,,SUPPLY MORH KAINTHGALI ROAD KM 10TH - PANGARA JAGIR,
11-01-019-00072-004851,2009-10-01,,,,,,2006.0,,,,,,,,,,,
11-01-019-00072-004852,2009-10-01,,,,,,2006.0,,,,,,,,,,,
11-01-019-00072-004853,2013-08-19,,,,,,2007.0,,,,,,,,,,,
11-01-019-00072-004854,2007-03-08,,2011-12-01,,2008-03-08,,2004.0,,7.9,,315.12,,324.8,,0.0,,MUTTAL - JANGALGALI UPTO KUND PHASE I,
11-01-019-00072-004855,,,,,,,,,,,,,,,,,,
11-01-019-00072-004856,,,,,,,,,,,,,,,,,,
11-01-019-00072-004857,2010-10-21,,2012-01-01,,2011-08-21,,2007.0,,3.78,,193.1,,194.09,,0.0,,MUTTAL - UPPER SAMOL,
11-01-019-00072-004858,2010-10-21,,2012-01-01,,2011-08-21,,2007.0,,3.78,,193.1,,194.09,,0.0,,MUTTAL - UPPER SAMOL,
11-01-019-00072-004859,2010-10-30,,2011-09-01,,2011-07-30,,2007.0,,3.28,,150.14,,150.99,,0.0,,THATHI - MANANOO,
11-01-019-00072-004860,2009-08-18,,2012-06-01,,2010-08-24,,2006.0,,3.64,,213.76,,215.29,,0.0,,Sunari - Saniote,
11-01-019-00072-004861,,,,,,,,,,,,,,,,,,
11-01-019-00072-004862,2009-10-31,,2013-01-01,,2010-11-06,,2006.0,,7.65,,253.12,,336.47,,0.0,,Gandala - Narore,
11-01-019-00072-004863,,,,,,,,,,,,,,,,,,
11-01-019-00072-004864,2009-10-31,,2013-01-01,,2010-11-06,,2006.0,,7.65,,253.12,,336.47,,0.0,,Gandala - Narore,
11-01-019-00072-004865,,,,,,,,,,,,,,,,,,
11-01-019-00072-004866,2008-12-20,,2012-06-01,,2009-07-25,,2006.0,,5.0,,192.38,,194.81,,0.0,,Urkhal - Treeta Dabbar,
11-01-019-00072-004867,2008-02-15,,,,,,2005.0,,,,,,,,,,,
11-01-019-00072-004868,2011-04-02,,,,,,2007.0,,,,,,,,,,,
11-01-019-00072-004869,,,,,,,,,,,,,,,,,,
11-01-019-00072-004870,2008-12-02,,2013-03-01,,2009-12-18,,2006.0,,13.0,,606.47,,612.17,,0.0,,Kotli Bhalla - Ossu,
11-01-019-00072-004871,,,,,,,,,,,,,,,,,,
11-01-019-00072-004873,,,,,,,,,,,,,,,,,,
11-01-019-00072-004874,,,,,,,,,,,,,,,,,,
11-01-019-00072-004875,,,,,,,,,,,,,,,,,,
11-01-019-00072-004876,,,,,,,,,,,,,,,,,,
11-01-019-00072-004877,,,,,,,,,,,,,,,,,,
11-01-019-00072-004878,,,,,,,,,,,,,,,,,,
11-01-019-00072-004879,,,,,,,,,,,,,,,,,,
11-01-019-00072-004880,2012-09-22,,,,,,2011.0,,,,,,,,,,,
11-01-019-00072-004881,,,,,,,,,,,,,,,,,,
11-01-019-00072-004882,,,,,,,,,,,,,,,,,,
11-01-019-00072-004884,,,,,,,,,,,,,,,,,,
11-01-019-00072-004885,,,,,,,,,,,,,,,,,,
11-01-019-00072-004886,2013-01-16,,,,,,2011.0,,,,,,,,,,,
11-01-019-00072-004887,,,,,,,,,,,,,,,,,,
11-01-019-00072-004888,,,2008-12-01,,,,2001.0,,8.0,,182.19,,182.38,,0.0,,Majalta via Chang to Dhani Neeli nallah,
11-01-019-00072-004889,,,,,,,,,,,,,,,,,,
11-01-019-00072-004890,,,,,,,,,,,,,,,,,,
11-01-019-00072-004891,,,,,,,,,,,,,,,,,,
11-01-019-00072-004892,2011-03-22,,2014-03-01,,2012-12-22,,2007.0,,2.0,,74.0,,98.25,,0.0,,TIKRI - GOLE,
11-01-019-00072-004893,2011-03-28,,2012-01-01,,2012-12-23,,2007.0,,3.4,,149.53,,181.11,,0.0,,TIKRI - CHANAS UPTO DABBAR BASKYANI,
11-01-019-00072-004894,,,,,,,,,,,,,,,,,,
11-01-019-00072-004895,,,2006-11-01,,,,2000.0,,4.0,,71.81,,72.42,,0.0,,Majalta to Perni,
11-01-019-00072-004896,,,2006-11-01,,,,2000.0,,4.0,,71.81,,72.42,,0.0,,Majalta to Perni,
11-01-019-00072-004897,,,,,,,,,,,,,,,,,,
11-01-019-00072-004898,,,,,,,,,,,,,,,,,,
11-01-019-00072-004899,,,,,,,,,,,,,,,,,,
11-01-019-00072-004900,2012-09-10,,2013-04-01,,2013-04-30,,2011.0,,1.55,,78.83,,99.53,,0.0,,Jib - Padanoo,
11-01-019-00072-004901,,,,,,,,,,,,,,,,,,
11-01-019-00072-004902,2012-09-22,,,,,,2011.0,,,,,,,,,,,
11-01-019-00072-004903,2012-09-22,,,,,,2011.0,,,,,,,,,,,
11-01-019-00072-004904,,,,,,,,,,,,,,,,,,
11-01-019-00072-004905,,,,,,,,,,,,,,,,,,
11-01-019-00072-004906,2012-09-22,,,,,,2011.0,,,,,,,,,,,
11-01-019-00072-004907,,,,,,,,,,,,,,,,,,
11-01-019-00072-004908,,,,,,,,,,,,,,,,,,
11-01-019-00072-004909,,,,,,,,,,,,,,,,,,
11-01-019-00072-004910,,,,,,,,,,,,,,,,,,
11-01-019-00072-004911,,,,,,,,,,,,,,,,,,
11-01-019-00072-004912,,,,,,,,,,,,,,,,,,
11-01-019-00072-004913,,,,,,,,,,,,,,,,,,
11-01-019-00072-004915,,,,,,,,,,,,,,,,,,
11-01-019-00072-004916,,,,,,,,,,,,,,,,,,
11-01-019-00072-004917,,,,,,,,,,,,,,,,,,
11-01-019-00072-004918,,,,,,,,,,,,,,,,,,
11-01-019-00072-004919,,,,,,,,,,,,,,,,,,
11-01-019-00072-004920,,,,,,,,,,,,,,,,,,
11-01-019-00072-004921,,,,,,,,,,,,,,,,,,
11-01-019-00072-004922,,,,,,,,,,,,,,,,,,
11-01-019-00072-004923,2013-05-30,,,,,,2012.0,,,,,,,,,,,
11-01-019-00072-004924,,,,,,,,,,,,,,,,,,
11-01-019-00072-004925,,,,,,,,,,,,,,,,,,
11-01-019-00072-004926,,,,,,,,,,,,,,,,,,
11-01-019-00072-004927,,,,,,,,,,,,,,,,,,
11-01-019-00072-004928,,,,,,,,,,,,,,,,,,
11-01-019-00072-004929,2005-07-02,,2006-11-01,,2007-01-01,,2003.0,,2.0,,46.57,,47.35,,0.0,,JAGANOO CHAMPEL,
11-01-019-00072-004930,,,,,,,,,,,,,,,,,,
11-01-019-00072-004931,,,,,,,,,,,,,,,,,,
11-01-019-00072-004932,,,,,,,,,,,,,,,,,,
11-01-019-00072-004933,,,,,,,,,,,,,,,,,,
11-01-019-00072-004934,,,,,,,,,,,,,,,,,,
11-01-019-00072-004935,,,,,,,,,,,,,,,,,,
11-01-019-00072-004936,,,,,,,,,,,,,,,,,,
11-01-019-00072-004937,,,,,,,,,,,,,,,,,,
11-01-019-00072-004938,2013-01-04,,,,,,2011.0,,,,,,,,,,,
11-01-019-00072-004939,,,,,,,,,,,,,,,,,,
11-01-019-00072-004940,2011-09-10,,2012-10-01,,2012-06-10,,2007.0,,3.2,,94.77,,109.52,,0.0,,LOWER BATTAL BALLIAN - PARPAKH,
11-01-019-00072-004941,,,,,,,,,,,,,,,,,,
11-01-019-00072-004942,2010-04-27,,2013-06-01,,2011-05-04,,2006.0,,4.0,,224.26,,226.37,,0.0,,Garnai - Garnai Lower,
11-01-019-00072-004943,2010-10-30,,2011-05-01,,2011-07-30,,2007.0,,4.0,,119.8,,144.14,,0.0,,BATTAL BALLIAN KM 2ND - LONDANA,
11-01-019-00072-004944,,,,,,,,,,,,,,,,,,
11-01-019-00072-004945,2008-12-12,,2012-03-01,,2009-12-18,,2006.0,,8.32,,565.06,,568.31,,0.0,,Darsoo - Guddar,
11-01-019-00072-004946,2008-10-16,,2010-06-01,,2009-07-22,,2006.0,,2.0,,94.58,,98.51,,0.0,,Battal Ballian - G. Paddar,
11-01-019-00072-004947,,,,,,,,,,,,,,,,,,
11-01-019-00072-004948,,,,,,,,,,,,,,,,,,
11-01-019-00072-004949,,,,,,,,,,,,,,,,,,
11-01-019-00072-004950,,,,,,,,,,,,,,,,,,
11-01-019-00072-004951,,,,,,,,,,,,,,,,,,
11-01-019-00072-004952,2013-07-02,,,,,,2012.0,,,,,,,,,,,
11-01-019-00072-004955,,,,,,,,,,,,,,,,,,
11-01-019-00073-004981,2007-12-08,,,,,,2005.0,,,,,,,,,,,
11-01-019-00073-004982,2007-12-08,,,,,,2005.0,,,,,,,,,,,
11-01-019-00073-004983,2008-03-05,,,,,,2005.0,,,,,,,,,,,
11-01-019-00073-004984,2007-12-18,,2014-03-01,,2008-12-24,,2005.0,,12.5,,460.26,,500.85,,0.0,,T-Morh - Ther,
11-01-019-00073-004985,2007-12-18,,2014-03-01,,2008-12-24,,2005.0,,12.5,,460.26,,500.85,,0.0,,T-Morh - Ther,
11-01-019-00073-004986,2007-12-18,,2014-03-01,,2008-12-24,,2005.0,,12.5,,460.26,,500.85,,0.0,,T-Morh - Ther,
11-01-019-00073-004987,2007-12-18,,2014-03-01,,2008-12-24,,2005.0,,12.5,,460.26,,500.85,,0.0,,T-Morh - Ther,
11-01-019-00073-004988,2011-07-16,,,,,,2007.0,,,,,,,,,,,
11-01-019-00073-004989,2007-12-18,,2014-03-01,,2008-12-24,,2005.0,,12.5,,460.26,,500.85,,0.0,,T-Morh - Ther,
11-01-019-00073-004990,2011-07-16,,,,,,2007.0,,,,,,,,,,,
11-01-019-00073-004991,2007-12-18,,2014-03-01,,2008-12-24,,2005.0,,12.5,,460.26,,500.85,,0.0,,T-Morh - Ther,
11-01-019-00073-004992,,,,,,,,,,,,,,,,,,
11-01-019-00073-004993,,,,,,,,,,,,,,,,,,
11-01-019-00073-004994,2011-04-21,,2013-07-01,,2012-01-21,,2007.0,,2.7,,122.6,,123.06,,0.0,,SUDMAHADEV - GARSOLU,
11-01-019-00073-004995,,,,,,,,,,,,,,,,,,
11-01-019-00073-004996,2012-10-25,,,,,,2007.0,,,,,,,,,,,
11-01-019-00073-004997,2011-04-21,,2013-07-01,,2012-01-21,,2007.0,,2.7,,122.6,,123.06,,0.0,,SUDMAHADEV - GARSOLU,
11-01-019-00073-004998,2011-07-04,,,,,,2007.0,,,,,,,,,,,
11-01-019-00073-004999,2012-10-25,,,,,,2007.0,,,,,,,,,,,
11-01-019-00073-005000,,,,,,,,,,,,,,,,,,
11-01-019-00073-005001,,,,,,,,,,,,,,,,,,
11-01-019-00073-005002,2012-10-25,,,,,,2007.0,,,,,,,,,,,
11-01-019-00073-005003,2007-09-17,,2014-11-01,,2008-06-17,,2005.0,,11.0,,330.18,,335.29,,0.0,,Nagulta - Rezard,
11-01-019-00073-005004,2008-02-15,,,,,,2005.0,,,,,,,,,,,
11-01-019-00073-005005,,,,,,,,,,,,,,,,,,
11-01-019-00073-005006,,,,,,,,,,,,,,,,,,
11-01-019-00073-005007,,,,,,,,,,,,,,,,,,
11-01-019-00073-005008,,,,,,,,,,,,,,,,,,
11-01-019-00073-005009,,,,,,,,,,,,,,,,,,
11-01-019-00073-005010,,,,,,,,,,,,,,,,,,
11-01-019-00073-005011,2008-02-15,,,,,,2005.0,,,,,,,,,,,
11-01-019-00073-005012,2008-02-15,,,,,,2005.0,,,,,,,,,,,
11-01-019-00073-005013,,,,,,,,,,,,,,,,,,
11-01-019-00073-005014,,,,,,,,,,,,,,,,,,
11-01-019-00073-005015,,,,,,,,,,,,,,,,,,
11-01-019-00073-005016,,,,,,,,,,,,,,,,,,
11-01-019-00073-005017,2011-07-12,,,,,,2007.0,,,,,,,,,,,
11-01-019-00073-005018,,,,,,,,,,,,,,,,,,
11-01-019-00073-005019,,,,,,,,,,,,,,,,,,
11-01-019-00073-005020,,,,,,,,,,,,,,,,,,
11-01-019-00073-005021,,,,,,,,,,,,,,,,,,
11-01-019-00073-005022,2007-09-17,,2014-11-01,,2008-06-17,,2005.0,,11.0,,330.18,,335.29,,0.0,,Nagulta - Rezard,
11-01-019-00073-005023,2007-09-17,,2014-11-01,,2008-06-17,,2005.0,,11.0,,330.18,,335.29,,0.0,,Nagulta - Rezard,
11-01-019-00073-005024,2012-05-19,,,,,,2007.0,,,,,,,,,,,
11-01-019-00073-005025,,,,,,,,,,,,,,,,,,
11-01-019-00073-005026,,,,,,,,,,,,,,,,,,
11-01-019-00074-005028,2011-05-19,,,,,,2007.0,,,,,,,,,,,
11-01-019-00074-005029,2011-04-25,,,,,,2007.0,,,,,,,,,,,
11-01-019-00074-005030,2010-12-02,,2014-03-01,,2011-09-02,,2007.0,,6.55,,196.56,,226.97,,0.0,,BARMEEN KHAS - SARSOO,
11-01-019-00074-005031,2011-07-04,,2014-10-01,,2012-07-04,,2007.0,,14.73,,696.32,,835.88,,0.0,,BARMEEN - DHARNOO,
11-01-019-00074-005032,2011-04-02,,2013-05-01,,2012-04-02,,2007.0,,7.25,,272.4,,341.46,,0.0,,BARMEEN - SATYALTA KHAS,
11-01-019-00074-005033,2011-04-02,,2013-05-01,,2012-04-02,,2007.0,,7.25,,272.4,,341.46,,0.0,,BARMEEN - SATYALTA KHAS,
11-01-019-00074-005034,2007-01-03,,2013-04-01,,2008-01-03,,2004.0,,9.0,,398.34,,416.3,,0.0,,GHORDI - NALLAH GOURAN,
11-01-019-00074-005035,,,,,,,2006.0,,,,,,,,,,,
11-01-019-00074-005036,2012-10-31,,,,,,2011.0,,,,,,,,,,,
11-01-019-00074-005037,2007-11-15,,2014-05-01,,2008-08-15,,2005.0,,15.0,,495.36,,550.86,,0.0,,Block Bloundary Ghordi - Kotwalt,
11-01-019-00074-005038,2011-05-11,,2014-12-01,,2012-05-11,,2007.0,,5.9,,363.12,,434.25,,0.0,,SULLIAN - KELA,
11-01-019-00074-005039,,,,,,,,,,,,,,,,,,
11-01-019-00074-005040,,,,,,,,,,,,,,,,,,
11-01-019-00074-005041,,,,,,,,,,,,,,,,,,
11-01-019-00074-005042,,,,,,,,,,,,,,,,,,
11-01-019-00074-005043,,,,,,,,,,,,,,,,,,
11-01-019-00074-005044,,,,,,,,,,,,,,,,,,
11-01-019-00074-005046,,,,,,,,,,,,,,,,,,
11-01-019-00074-005047,,,,,,,,,,,,,,,,,,
11-01-019-00074-005048,,,,,,,,,,,,,,,,,,
11-01-019-00074-005049,,,,,,,,,,,,,,,,,,
11-01-019-00074-005050,,,,,,,,,,,,,,,,,,
11-01-019-00074-005051,,,,,,,,,,,,,,,,,,
11-01-019-00074-005052,,,,,,,,,,,,,,,,,,
11-01-019-00074-005053,,,,,,,,,,,,,,,,,,
11-01-019-00074-005054,,,,,,,,,,,,,,,,,,
11-01-019-00074-005055,,,,,,,,,,,,,,,,,,
11-01-019-00074-005056,,,,,,,,,,,,,,,,,,
11-01-019-00074-005057,2008-02-15,,,,,,2005.0,,,,,,,,,,,
11-01-019-00074-005058,2013-01-19,,,,,,2011.0,,,,,,,,,,,
11-01-019-00074-005059,2013-01-19,,,,,,2011.0,,,,,,,,,,,
11-01-019-00074-005060,2007-11-15,,2014-05-01,,2008-08-15,,2005.0,,15.0,,495.36,,550.86,,0.0,,Block Bloundary Ghordi - Kotwalt,
11-01-019-00074-005061,2007-11-15,,2014-05-01,,2008-08-15,,2005.0,,15.0,,495.36,,550.86,,0.0,,Block Bloundary Ghordi - Kotwalt,
11-01-019-00074-005062,2007-09-17,,2013-02-01,,2008-06-17,,2005.0,,10.0,,300.76,,345.11,,0.0,,Massal - Kanah,
11-01-019-00074-005063,2011-10-12,,,,,,2007.0,,,,,,,,,,,
11-01-019-00074-005064,2008-10-20,,2013-05-01,,2009-10-26,,2006.0,,7.75,,345.24,,353.91,,0.0,,Badhole Khas - Surni,
11-01-019-00074-005065,2008-08-20,,2010-05-01,,2009-10-20,,2006.0,,5.93,,231.83,,222.58,,0.0,,Langa - Ser Manjla,
11-01-019-00074-005066,2008-08-20,,2010-05-01,,2009-10-20,,2006.0,,5.93,,231.83,,222.58,,0.0,,Langa - Ser Manjla,
11-01-019-00074-005067,,,,,,,2006.0,,,,,,,,,,,
11-01-019-00074-005068,2012-10-19,,,,,,2011.0,,,,,,,,,,,
11-01-019-00074-005069,2010-06-04,,2014-06-01,,2011-06-10,,2006.0,,6.0,,372.7,,405.9,,0.0,,Barota - Lerh Khas,
11-01-019-00074-005070,2011-10-25,,,,,,2007.0,,,,,,,,,,,
11-01-019-00074-005071,2010-12-02,,2014-03-01,,2011-09-02,,2007.0,,6.55,,196.56,,226.97,,0.0,,BARMEEN KHAS - SARSOO,
11-01-019-00074-005072,2011-07-12,,,,,,2007.0,,,,,,,,,,,
11-01-019-00074-005073,2009-01-10,,,,,,2006.0,,,,,,,,,,,
11-01-019-00074-005074,2009-03-20,,2015-01-01,,2010-03-19,,2006.0,,8.45,,368.56,,377.48,,0.0,,Trilla - Sunetar (Katheel Ganjoo),
11-01-019-00074-005075,,,,,,,,,,,,,,,,,,
11-01-019-00074-005076,2008-08-20,,2010-05-01,,2009-10-20,,2006.0,,5.93,,231.83,,222.58,,0.0,,Langa - Ser Manjla,
11-01-019-00074-005077,,,,,,,,,,,,,,,,,,
11-01-019-00074-005078,,,,,,,,,,,,,,,,,,
11-01-019-00074-005079,,,,,,,,,,,,,,,,,,
11-01-019-00074-005080,2008-10-20,,2013-05-01,,2009-10-26,,2006.0,,7.75,,345.24,,353.91,,0.0,,Badhole Khas - Surni,
11-01-019-00074-005081,,,,,,,,,,,,,,,,,,
11-01-019-00074-005082,2007-09-17,,2013-02-01,,2008-06-17,,2005.0,,10.0,,300.76,,345.11,,0.0,,Massal - Kanah,
11-01-019-00074-005083,,,,,,,,,,,,,,,,,,
11-01-019-00074-005084,2008-11-03,,2011-05-01,,2009-10-20,,2006.0,,5.43,,282.06,,284.94,,0.0,,Dehlar - Amroh,
11-01-019-00074-005085,2008-02-15,,,,,,2005.0,,,,,,,,,,,
11-01-019-00074-005086,2008-11-03,,2011-05-01,,2009-10-20,,2006.0,,5.43,,282.06,,284.94,,0.0,,Dehlar - Amroh,
11-01-019-00074-005087,2008-02-15,,,,,,2005.0,,,,,,,,,,,
11-01-019-00074-005088,,,,,,,,,,,,,,,,,,
11-01-019-00074-005089,,,,,,,,,,,,,,,,,,
11-01-019-00074-005090,,,,,,,,,,,,,,,,,,
11-01-019-00074-005091,,,,,,,,,,,,,,,,,,
11-01-019-00074-005092,,,,,,,,,,,,,,,,,,
11-01-019-00074-005093,,,,,,,,,,,,,,,,,,
11-01-019-00074-005094,,,,,,,,,,,,,,,,,,
11-01-019-00074-005095,,,,,,,,,,,,,,,,,,
11-01-019-00074-005096,,,,,,,,,,,,,,,,,,
11-01-019-00074-005097,,,,,,,,,,,,,,,,,,
11-01-019-00074-005098,2009-03-20,,2010-06-01,,2010-03-27,,2006.0,,6.0,,271.82,,274.83,,0.0,,Langa - Marta Rashol,
11-01-019-00074-005099,2012-09-10,,2013-12-01,,2013-06-24,,2011.0,,4.0,,154.52,,194.71,,0.0,,Ara - Touri,
11-01-019-00074-005100,2011-03-28,,2013-06-01,,2012-03-28,,2007.0,,11.7,,490.69,,501.22,,0.0,,SUNETAR KHAS - DHANWALTH,
11-01-019-00074-005101,2011-03-28,,2013-06-01,,2012-03-28,,2007.0,,11.7,,490.69,,501.22,,0.0,,SUNETAR KHAS - DHANWALTH,
11-01-019-00074-005102,,,,,,,,,,,,,,,,,,
11-01-019-00074-005103,2009-09-04,,2015-02-01,,2010-09-10,,2006.0,,5.5,,249.16,,283.12,,0.0,,Plassian - Darbala,
11-01-019-00074-005104,2011-04-25,,2013-06-01,,2012-04-25,,2007.0,,10.33,,376.92,,416.34,,0.0,,LEHRI SHUMB - KHEIN,
11-01-019-00074-005105,,,,,,,,,,,,,,,,,,
11-01-019-00074-005106,,,,,,,,,,,,,,,,,,
11-01-019-00074-005107,2009-08-28,,2014-01-01,,2010-09-02,,2006.0,,6.33,,311.58,,302.23,,0.0,,Kaghote - Lehri Shumb,
11-01-019-00074-005108,,,,,,,,,,,,,,,,,,
11-01-019-00074-005109,2005-05-11,,2009-03-01,,2006-11-10,,2003.0,,8.0,,247.28,,290.49,,0.0,,PLASSIAN BINSTA,
11-01-019-00074-005110,2005-05-11,,2009-03-01,,2006-11-10,,2003.0,,8.0,,247.28,,290.49,,0.0,,PLASSIAN BINSTA,
11-01-019-00074-005111,2008-01-29,,,,,,2005.0,,,,,,,,,,,
11-01-019-00074-005112,2005-05-11,,2009-03-01,,2006-11-10,,2003.0,,8.0,,247.28,,290.49,,0.0,,PLASSIAN BINSTA,
11-01-019-00074-005113,2009-11-25,,2014-08-01,,2010-11-29,,2006.0,,11.0,,307.53,,368.67,,0.0,,Plassian - Rang (Km 6th to Km 11th),
11-01-019-00074-005114,2011-01-12,,2014-01-01,,2011-10-12,,2007.0,,2.53,,88.59,,111.34,,0.0,,RANG - BALAND,
11-01-019-00074-005115,2011-03-28,,2013-06-01,,2012-03-28,,2007.0,,11.7,,490.69,,501.22,,0.0,,SUNETAR KHAS - DHANWALTH,
11-01-019-00074-005116,2011-03-28,,2013-06-01,,2012-03-28,,2007.0,,11.7,,490.69,,501.22,,0.0,,SUNETAR KHAS - DHANWALTH,
11-01-019-00075-005118,,,,,,,,,,,,,,,,,,
11-01-019-00075-005119,,,2004-08-01,,,,2000.0,,5.0,,86.88,,93.4,,0.0,,L028 - THALORA TO TAJOOR,
11-01-019-00075-005120,2009-08-22,,2010-06-01,,2009-06-01,,2006.0,,1.78,,57.79,,64.43,,0.0,,Thalora - Kougha,
11-01-019-00075-005121,,,2004-08-01,,,,2000.0,,5.0,,86.88,,93.4,,0.0,,L028 - THALORA TO TAJOOR,
11-01-019-00075-005122,,,2004-08-01,,,,2000.0,,5.0,,86.88,,93.4,,0.0,,L028 - THALORA TO TAJOOR,
11-01-019-00075-005123,,,,,,,,,,,,,,,,,,
11-01-019-00075-005124,,,,,,,,,,,,,,,,,,
11-01-019-00075-005125,,,,,,,,,,,,,,,,,,
11-01-019-00075-005126,2010-11-16,,2013-01-01,,2011-08-16,,2007.0,,4.4,,148.44,,175.05,,0.0,,Nakki - Amwara,
11-01-019-00075-005127,2008-12-12,,2011-06-01,,2009-09-21,,2006.0,,3.93,,169.14,,171.13,,0.0,,Dhar road - Pathwar,
11-01-019-00075-005128,,,,,,,,,,,,,,,,,,
11-01-019-00075-005129,2008-12-02,,2010-06-01,,2009-09-11,,2006.0,,3.5,,142.98,,146.03,,0.0,,L034 - DHAR ROAD TO NEELI,
11-01-019-00075-005130,2008-12-02,,2010-06-01,,2009-09-11,,2006.0,,3.5,,142.98,,146.03,,0.0,,L034 - DHAR ROAD TO NEELI,
11-01-019-00075-005131,,,,,,,,,,,,,,,,,,
11-01-019-00075-005132,,,,,,,,,,,,,,,,,,
11-01-019-00075-005133,,,,,,,,,,,,,,,,,,
11-01-019-00075-005134,,,,,,,,,,,,,,,,,,
11-01-019-00075-005135,,,,,,,,,,,,,,,,,,
11-01-019-00075-005136,2012-10-12,,2014-06-01,,2013-07-25,,2011.0,,3.85,,158.74,,242.44,,0.0,,Baryalta Dhar road Km 94 - Plater,
11-01-019-00075-005137,,,,,,,,,,,,,,,,,,
11-01-019-00075-005138,,,,,,,,,,,,,,,,,,
11-01-019-00075-005139,2010-11-16,,2012-12-01,,2011-08-16,,2007.0,,3.7,,92.74,,101.56,,0.0,,Majalta - Satrehri,
11-01-019-00075-005140,2011-10-25,,2013-03-01,,2012-07-25,,2007.0,,3.32,,82.51,,105.23,,0.0,,Dhar road Larey - Sumal,
11-01-019-00075-005141,,,,,,,,,,,,,,,,,,
11-01-019-00075-005142,,,,,,,,,,,,,,,,,,
11-01-019-00075-005143,,,,,,,,,,,,,,,,,,
11-01-019-00075-005144,,,,,,,,,,,,,,,,,,
11-01-019-00075-005145,,,,,,,,,,,,,,,,,,
11-01-019-00075-005146,,,,,,,,,,,,,,,,,,
11-01-019-00075-005147,2010-12-30,,2012-12-01,,2011-09-30,,2007.0,,2.5,,25.3,,35.49,,0.0,,Deot - Lower Blaspur,
11-01-019-00075-005148,2010-12-30,,2013-02-01,,2011-09-30,,2007.0,,1.53,,63.15,,71.98,,0.0,,Dhar road Km 85 - Alsoo,
11-01-019-00075-005149,,,2008-03-01,,,,2000.0,,7.0,,134.64,,135.39,,0.0,,L022 - DHAR ROAD KM 45 TO SK BAIR,
11-01-019-00075-005150,,,,,,,,,,,,,,,,,,
11-01-019-00075-005151,2011-01-05,,2015-02-01,,2011-10-05,,2007.0,,6.3,,166.15,,203.82,,0.0,,Dhar road - Kalmoh,
11-01-019-00075-005152,2008-12-12,,2011-06-01,,2009-09-21,,2006.0,,3.93,,169.14,,171.13,,0.0,,Dhar road - Pathwar,
11-01-019-00075-005153,2010-11-16,,2013-01-01,,2011-08-16,,2007.0,,4.4,,148.44,,175.05,,0.0,,Nakki - Amwara,
11-01-019-00075-005154,2008-09-30,,2010-08-01,,2008-09-30,,2006.0,,2.0,,77.52,,80.38,,0.0,,Dhar road - Nakki,
11-01-019-00075-005155,,,,,,,,,,,,,,,,,,
11-01-019-00075-005156,,,,,,,,,,,,,,,,,,
11-01-019-00075-005157,,,,,,,,,,,,,,,,,,
11-01-019-00075-005158,,,,,,,,,,,,,,,,,,
11-01-019-00075-005159,,,,,,,,,,,,,,,,,,
11-01-020-00076-005160,2012-06-21,,,,,,2007.0,,,,,,,,,,,
11-01-020-00076-005161,2012-06-21,,,,,,2007.0,,,,,,,,,,,
11-01-020-00076-005162,2007-08-24,,,,,,2005.0,,,,,,,,,,,
11-01-020-00076-005163,,,,,,,,,,,,,,,,,,
11-01-020-00076-005164,,,,,,,,,,,,,,,,,,
11-01-020-00076-005165,,,,,,,,,,,,,,,,,,
11-01-020-00076-005166,,,,,,,,,,,,,,,,,,
11-01-020-00076-005167,2007-08-24,,,,,,2005.0,,,,,,,,,,,
11-01-020-00076-005168,,,,,,,,,,,,,,,,,,
11-01-020-00076-005169,2007-08-24,,,,,,2005.0,,,,,,,,,,,
11-01-020-00076-005170,,,,,,,,,,,,,,,,,,
11-01-020-00076-005171,,,,,,,,,,,,,,,,,,
11-01-020-00076-005172,2007-12-08,,,,,,2005.0,,,,,,,,,,,
11-01-020-00076-005173,,,,,,,,,,,,,,,,,,
11-01-020-00076-005174,2008-10-20,,,,,,2006.0,,,,,,,,,,,
11-01-020-00076-005175,2008-10-20,,,,,,2005.0,,,,,,,,,,,
11-01-020-00076-005176,2012-12-19,,,,,,2011.0,,,,,,,,,,,
11-01-020-00076-005177,2013-10-12,,,,,,2012.0,,,,,,,,,,,
11-01-020-00076-005178,2013-10-12,,,,,,2012.0,,,,,,,,,,,
11-01-020-00076-005179,2010-03-13,,,,,,2006.0,,,,,,,,,,,
11-01-020-00076-005180,,,,,,,2012.0,,,,,,,,,,,
11-01-020-00076-005181,2008-10-20,,,,,,2005.0,,,,,,,,,,,
11-01-020-00076-005182,2008-10-20,,,,,,2005.0,,,,,,,,,,,
11-01-020-00076-005183,,,,,,,2012.0,,,,,,,,,,,
11-01-020-00076-005184,2008-10-20,,,,,,2005.0,,,,,,,,,,,
11-01-020-00076-005185,2008-10-20,,,,,,2005.0,,,,,,,,,,,
11-01-020-00076-005186,2008-10-20,,,,,,2005.0,,,,,,,,,,,
11-01-020-00076-005187,,,,,,,2001.0,,,,,,,,,,,
11-01-020-00076-005188,2007-08-24,,,,,,2005.0,,,,,,,,,,,
11-01-020-00076-005189,2007-09-12,,,,,,2005.0,,,,,,,,,,,
11-01-020-00076-005190,2012-12-19,,,,,,2011.0,,,,,,,,,,,
11-01-020-00076-005191,,,,,,,,,,,,,,,,,,
11-01-020-00076-005192,2011-06-01,,,,,,2006.0,,,,,,,,,,,
11-01-020-00076-005193,2007-09-17,,,,,,2005.0,,,,,,,,,,,
11-01-020-00076-005194,,,,,,,,,,,,,,,,,,
11-01-020-00076-005195,,,,,,,,,,,,,,,,,,
11-01-020-00076-005196,,,,,,,,,,,,,,,,,,
11-01-020-00076-005197,,,,,,,,,,,,,,,,,,
11-01-020-00076-005198,,,,,,,,,,,,,,,,,,
11-01-020-00076-005199,,,,,,,,,,,,,,,,,,
11-01-020-00076-005200,2007-12-08,,,,,,2005.0,,,,,,,,,,,
11-01-020-00076-005201,2007-12-08,,,,,,2005.0,,,,,,,,,,,
11-01-020-00076-005202,,,,,,,,,,,,,,,,,,
11-01-020-00076-005203,,,,,,,,,,,,,,,,,,
11-01-020-00076-005204,,,,,,,,,,,,,,,,,,
11-01-020-00076-005205,2012-10-30,,,,,,2007.0,,,,,,,,,,,
11-01-020-00076-005206,2005-02-19,,2013-03-01,,2006-06-03,,2003.0,,4.0,,95.19,,162.92,,0.0,,ARNAS DHANOUR,
11-01-020-00076-005207,2007-09-12,,,,,,2005.0,,,,,,,,,,,
11-01-020-00076-005208,,,,,,,,,,,,,,,,,,
11-01-020-00076-005209,,,,,,,2007.0,,,,,,,,,,,
11-01-020-00076-005210,,,,,,,,,,,,,,,,,,
11-01-020-00076-005211,,,,,,,,,,,,,,,,,,
11-01-020-00076-005212,,,,,,,,,,,,,,,,,,
11-01-020-00076-005213,2013-10-12,,,,,,2012.0,,,,,,,,,,,
11-01-020-00076-005214,,,,,,,,,,,,,,,,,,
11-01-020-00076-005215,,,,,,,,,,,,,,,,,,
11-01-020-00076-005216,,,,,,,,,,,,,,,,,,
11-01-020-00076-005217,,,,,,,,,,,,,,,,,,
11-01-020-00076-005218,,,,,,,,,,,,,,,,,,
11-01-020-00076-005219,,,,,,,,,,,,,,,,,,
11-01-020-00077-005221,,,,,,,,,,,,,,,,,,
11-01-020-00077-005222,,,,,,,,,,,,,,,,,,
11-01-020-00077-005223,,,,,,,,,,,,,,,,,,
11-01-020-00077-005224,,,,,,,,,,,,,,,,,,
11-01-020-00077-005225,2007-12-08,,2013-03-01,,2009-03-08,,2005.0,,28.0,,1047.96,,1201.02,,0.0,,Garhi - Jij Bagli,
11-01-020-00077-005226,2007-12-08,,2013-03-01,,2009-03-08,,2005.0,,28.0,,1047.96,,1201.02,,0.0,,Garhi - Jij Bagli,
11-01-020-00077-005227,,,,,,,,,,,,,,,,,,
11-01-020-00077-005228,,,,,,,,,,,,,,,,,,
11-01-020-00077-005229,,,,,,,,,,,,,,,,,,
11-01-020-00077-005230,,,,,,,,,,,,,,,,,,
11-01-020-00077-005231,,,,,,,,,,,,,,,,,,
11-01-020-00077-005232,,,,,,,,,,,,,,,,,,
11-01-020-00077-005233,,,,,,,,,,,,,,,,,,
11-01-020-00077-005234,,,,,,,,,,,,,,,,,,
11-01-020-00077-005235,2008-12-02,,2013-05-01,,2010-04-09,,2006.0,,9.9,,572.71,,576.15,,0.0,,Gundi - Panasa,
11-01-020-00077-005236,2007-12-08,,2013-03-01,,2009-03-08,,2005.0,,28.0,,1047.96,,1201.02,,0.0,,Garhi - Jij Bagli,
11-01-020-00077-005237,2007-12-08,,2013-03-01,,2009-03-08,,2005.0,,28.0,,1047.96,,1201.02,,0.0,,Garhi - Jij Bagli,
11-01-020-00077-005239,,,,,,,,,,,,,,,,,,
11-01-020-00077-005240,,,,,,,,,,,,,,,,,,
11-01-020-00077-005241,,,,,,,,,,,,,,,,,,
11-01-020-00077-005242,,,,,,,,,,,,,,,,,,
11-01-020-00077-005243,,,,,,,,,,,,,,,,,,
11-01-020-00077-005244,,,,,,,,,,,,,,,,,,
11-01-020-00077-005245,,,,,,,,,,,,,,,,,,
11-01-020-00077-005246,,,,,,,,,,,,,,,,,,
11-01-020-00077-005247,,,,,,,,,,,,,,,,,,
11-01-020-00077-005248,,,,,,,,,,,,,,,,,,
11-01-020-00077-005249,2012-10-31,,,,,,2011.0,,,,,,,,,,,
11-01-020-00077-005250,2012-10-31,,,,,,2011.0,,,,,,,,,,,
11-01-020-00077-005251,2012-10-31,,,,,,2011.0,,,,,,,,,,,
11-01-020-00077-005252,,,,,,,,,,,,,,,,,,
11-01-020-00077-005253,2012-10-31,,,,,,2011.0,,,,,,,,,,,
11-01-020-00077-005254,,,,,,,,,,,,,,,,,,
11-01-020-00077-005255,,,,,,,,,,,,,,,,,,
11-01-020-00077-005256,,,,,,,,,,,,,,,,,,
11-01-020-00077-005257,2012-10-31,,,,,,2011.0,,,,,,,,,,,
11-01-020-00077-005258,,,,,,,,,,,,,,,,,,
11-01-020-00077-005259,,,,,,,,,,,,,,,,,,
11-01-020-00077-005260,2012-10-31,,,,,,2011.0,,,,,,,,,,,
11-01-020-00077-005261,2011-04-30,,2012-08-01,,2012-01-30,,2007.0,,1.93,,100.63,,120.38,,0.0,,Kheralehar - Gajour,
11-01-020-00077-005262,2008-09-23,,2011-11-01,,2009-07-01,,2006.0,,2.25,,92.03,,93.74,,0.0,,Puria - Bayoolian,
11-01-020-00077-005263,,,,,,,,,,,,,,,,,,
11-01-020-00077-005264,,,,,,,,,,,,,,,,,,
11-01-020-00077-005265,,,,,,,,,,,,,,,,,,
11-01-020-00077-005266,,,,,,,,,,,,,,,,,,
11-01-020-00077-005267,,,,,,,,,,,,,,,,,,
11-01-020-00077-005268,,,,,,,2011.0,,,,,,,,,,,
11-01-020-00077-005269,,,,,,,2011.0,,,,,,,,,,,
11-01-020-00077-005270,,,,,,,,,,,,,,,,,,
11-01-020-00077-005271,2009-04-25,,2013-03-01,,2011-11-15,,2006.0,,16.5,,1315.72,,1324.4,,0.0,,Salal - Sujandhar,
11-01-020-00077-005272,2009-04-25,,2013-03-01,,2011-11-15,,2006.0,,16.5,,1315.72,,1324.4,,0.0,,Salal - Sujandhar,
11-01-020-00077-005273,2009-04-25,,2013-03-01,,2011-11-15,,2006.0,,16.5,,1315.72,,1324.4,,0.0,,Salal - Sujandhar,
11-01-020-00077-005274,2009-04-25,,2013-03-01,,2011-11-15,,2006.0,,16.5,,1315.72,,1324.4,,0.0,,Salal - Sujandhar,
11-01-020-00077-005275,2011-04-27,,,,,,2007.0,,,,,,,,,,,
11-01-020-00077-005276,2009-04-25,,2013-03-01,,2011-11-15,,2006.0,,16.5,,1315.72,,1324.4,,0.0,,Salal - Sujandhar,
11-01-020-00077-005277,2009-04-25,,2013-03-01,,2011-11-15,,2006.0,,16.5,,1315.72,,1324.4,,0.0,,Salal - Sujandhar,
11-01-020-00077-005278,2009-04-25,,2013-03-01,,2011-11-15,,2006.0,,16.5,,1315.72,,1324.4,,0.0,,Salal - Sujandhar,
11-01-020-00077-005279,2009-04-25,,2013-03-01,,2011-11-15,,2006.0,,16.5,,1315.72,,1324.4,,0.0,,Salal - Sujandhar,
11-01-020-00077-005280,2011-04-27,,,,,,2007.0,,,,,,,,,,,
11-01-020-00077-005281,2009-04-25,,2013-03-01,,2011-11-15,,2006.0,,16.5,,1315.72,,1324.4,,0.0,,Salal - Sujandhar,
11-01-020-00077-005282,,,,,,,,,,,,,,,,,,
11-01-020-00077-005283,2009-04-25,,2013-03-01,,2011-11-15,,2006.0,,16.5,,1315.72,,1324.4,,0.0,,Salal - Sujandhar,
11-01-020-00077-005284,2009-04-25,,2013-03-01,,2011-11-15,,2006.0,,16.5,,1315.72,,1324.4,,0.0,,Salal - Sujandhar,
11-01-020-00077-005285,,,,,,,2006.0,,,,,,,,,,,
11-01-020-00077-005286,,,,,,,2006.0,,,,,,,,,,,
11-01-020-00077-005287,2009-04-25,,2013-03-01,,2011-11-15,,2006.0,,16.5,,1315.72,,1324.4,,0.0,,Salal - Sujandhar,
11-01-020-00077-005288,,,,,,,2006.0,,,,,,,,,,,
11-01-020-00077-005289,,,,,,,2006.0,,,,,,,,,,,
11-01-020-00077-005290,2005-07-30,,2011-06-01,,2006-10-07,,2003.0,,11.0,,327.0,,327.82,,0.0,,BARROT SARHI,
11-01-020-00077-005291,,,,,,,2006.0,,,,,,,,,,,
11-01-020-00077-005292,,,,,,,2006.0,,,,,,,,,,,
11-01-020-00077-005293,,,,,,,2006.0,,,,,,,,,,,
11-01-020-00077-005294,,,,,,,2006.0,,,,,,,,,,,
11-01-020-00077-005295,,,,,,,2006.0,,,,,,,,,,,
11-01-020-00077-005296,2009-04-25,,2013-03-01,,2011-11-15,,2006.0,,16.5,,1315.72,,1324.4,,0.0,,Salal - Sujandhar,
11-01-020-00077-005297,2009-04-25,,2013-03-01,,2011-11-15,,2006.0,,16.5,,1315.72,,1324.4,,0.0,,Salal - Sujandhar,
11-01-020-00077-005298,2009-04-25,,2013-03-01,,2011-11-15,,2006.0,,16.5,,1315.72,,1324.4,,0.0,,Salal - Sujandhar,
11-01-020-00077-005299,,,2012-08-01,,,,2006.0,,1.78,,78.05,,80.84,,0.0,,Gran Morh - Goswan,
11-01-020-00077-005300,,,,,,,,,,,,,,,,,,
11-01-020-00077-005301,,,,,,,,,,,,,,,,,,
11-01-020-00077-005302,,,2013-04-01,,,,2006.0,,4.0,,185.86,,190.37,,0.0,,L049 - BIJIPUR TO AGHAR BALLIAN,
11-01-020-00077-005304,,,,,,,,,,,,,,,,,,
11-01-020-00077-005305,,,2011-12-01,,,,2006.0,,2.5,,68.98,,56.65,,0.0,,Grid Station - Silla,
11-01-020-00077-005307,,,,,,,,,,,,,,,,,,
11-01-020-00077-005308,,,,,,,,,,,,,,,,,,
11-01-020-00077-005309,,,,,,,,,,,,,,,,,,
11-01-020-00077-005310,,,,,,,,,,,,,,,,,,
11-01-020-00077-005311,,,,,,,,,,,,,,,,,,
11-01-020-00077-005312,,,,,,,,,,,,,,,,,,
11-01-020-00077-005313,,,,,,,,,,,,,,,,,,
11-01-020-00077-005314,,,,,,,,,,,,,,,,,,
11-01-020-00077-005315,,,,,,,,,,,,,,,,,,
11-01-020-00077-005316,,,,,,,,,,,,,,,,,,
11-01-020-00077-005317,,,,,,,,,,,,,,,,,,
11-01-020-00077-005318,2010-11-22,,,,,,2007.0,,,,,,,,,,,
11-01-020-00077-005319,,,,,,,,,,,,,,,,,,
11-01-020-00077-005320,,,,,,,,,,,,,,,,,,
11-01-020-00077-005321,,,,,,,,,,,,,,,,,,
11-01-020-00077-005322,2008-09-23,,2011-12-01,,2009-07-30,,2006.0,,2.8,,101.47,,88.09,,0.0,,Pouni - Kanha,
11-01-020-00077-005323,,,,,,,,,,,,,,,,,,
11-01-020-00077-005324,2011-06-09,,2013-08-01,,2012-03-09,,2007.0,,6.0,,190.21,,268.35,,0.0,,Kothian - Sadeen,
11-01-020-00077-005325,,,,,,,,,,,,,,,,,,
11-01-020-00077-005326,,,,,,,,,,,,,,,,,,
11-01-020-00077-005327,,,,,,,,,,,,,,,,,,
11-01-020-00077-005328,,,,,,,,,,,,,,,,,,
11-01-020-00077-005329,,,,,,,,,,,,,,,,,,
11-01-020-00077-005330,,,,,,,,,,,,,,,,,,
11-01-020-00077-005331,,,,,,,,,,,,,,,,,,
11-01-020-00077-005332,,,,,,,,,,,,,,,,,,
11-01-020-00077-005333,,,,,,,,,,,,,,,,,,
11-01-020-00077-005334,,,,,,,,,,,,,,,,,,
11-01-020-00077-005335,,,,,,,,,,,,,,,,,,
11-01-020-00077-005336,,,,,,,,,,,,,,,,,,
11-01-020-00077-005337,,,,,,,,,,,,,,,,,,
11-01-020-00077-005338,,,,,,,,,,,,,,,,,,
11-01-020-00077-005339,,,,,,,,,,,,,,,,,,
11-01-020-00077-005340,,,,,,,,,,,,,,,,,,
11-01-020-00077-005341,,,,,,,,,,,,,,,,,,
11-01-020-00077-005342,,,,,,,,,,,,,,,,,,
11-01-020-00077-005343,,,,,,,,,,,,,,,,,,
11-01-020-00077-005344,,,,,,,,,,,,,,,,,,
11-01-020-00077-005345,,,,,,,,,,,,,,,,,,
11-01-020-00077-005346,2011-08-06,,,,,,2007.0,,,,,,,,,,,
11-01-020-00077-005347,,,,,,,,,,,,,,,,,,
11-01-020-00077-005348,,,,,,,,,,,,,,,,,,
11-01-020-00077-005349,,,,,,,,,,,,,,,,,,
11-01-020-00077-005350,2011-08-06,,,,,,2007.0,,,,,,,,,,,
11-01-020-00077-005351,,,,,,,,,,,,,,,,,,
11-01-020-00077-005352,,,,,,,,,,,,,,,,,,
11-01-020-00077-005353,,,,,,,,,,,,,,,,,,
11-01-020-00077-005354,,,,,,,,,,,,,,,,,,
11-01-020-00077-005355,,,,,,,,,,,,,,,,,,
11-01-020-00077-005356,,,,,,,,,,,,,,,,,,
11-01-020-00077-005357,,,,,,,,,,,,,,,,,,
11-01-020-00077-005358,,,,,,,,,,,,,,,,,,
11-01-020-00077-005359,,,,,,,,,,,,,,,,,,
11-01-020-00077-005360,,,,,,,,,,,,,,,,,,
11-01-020-00077-005361,,,,,,,,,,,,,,,,,,
11-01-020-00077-005362,,,,,,,,,,,,,,,,,,
11-01-020-00077-005363,,,,,,,,,,,,,,,,,,
11-01-020-00077-005364,,,,,,,,,,,,,,,,,,
11-01-020-00077-005365,,,,,,,,,,,,,,,,,,
11-01-020-00077-005366,,,,,,,,,,,,,,,,,,
11-01-020-00077-005367,,,,,,,,,,,,,,,,,,
11-01-020-00077-005368,2009-04-25,,2013-03-01,,2011-11-15,,2006.0,,16.5,,1315.72,,1324.4,,0.0,,Salal - Sujandhar,
11-01-020-00077-005370,,,,,,,,,,,,,,,,,,
11-01-020-00077-005371,,,2010-06-01,,,,2006.0,,6.75,,368.08,,371.69,,0.0,,Agar Jitto - Palel,
11-01-020-00077-005372,,,,,,,,,,,,,,,,,,
11-01-020-00077-005373,,,,,,,,,,,,,,,,,,
11-01-020-00077-005374,,,,,,,,,,,,,,,,,,
11-01-020-00077-005375,,,2012-01-01,,,,2006.0,,6.35,,272.46,,277.35,,0.0,,Bhabber - Mansooh,
11-01-020-00077-005376,,,,,,,,,,,,,,,,,,
11-01-020-00077-005377,,,,,,,,,,,,,,,,,,
11-01-020-00077-005378,,,2012-01-01,,,,2006.0,,6.35,,272.46,,277.35,,0.0,,Bhabber - Mansooh,
11-01-020-00077-005379,,,,,,,2007.0,,,,,,,,,,,
11-01-020-00077-005380,,,,,,,,,,,,,,,,,,
11-01-020-00077-005381,,,,,,,,,,,,,,,,,,
11-01-020-00077-005382,,,2010-06-01,,,,2006.0,,6.75,,368.08,,371.69,,0.0,,Agar Jitto - Palel,
11-01-020-00077-005383,,,,,,,2011.0,,,,,,,,,,,
11-01-020-00077-005384,,,,,,,,,,,,,,,,,,
11-01-020-00077-005385,,,,,,,2011.0,,,,,,,,,,,
11-01-020-00077-005386,,,,,,,,,,,,,,,,,,
11-01-020-00077-005387,,,,,,,2011.0,,,,,,,,,,,
11-01-020-00077-005388,,,,,,,2011.0,,,,,,,,,,,
11-01-020-00077-005389,,,,,,,,,,,,,,,,,,
11-01-020-00077-005390,,,,,,,,,,,,,,,,,,
11-01-020-00077-005391,,,,,,,,,,,,,,,,,,
11-01-020-00077-005392,,,,,,,,,,,,,,,,,,
11-01-020-00077-005393,,,,,,,,,,,,,,,,,,
11-01-020-00077-005394,,,2011-12-01,,,,2006.0,,5.75,,254.64,,265.55,,0.0,,Deva Mai - Sarna,
11-01-020-00077-005395,,,,,,,,,,,,,,,,,,
11-01-020-00077-005396,,,,,,,,,,,,,,,,,,
11-01-020-00077-005397,,,,,,,,,,,,,,,,,,
11-01-020-00077-005398,,,,,,,,,,,,,,,,,,
11-01-020-00077-005399,,,,,,,,,,,,,,,,,,
11-01-020-00077-005400,,,,,,,,,,,,,,,,,,
11-01-020-00077-005401,,,,,,,,,,,,,,,,,,
11-01-020-00077-005402,,,,,,,,,,,,,,,,,,
11-01-020-00077-005403,,,,,,,,,,,,,,,,,,
11-01-020-00077-005404,,,,,,,,,,,,,,,,,,
11-01-020-00077-005405,,,,,,,,,,,,,,,,,,
11-01-020-00077-005406,,,,,,,,,,,,,,,,,,
11-01-020-00077-005407,,,,,,,,,,,,,,,,,,
11-01-020-00077-005408,,,,,,,,,,,,,,,,,,
11-01-020-00077-005409,,,,,,,,,,,,,,,,,,
11-01-020-00077-005410,,,,,,,,,,,,,,,,,,
11-01-020-00077-005412,,,,,,,,,,,,,,,,,,
11-01-020-00077-005414,,,,,,,,,,,,,,,,,,
11-01-020-00077-005416,,,,,,,,,,,,,,,,,,
11-01-020-00077-800060,,,,,,,,,,,,,,,,,,
11-01-021-00078-005417,,,,,,,,,,,,,,,,,,
11-01-021-00078-005418,,,,,,,,,,,,,,,,,,
11-01-021-00078-005419,,,,,,,,,,,,,,,,,,
11-01-021-00078-005420,,,,,,,,,,,,,,,,,,
11-01-021-00078-005421,2007-11-13,,2012-02-01,,2008-08-28,,2004.0,,7.15,,233.62,,377.79,,0.0,,L061 - DAGAIR TO PANYA,
11-01-021-00078-005422,,,,,,,,,,,,,,,,,,
11-01-021-00078-005423,2008-08-26,,2009-11-01,,2009-06-10,,2006.0,,2.85,,137.08,,150.76,,0.0,,Ghar Majoor - Sandal,
11-01-021-00078-005424,,,,,,,,,,,,,,,,,,
11-01-021-00078-005425,,,,,,,,,,,,,,,,,,
11-01-021-00078-005426,,,,,,,,,,,,,,,,,,
11-01-021-00078-005427,,,,,,,,,,,,,,,,,,
11-01-021-00078-005428,,,,,,,,,,,,,,,,,,
11-01-021-00078-005429,,,,,,,,,,,,,,,,,,
11-01-021-00078-005430,,,,,,,,,,,,,,,,,,
11-01-021-00078-005431,,,,,,,,,,,,,,,,,,
11-01-021-00078-005432,,,,,,,,,,,,,,,,,,
11-01-021-00078-005433,,,,,,,,,,,,,,,,,,
11-01-021-00078-005434,,,,,,,,,,,,,,,,,,
11-01-021-00078-005435,2011-04-02,,,,,,2007.0,,,,,,,,,,,
11-01-021-00078-005436,2011-04-02,,,,,,2007.0,,,,,,,,,,,
11-01-021-00078-005437,2011-04-02,,,,,,2007.0,,,,,,,,,,,
11-01-021-00078-005438,,,,,,,,,,,,,,,,,,
11-01-021-00078-005439,,,,,,,,,,,,,,,,,,
11-01-021-00078-005440,2011-04-02,,,,,,2007.0,,,,,,,,,,,
11-01-021-00078-005441,,,,,,,,,,,,,,,,,,
11-01-021-00078-005442,2011-04-02,,,,,,2007.0,,,,,,,,,,,
11-01-021-00078-005443,,,,,,,,,,,,,,,,,,
11-01-021-00078-005444,,,,,,,,,,,,,,,,,,
11-01-021-00078-005445,,,,,,,,,,,,,,,,,,
11-01-021-00078-005446,,,,,,,,,,,,,,,,,,
11-01-021-00078-005447,,2009-03-07,,2013-05-01,,2010-09-20,,2006.0,,24.0,,1582.26,,1689.46,,0.0,,Khugga - Jeri
11-01-021-00078-005448,,2009-03-07,,2013-05-01,,2010-09-20,,2006.0,,24.0,,1582.26,,1689.46,,0.0,,Khugga - Jeri
11-01-021-00078-005449,,,,,,,,,,,,,,,,,,
11-01-021-00078-005450,,,,,,,,,,,,,,,,,,
11-01-021-00078-005451,2009-03-20,,2012-11-01,,2010-04-04,,2006.0,,5.78,,312.62,,313.42,,0.0,,Kuffi - Godhan,
11-01-021-00078-005452,2008-09-19,,2011-01-01,,2009-06-19,,2006.0,,3.0,,102.51,,106.94,,0.0,,Barui (Kandi) - Gargal,
11-01-021-00078-005453,2011-04-02,,,,,,2007.0,,,,,,,,,,,
11-01-021-00078-005454,,,,,,,,,,,,,,,,,,
11-01-021-00078-005455,,,,,,,,,,,,,,,,,,
11-01-021-00078-005456,,,,,,,,,,,,,,,,,,
11-01-021-00078-005457,,,,,,,,,,,,,,,,,,
11-01-021-00078-005458,,,,,,,,,,,,,,,,,,
11-01-021-00078-005459,2011-03-22,,,,,,2007.0,,,,,,,,,,,
11-01-021-00078-005460,,,,,,,,,,,,,,,,,,
11-01-021-00078-005461,2008-06-27,,2010-02-01,,2009-07-03,,2006.0,,3.23,,161.07,,161.35,,0.0,,Khungan - Mangoo Di Pattian,
11-01-021-00078-005462,2008-09-19,,2011-01-01,,2009-06-19,,2006.0,,3.0,,102.51,,106.94,,0.0,,Barui (Kandi) - Gargal,
11-01-021-00078-005463,,2009-03-07,,2013-05-01,,2010-09-20,,2006.0,,24.0,,1582.26,,1689.46,,0.0,,Khugga - Jeri
11-01-021-00078-005464,,2009-03-07,,2013-05-01,,2010-09-20,,2006.0,,24.0,,1582.26,,1689.46,,0.0,,Khugga - Jeri
11-01-021-00078-005465,,,,,,,,,,,,,,,,,,
11-01-021-00078-005466,2009-03-20,2009-03-07,2012-11-01,2013-05-01,2010-04-04,2010-09-20,2006.0,2006.0,5.78,24.0,312.62,1582.26,313.42,1689.46,0.0,0.0,,Khugga - Jeri
11-01-021-00078-005467,,2009-03-07,,2013-05-01,,2010-09-20,,2006.0,,24.0,,1582.26,,1689.46,,0.0,,Khugga - Jeri
11-01-021-00078-005468,,,,,,,,,,,,,,,,,,
11-01-021-00078-005469,,2009-03-07,,2013-05-01,,2010-09-20,,2006.0,,24.0,,1582.26,,1689.46,,0.0,,Khugga - Jeri
11-01-021-00078-005470,,,,,,,,,,,,,,,,,,
11-01-021-00078-005471,,,,,,,,,,,,,,,,,,
11-01-021-00078-005472,,,,,,,,,,,,,,,,,,
11-01-021-00078-005473,,2009-03-07,,2013-05-01,,2010-09-20,,2006.0,,24.0,,1582.26,,1689.46,,0.0,,Khugga - Jeri
11-01-021-00078-005474,,,,,,,,,,,,,,,,,,
11-01-021-00078-005475,2011-03-22,,,,,,2007.0,,,,,,,,,,,
11-01-021-00078-005476,,,,,,,,,,,,,,,,,,
11-01-021-00078-005477,2008-09-30,,2010-02-01,,2009-06-30,,2006.0,,3.6,,104.85,,95.84,,0.0,,Sungal - Trutafalla,
11-01-021-00078-005478,2005-05-19,,2008-09-01,,2006-05-18,,2003.0,,7.0,,154.63,,174.41,,0.0,,RAM NAGAR COLONY TO RAJE CHAK,
11-01-021-00078-005479,2005-05-19,,2008-09-01,,2006-05-18,,2003.0,,7.0,,154.63,,174.41,,0.0,,RAM NAGAR COLONY TO RAJE CHAK,
11-01-021-00078-005480,,,,,,,,,,,,,,,,,,
11-01-021-00078-005481,,,,,,,,,,,,,,,,,,
11-01-021-00078-005482,,,,,,,,,,,,,,,,,,
11-01-021-00078-005483,,,,,,,,,,,,,,,,,,
11-01-021-00078-005484,2007-09-17,,2013-02-01,,2009-10-02,,2004.0,,8.15,,407.37,,393.92,,0.0,,Chowki Chowra - Ghar Majoor,
11-01-021-00078-005485,2007-09-17,,2013-02-01,,2009-10-02,,2004.0,,8.15,,407.37,,393.92,,0.0,,Chowki Chowra - Ghar Majoor,
11-01-021-00078-005486,,,,,,,,,,,,,,,,,,
11-01-021-00078-005487,,,,,,,,,,,,,,,,,,
11-01-021-00078-005488,2008-12-12,,2010-02-01,,2009-12-27,,2006.0,,3.25,,207.81,,202.24,,0.0,,Nathal - Seoni,
11-01-021-00078-005489,,,,,,,,,,,,,,,,,,
11-01-021-00078-005490,,,,,,,,,,,,,,,,,,
11-01-021-00078-005491,,,,,,,,,,,,,,,,,,
11-01-021-00078-005494,2008-09-04,,2010-03-01,,2009-06-19,,2006.0,,3.68,,177.5,,179.2,,0.0,,Manah - Baldoh,
11-01-021-00078-005495,,,,,,,,,,,,,,,,,,
11-01-021-00078-005496,,,,,,,,,,,,,,,,,,
11-01-021-00078-005497,2013-04-02,,,,,,2011.0,,,,,,,,,,,
11-01-021-00078-005498,,,,,,,,,,,,,,,,,,
11-01-021-00078-005499,,,,,,,,,,,,,,,,,,
11-01-021-00078-005500,,,,,,,,,,,,,,,,,,
11-01-021-00078-005501,,,,,,,,,,,,,,,,,,
11-01-021-00078-005502,,,,,,,,,,,,,,,,,,
11-01-021-00078-005503,,,,,,,,,,,,,,,,,,
11-01-021-00078-005504,,,,,,,,,,,,,,,,,,
11-01-021-00078-005505,,,,,,,,,,,,,,,,,,
11-01-021-00078-005506,2008-10-20,,2004-03-01,,,,2000.0,,4.7,,140.12,,140.17,,0.0,,Bhalwal Brahmena to Jamotian,
11-01-021-00078-005507,2007-09-17,,2013-02-01,,2009-10-02,,2004.0,,8.15,,407.37,,393.92,,0.0,,Chowki Chowra - Ghar Majoor,
11-01-021-00078-005508,,,,,,,,,,,,,,,,,,
11-01-021-00078-005509,,,,,,,,,,,,,,,,,,
11-01-021-00078-005510,,,,,,,,,,,,,,,,,,
11-01-021-00078-005511,,,,,,,,,,,,,,,,,,
11-01-021-00078-005512,,,,,,,,,,,,,,,,,,
11-01-021-00078-005513,,,,,,,,,,,,,,,,,,
11-01-021-00078-005514,,,,,,,,,,,,,,,,,,
11-01-021-00078-005515,,,,,,,,,,,,,,,,,,
11-01-021-00078-005516,,,,,,,,,,,,,,,,,,
11-01-021-00078-005517,,,,,,,,,,,,,,,,,,
11-01-021-00078-005518,,,,,,,,,,,,,,,,,,
11-01-021-00078-005519,,,,,,,,,,,,,,,,,,
11-01-021-00078-005520,,,,,,,,,,,,,,,,,,
11-01-021-00078-005521,,,,,,,,,,,,,,,,,,
11-01-021-00078-005522,,,,,,,,,,,,,,,,,,
11-01-021-00078-005523,,,,,,,,,,,,,,,,,,
11-01-021-00078-005524,,,,,,,,,,,,,,,,,,
11-01-021-00078-005525,,,,,,,,,,,,,,,,,,
11-01-021-00078-005526,,,,,,,,,,,,,,,,,,
11-01-021-00078-005527,2013-04-02,,2014-06-01,,2014-03-01,,2011.0,,6.6,,128.05,,191.53,,0.0,,RAM NAGAR COLONY TO RAJE CHAK,
11-01-021-00078-005528,,,,,,,,,,,,,,,,,,
11-01-021-00078-005529,,,,,,,,,,,,,,,,,,
11-01-021-00078-005530,,,,,,,,,,,,,,,,,,
11-01-021-00078-005531,,,,,,,,,,,,,,,,,,
11-01-021-00078-005532,,,,,,,,,,,,,,,,,,
11-01-021-00078-005533,,,,,,,,,,,,,,,,,,
11-01-021-00078-005534,,,,,,,,,,,,,,,,,,
11-01-021-00078-005535,,,,,,,,,,,,,,,,,,
11-01-021-00078-005536,,,,,,,,,,,,,,,,,,
11-01-021-00078-005538,,,,,,,,,,,,,,,,,,
11-01-021-00078-005539,,,,,,,,,,,,,,,,,,
11-01-021-00078-005540,,,,,,,,,,,,,,,,,,
11-01-021-00078-005541,2008-09-10,,2011-06-01,,2009-06-25,,2006.0,,2.85,,137.53,,139.51,,0.0,,Rajwal - Chamarkee,
11-01-021-00078-005542,,,,,,,,,,,,,,,,,,
11-01-021-00078-005543,,,,,,,,,,,,,,,,,,
11-01-021-00078-005544,,,,,,,,,,,,,,,,,,
11-01-021-00078-005545,,,,,,,,,,,,,,,,,,
11-01-021-00078-005546,,,,,,,,,,,,,,,,,,
11-01-021-00078-005547,2013-04-02,,,,,,2011.0,,,,,,,,,,,
11-01-021-00078-005548,,,,,,,,,,,,,,,,,,
11-01-021-00078-005549,,,,,,,,,,,,,,,,,,
11-01-021-00078-005550,,,,,,,,,,,,,,,,,,
11-01-021-00078-005551,2007-01-03,,2009-01-01,,2008-09-17,,2004.0,,3.53,,51.88,,82.97,,0.0,,Pallanwala - Plattan via Dhar Khour,
11-01-021-00078-005552,,,,,,,,,,,,,,,,,,
11-01-021-00078-005553,,,,,,,,,,,,,,,,,,
11-01-021-00078-005554,,,,,,,,,,,,,,,,,,
11-01-021-00078-005556,2007-01-03,,2009-01-01,,2008-09-17,,2004.0,,3.53,,51.88,,82.97,,0.0,,Pallanwala - Plattan via Dhar Khour,
11-01-021-00078-005558,,,,,,,,,,,,,,,,,,
11-01-021-00078-005559,,,,,,,,,,,,,,,,,,
11-01-021-00078-005560,,,,,,,,,,,,,,,,,,
11-01-021-00078-005561,,,,,,,,,,,,,,,,,,
11-01-021-00078-005562,,,,,,,,,,,,,,,,,,
11-01-021-00078-005563,,,,,,,,,,,,,,,,,,
11-01-021-00078-005564,,,,,,,,,,,,,,,,,,
11-01-021-00078-005565,,,,,,,,,,,,,,,,,,
11-01-021-00078-005566,,,,,,,,,,,,,,,,,,
11-01-021-00078-005567,,,,,,,,,,,,,,,,,,
11-01-021-00078-005568,,,,,,,,,,,,,,,,,,
11-01-021-00078-005569,,,,,,,,,,,,,,,,,,
11-01-021-00078-005570,,,,,,,,,,,,,,,,,,
11-01-021-00078-005571,,,,,,,,,,,,,,,,,,
11-01-021-00078-005572,,,,,,,,,,,,,,,,,,
11-01-021-00078-005573,,,,,,,,,,,,,,,,,,
11-01-021-00078-005574,,,,,,,,,,,,,,,,,,
11-01-021-00078-005575,,,,,,,,,,,,,,,,,,
11-01-021-00078-005576,,,,,,,,,,,,,,,,,,
11-01-021-00078-005577,,,,,,,,,,,,,,,,,,
11-01-021-00078-005578,,,,,,,,,,,,,,,,,,
11-01-021-00078-005579,,,,,,,,,,,,,,,,,,
11-01-021-00078-005580,,,,,,,,,,,,,,,,,,
11-01-021-00078-005581,,,,,,,,,,,,,,,,,,
11-01-021-00078-005583,,2009-02-20,,2011-11-01,,2010-09-04,,2006.0,,25.0,,793.0,,796.64,,0.0,,Distributory No. 1 - Hamir Pur Kona
11-01-021-00078-005584,,,,,,,,,,,,,,,,,,
11-01-021-00078-005585,,,,,,,,,,,,,,,,,,
11-01-021-00078-005586,,,,,,,,,,,,,,,,,,
11-01-021-00078-005587,,,,,,,,,,,,,,,,,,
11-01-021-00078-005588,,,,,,,,,,,,,,,,,,
11-01-021-00078-005589,,,,,,,,,,,,,,,,,,
11-01-021-00078-005590,,,,,,,,,,,,,,,,,,
11-01-021-00078-005591,,,,,,,,,,,,,,,,,,
11-01-021-00078-005592,,,,,,,,,,,,,,,,,,
11-01-021-00078-005594,,,,,,,,,,,,,,,,,,
11-01-021-00078-005595,,,,,,,,,,,,,,,,,,
11-01-021-00078-005597,,,,,,,,,,,,,,,,,,
11-01-021-00078-005598,,,,,,,,,,,,,,,,,,
11-01-021-00078-005599,,,,,,,,,,,,,,,,,,
11-01-021-00078-005602,,,,,,,,,,,,,,,,,,
11-01-021-00078-005603,,,,,,,,,,,,,,,,,,
11-01-021-00078-005604,,,,,,,,,,,,,,,,,,
11-01-021-00078-005605,,,,,,,,,,,,,,,,,,
11-01-021-00078-005606,,,,,,,,,,,,,,,,,,
11-01-021-00078-005607,,,,,,,,,,,,,,,,,,
11-01-021-00078-005608,,,,,,,,,,,,,,,,,,
11-01-021-00078-005609,,,,,,,,,,,,,,,,,,
11-01-021-00078-005610,,,,,,,,,,,,,,,,,,
11-01-021-00078-005611,,2009-02-20,,2011-11-01,,2010-09-04,,2006.0,,25.0,,793.0,,796.64,,0.0,,Distributory No. 1 - Hamir Pur Kona
11-01-021-00078-005612,,2009-02-20,,2011-11-01,,2010-09-04,,2006.0,,25.0,,793.0,,796.64,,0.0,,Distributory No. 1 - Hamir Pur Kona
11-01-021-00078-005613,2013-04-02,,,,,,2011.0,,,,,,,,,,,
11-01-021-00078-005614,2007-08-03,,2008-07-01,,2008-05-03,,2005.0,,1.25,,27.68,,37.22,,0.0,,Pargwal - Bhalwal,
11-01-021-00078-005617,,,,,,,,,,,,,,,,,,
11-01-021-00078-005618,,2009-02-20,,2011-11-01,,2010-09-04,,2006.0,,25.0,,793.0,,796.64,,0.0,,Distributory No. 1 - Hamir Pur Kona
11-01-021-00078-005619,2008-09-19,,2010-03-01,,2009-07-03,,2006.0,,2.5,,84.68,,88.71,,0.0,,Pindi - Deora,
11-01-021-00078-005620,2008-09-19,,2010-03-01,,2009-07-03,,2006.0,,2.5,,84.68,,88.71,,0.0,,Pindi - Deora,
11-01-021-00078-005621,,2009-02-20,,2011-11-01,,2010-09-04,,2006.0,,25.0,,793.0,,796.64,,0.0,,Distributory No. 1 - Hamir Pur Kona
11-01-021-00078-005623,,,,,,,,,,,,,,,,,,
11-01-021-00078-005624,,,,,,,,,,,,,,,,,,
11-01-021-00078-005625,,,,,,,,,,,,,,,,,,
11-01-021-00078-005627,,,,,,,,,,,,,,,,,,
11-01-021-00078-005634,,,,,,,,,,,,,,,,,,
11-01-021-00078-005635,2008-09-19,,2010-03-01,,2009-07-03,,2006.0,,2.5,,84.68,,88.71,,0.0,,Pindi - Deora,
11-01-021-00078-005636,2008-09-19,,2010-03-01,,2009-07-03,,2006.0,,2.5,,84.68,,88.71,,0.0,,Pindi - Deora,
11-01-021-00078-005638,2008-09-19,,2010-03-01,,2009-07-03,,2006.0,,2.5,,84.68,,88.71,,0.0,,Pindi - Deora,
11-01-021-00078-005639,,,,,,,,,,,,,,,,,,
11-01-021-00078-005640,,,,,,,,,,,,,,,,,,
11-01-021-00078-005641,,,,,,,,,,,,,,,,,,
11-01-021-00078-005642,,,,,,,,,,,,,,,,,,
11-01-021-00079-005643,,,,,,,,,,,,,,,,,,
11-01-021-00079-005644,,,,,,,,,,,,,,,,,,
11-01-021-00079-005645,2007-09-17,,2009-03-01,,2008-06-17,,2005.0,,5.0,,169.05,,169.59,,0.0,,Bagani - Gorda,
11-01-021-00079-005646,2007-01-03,,2010-03-01,,2008-01-18,,2004.0,,5.9,,213.93,,216.79,,0.0,,Rabita - Parade,
11-01-021-00079-005647,,,,,,,,,,,,,,,,,,
11-01-021-00079-005648,2008-09-30,,2010-08-01,,2009-06-30,,2006.0,,5.85,,161.01,,161.82,,0.0,,Handwal - Dhannu,
11-01-021-00079-005649,,,,,,,,,,,,,,,,,,
11-01-021-00079-005650,,,,,,,,,,,,,,,,,,
11-01-021-00079-005651,,,,,,,,,,,,,,,,,,
11-01-021-00079-005652,,,,,,,,,,,,,,,,,,
11-01-021-00079-005653,,,,,,,,,,,,,,,,,,
11-01-021-00079-005654,,,,,,,,,,,,,,,,,,
11-01-021-00079-005655,,,,,,,,,,,,,,,,,,
11-01-021-00079-005656,,,,,,,,,,,,,,,,,,
11-01-021-00079-005657,,,,,,,,,,,,,,,,,,
11-01-021-00079-005658,,,,,,,,,,,,,,,,,,
11-01-021-00079-005659,,,,,,,,,,,,,,,,,,
11-01-021-00079-005660,,,,,,,,,,,,,,,,,,
11-01-021-00079-005661,,,,,,,,,,,,,,,,,,
11-01-021-00079-005662,2008-09-04,,2012-01-01,,2009-06-04,,2006.0,,4.5,,147.1,,149.1,,0.0,,Chingani - Showa Patta,
11-01-021-00079-005663,2008-09-04,,2012-01-01,,2009-06-04,,2006.0,,4.5,,147.1,,149.1,,0.0,,Chingani - Showa Patta,
11-01-021-00079-005664,2008-09-04,,2012-01-01,,2009-06-04,,2006.0,,4.5,,147.1,,149.1,,0.0,,Chingani - Showa Patta,
11-01-021-00079-005665,,,,,,,,,,,,,,,,,,
11-01-021-00079-005666,,,,,,,,,,,,,,,,,,
11-01-021-00079-005667,,,,,,,,,,,,,,,,,,
11-01-021-00079-005668,,,,,,,,,,,,,,,,,,
11-01-021-00079-005669,,,,,,,,,,,,,,,,,,
11-01-021-00079-005670,,,,,,,,,,,,,,,,,,
11-01-021-00079-005671,,,,,,,,,,,,,,,,,,
11-01-021-00079-005672,,,,,,,,,,,,,,,,,,
11-01-021-00079-005673,,,,,,,,,,,,,,,,,,
11-01-021-00079-005674,,,,,,,,,,,,,,,,,,
11-01-021-00079-005675,,,,,,,,,,,,,,,,,,
11-01-021-00079-005676,,,,,,,,,,,,,,,,,,
11-01-021-00079-005677,,,,,,,,,,,,,,,,,,
11-01-021-00079-005678,,,,,,,,,,,,,,,,,,
11-01-021-00079-005679,,,,,,,,,,,,,,,,,,
11-01-021-00079-005680,,,,,,,,,,,,,,,,,,
11-01-021-00079-005681,,,,,,,,,,,,,,,,,,
11-01-021-00079-005682,,,,,,,,,,,,,,,,,,
11-01-021-00079-005683,,,,,,,,,,,,,,,,,,
11-01-021-00079-005684,,,,,,,,,,,,,,,,,,
11-01-021-00079-005685,,,,,,,,,,,,,,,,,,
11-01-021-00079-005686,,,,,,,,,,,,,,,,,,
11-01-021-00079-005687,,,,,,,,,,,,,,,,,,
11-01-021-00079-005688,,,,,,,,,,,,,,,,,,
11-01-021-00079-005689,,,,,,,,,,,,,,,,,,
11-01-021-00079-005690,2009-12-15,,2011-03-01,,2010-05-15,,2006.0,,2.23,,74.57,,106.05,,0.0,,Kah Pota - Upper Slay,
11-01-021-00079-005691,,,,,,,,,,,,,,,,,,
11-01-021-00079-005692,,,,,,,,,,,,,,,,,,
11-01-021-00079-005693,,,,,,,,,,,,,,,,,,
11-01-021-00079-005696,2008-10-20,,2011-10-01,,2009-07-20,,2006.0,,5.5,,226.94,,220.87,,0.0,,Jindrah - Jhalar,
11-01-021-00079-005697,2008-10-20,,2011-10-01,,2009-07-20,,2006.0,,5.5,,226.94,,220.87,,0.0,,Jindrah - Jhalar,
11-01-021-00079-005698,2009-12-15,,2011-03-01,,2010-05-15,,2006.0,,2.23,,74.57,,106.05,,0.0,,Kah Pota - Upper Slay,
11-01-021-00079-005699,2008-10-20,,2011-10-01,,2009-07-20,,2006.0,,5.5,,226.94,,220.87,,0.0,,Jindrah - Jhalar,
11-01-021-00079-005700,,,,,,,,,,,,,,,,,,
11-01-021-00079-005701,,,,,,,,,,,,,,,,,,
11-01-021-00079-005702,,,,,,,,,,,,,,,,,,
11-01-021-00079-005703,,,,,,,,,,,,,,,,,,
11-01-021-00079-005704,,,,,,,,,,,,,,,,,,
11-01-021-00079-005705,,,,,,,,,,,,,,,,,,
11-01-021-00079-005706,2008-10-20,,2011-10-01,,2009-07-20,,2006.0,,5.5,,226.94,,220.87,,0.0,,Jindrah - Jhalar,
11-01-021-00079-005707,,,,,,,,,,,,,,,,,,
11-01-021-00079-005708,,,,,,,,,,,,,,,,,,
11-01-021-00079-005709,,,,,,,,,,,,,,,,,,
11-01-021-00079-005710,,,,,,,,,,,,,,,,,,
11-01-021-00079-005711,,,,,,,,,,,,,,,,,,
11-01-021-00079-005712,,,,,,,,,,,,,,,,,,
11-01-021-00079-005713,2008-10-20,,2011-10-01,,2009-07-20,,2006.0,,5.5,,226.94,,220.87,,0.0,,Jindrah - Jhalar,
11-01-021-00079-005714,,,,,,,,,,,,,,,,,,
11-01-021-00079-005715,,,,,,,,,,,,,,,,,,
11-01-021-00079-005716,,,,,,,,,,,,,,,,,,
11-01-021-00079-005717,,,,,,,,,,,,,,,,,,
11-01-021-00079-005718,,,,,,,,,,,,,,,,,,
11-01-021-00079-005719,,,,,,,,,,,,,,,,,,
11-01-021-00079-005720,,,,,,,,,,,,,,,,,,
11-01-021-00079-005721,,,,,,,,,,,,,,,,,,
11-01-021-00079-005722,,,,,,,,,,,,,,,,,,
11-01-021-00079-005723,,,,,,,,,,,,,,,,,,
11-01-021-00079-005724,,,,,,,,,,,,,,,,,,
11-01-021-00079-005725,,,,,,,,,,,,,,,,,,
11-01-021-00079-005726,,,,,,,,,,,,,,,,,,
11-01-021-00079-005727,2006-12-30,,2008-12-01,,2007-12-30,,2004.0,,3.5,,81.0,,88.95,,0.0,,Manwal - Kathar,
11-01-021-00079-005728,2006-12-30,,2008-12-01,,2007-12-30,,2004.0,,3.5,,81.0,,88.95,,0.0,,Manwal - Kathar,
11-01-021-00079-005729,,,,,,,,,,,,,,,,,,
11-01-021-00079-005730,2006-12-30,,2008-12-01,,2007-12-30,,2004.0,,3.5,,81.0,,88.95,,0.0,,Manwal - Kathar,
11-01-021-00079-005731,2006-12-30,,2008-12-01,,2007-12-30,,2004.0,,3.5,,81.0,,88.95,,0.0,,Manwal - Kathar,
11-01-021-00079-005732,,,,,,,,,,,,,,,,,,
11-01-021-00079-005733,2006-12-30,,2008-12-01,,2007-12-30,,2004.0,,3.5,,81.0,,88.95,,0.0,,Manwal - Kathar,
11-01-021-00079-005734,2006-12-30,,2008-12-01,,2007-12-30,,2004.0,,3.5,,81.0,,88.95,,0.0,,Manwal - Kathar,
11-01-021-00079-005735,,,,,,,,,,,,,,,,,,
11-01-021-00079-005736,,,,,,,,,,,,,,,,,,
11-01-021-00079-005737,,,,,,,,,,,,,,,,,,
11-01-021-00079-005738,2010-09-16,,2012-05-01,,2011-03-30,,2004.0,,7.0,,244.11,,239.31,,0.0,,Purmandal - Panjawa,
11-01-021-00079-005739,,,,,,,,,,,,,,,,,,
11-01-021-00079-005740,,,,,,,,,,,,,,,,,,
11-01-021-00079-005741,2008-11-03,,2011-10-01,,2009-11-17,,2006.0,,5.78,,240.18,,260.15,,0.0,,Tara - Doha,
11-01-021-00079-005742,,,,,,,,,,,,,,,,,,
11-01-021-00079-005743,,,,,,,,,,,,,,,,,,
11-01-021-00079-005744,,,,,,,,,,,,,,,,,,
11-01-021-00079-005745,,,,,,,,,,,,,,,,,,
11-01-021-00079-005746,,,,,,,,,,,,,,,,,,
11-01-021-00079-005747,,,,,,,,,,,,,,,,,,
11-01-021-00079-005748,,,,,,,,,,,,,,,,,,
11-01-021-00079-005749,,,,,,,,,,,,,,,,,,
11-01-021-00079-005750,,,,,,,,,,,,,,,,,,
11-01-021-00079-005751,,,,,,,,,,,,,,,,,,
11-01-021-00079-005752,2008-10-14,,2010-03-01,,2009-07-28,,2006.0,,2.9,,120.08,,128.18,,0.0,,Gharota - Pakhwari Gumpul,
11-01-021-00079-005753,,,,,,,,,,,,,,,,,,
11-01-021-00079-005754,,,,,,,,,,,,,,,,,,
11-01-021-00079-005755,,,,,,,,,,,,,,,,,,
11-01-021-00079-005756,,,,,,,,,,,,,,,,,,
11-01-021-00079-005757,,,,,,,,,,,,,,,,,,
11-01-021-00079-005758,,,,,,,,,,,,,,,,,,
11-01-021-00079-005759,,,,,,,,,,,,,,,,,,
11-01-021-00079-005760,,,,,,,,,,,,,,,,,,
11-01-021-00079-005761,,,,,,,,,,,,,,,,,,
11-01-021-00079-005762,,,,,,,,,,,,,,,,,,
11-01-021-00079-005763,,,,,,,,,,,,,,,,,,
11-01-021-00079-005764,2007-09-17,,2008-10-01,,2008-06-17,,2005.0,,3.0,,107.55,,133.28,,0.0,,Jagti - Simbal Leher,
11-01-021-00079-005765,,,,,,,,,,,,,,,,,,
11-01-021-00079-005766,2008-10-20,,2011-10-01,,2009-07-20,,2006.0,,2.7,,122.77,,129.96,,0.0,,Nadore - Kore Jagir,
11-01-021-00079-005767,,,,,,,,,,,,,,,,,,
11-01-021-00079-005768,,,,,,,,,,,,,,,,,,
11-01-021-00079-005769,,,,,,,,,,,,,,,,,,
11-01-021-00079-005770,,,,,,,,,,,,,,,,,,
11-01-021-00079-005771,,,,,,,,,,,,,,,,,,
11-01-021-00079-005772,2010-11-02,,2013-07-01,,2011-08-02,,2007.0,,4.0,,122.64,,190.89,,0.0,,upper thather - kheri,
11-01-021-00079-005773,,,,,,,,,,,,,,,,,,
11-01-021-00079-005774,,,,,,,,,,,,,,,,,,
11-01-021-00079-005775,,,,,,,,,,,,,,,,,,
11-01-021-00079-005776,,,,,,,,,,,,,,,,,,
11-01-021-00079-005777,,,,,,,,,,,,,,,,,,
11-01-021-00079-005778,,,2006-11-01,,,,2001.0,,6.5,,48.91,,155.35,,0.0,,M.Road - Bachyal,
11-01-021-00079-005779,,,2006-11-01,,,,2001.0,,6.5,,48.91,,155.35,,0.0,,M.Road - Bachyal,
11-01-021-00079-005780,,,,,,,,,,,,,,,,,,
11-01-021-00079-005781,,,,,,,,,,,,,,,,,,
11-01-021-00079-005782,,,,,,,,,,,,,,,,,,
11-01-021-00079-005783,,,,,,,,,,,,,,,,,,
11-01-021-00079-005786,,,,,,,,,,,,,,,,,,
11-01-021-00079-005787,,,,,,,,,,,,,,,,,,
11-01-021-00079-005788,,,,,,,,,,,,,,,,,,
11-01-021-00079-005789,,,,,,,,,,,,,,,,,,
11-01-021-00079-005790,,,,,,,,,,,,,,,,,,
11-01-021-00079-005791,,,,,,,,,,,,,,,,,,
11-01-021-00079-005792,,,,,,,,,,,,,,,,,,
11-01-021-00079-005793,,,,,,,,,,,,,,,,,,
11-01-021-00079-005794,,,,,,,,,,,,,,,,,,
11-01-021-00079-005795,,,,,,,,,,,,,,,,,,
11-01-021-00079-005796,,,,,,,,,,,,,,,,,,
11-01-021-00079-005797,,,,,,,,,,,,,,,,,,
11-01-021-00079-005798,,,,,,,,,,,,,,,,,,
11-01-021-00079-005799,,,,,,,,,,,,,,,,,,
11-01-021-00079-005800,,,,,,,,,,,,,,,,,,
11-01-021-00079-005801,,,,,,,,,,,,,,,,,,
11-01-021-00079-005802,,,,,,,,,,,,,,,,,,
11-01-021-00079-005803,,,,,,,,,,,,,,,,,,
11-01-021-00079-005804,,,,,,,,,,,,,,,,,,
11-01-021-00079-005805,,,,,,,,,,,,,,,,,,
11-01-021-00079-005806,,,,,,,,,,,,,,,,,,
11-01-021-00079-005807,,,,,,,,,,,,,,,,,,
11-01-021-00079-005808,,,,,,,,,,,,,,,,,,
11-01-021-00079-005809,,,,,,,,,,,,,,,,,,
11-01-021-00079-005810,,,,,,,,,,,,,,,,,,
11-01-021-00079-005811,,,,,,,,,,,,,,,,,,
11-01-021-00079-005812,,,,,,,,,,,,,,,,,,
11-01-021-00079-005813,,,,,,,,,,,,,,,,,,
11-01-021-00079-005814,,,,,,,,,,,,,,,,,,
11-01-021-00079-005815,,,,,,,,,,,,,,,,,,
11-01-021-00079-005816,,,,,,,,,,,,,,,,,,
11-01-021-00079-005818,,,,,,,,,,,,,,,,,,
11-01-021-00079-005819,,,,,,,,,,,,,,,,,,
11-01-021-00079-005820,,,2006-01-01,,,,2001.0,,6.13,,196.63,,155.77,,0.0,,Punu Di Hatti to Devistan,
11-01-021-00079-005821,,,2006-01-01,,,,2001.0,,6.13,,196.63,,155.77,,0.0,,Punu Di Hatti to Devistan,
11-01-021-00079-005822,,,2006-01-01,,,,2001.0,,6.13,,196.63,,155.77,,0.0,,Punu Di Hatti to Devistan,
11-01-021-00079-005823,,,2004-08-01,,,,2000.0,,3.05,,84.3,,84.35,,0.0,,Maira Mandlik to Gangwan,
11-01-021-00079-005824,,,,,,,,,,,,,,,,,,
11-01-021-00079-005825,,,2006-01-01,,,,2001.0,,2.12,,55.63,,52.85,,0.0,,Akhal pur - Patniyal,
11-01-021-00079-005826,,,,,,,,,,,,,,,,,,
11-01-021-00079-005827,,,,,,,,,,,,,,,,,,
11-01-021-00079-005828,,,,,,,,,,,,,,,,,,
11-01-021-00079-005829,,,,,,,,,,,,,,,,,,
11-01-021-00079-005830,,,,,,,,,,,,,,,,,,
11-01-021-00079-005831,,,,,,,,,,,,,,,,,,
11-01-021-00079-005832,,,2006-01-01,,,,2001.0,,2.12,,55.63,,52.85,,0.0,,Akhal pur - Patniyal,
11-01-021-00079-005834,,,2004-08-01,,,,2000.0,,3.05,,84.3,,84.35,,0.0,,Maira Mandlik to Gangwan,
11-01-021-00079-005835,,,,,,,,,,,,,,,,,,
11-01-021-00079-005836,,,2006-01-01,,,,2001.0,,6.13,,196.63,,155.77,,0.0,,Punu Di Hatti to Devistan,
11-01-021-00079-005837,,,,,,,,,,,,,,,,,,
11-01-021-00079-005838,,,,,,,,,,,,,,,,,,
11-01-021-00079-005839,,,,,,,,,,,,,,,,,,
11-01-021-00079-005840,,,,,,,,,,,,,,,,,,
11-01-021-00079-005841,,,,,,,,,,,,,,,,,,
11-01-021-00079-005842,,,,,,,,,,,,,,,,,,
11-01-021-00079-005843,,,,,,,,,,,,,,,,,,
11-01-021-00079-005845,,,,,,,,,,,,,,,,,,
11-01-021-00079-005848,,,,,,,,,,,,,,,,,,
11-01-021-00079-005849,,,,,,,,,,,,,,,,,,
11-01-021-00079-005851,,,,,,,,,,,,,,,,,,
11-01-021-00079-005852,,,,,,,,,,,,,,,,,,
11-01-021-00079-005853,,,,,,,,,,,,,,,,,,
11-01-021-00079-005854,,,,,,,,,,,,,,,,,,
11-01-021-00079-005855,,,,,,,,,,,,,,,,,,
11-01-021-00079-005856,,,,,,,,,,,,,,,,,,
11-01-021-00079-005858,,,,,,,,,,,,,,,,,,
11-01-021-00079-005859,,,,,,,,,,,,,,,,,,
11-01-021-00079-005860,,,,,,,,,,,,,,,,,,
11-01-021-00079-005861,,,,,,,,,,,,,,,,,,
11-01-021-00079-005862,,,,,,,,,,,,,,,,,,
11-01-021-00079-005863,,,,,,,,,,,,,,,,,,
11-01-021-00079-005864,,,,,,,,,,,,,,,,,,
11-01-021-00079-005865,,,,,,,,,,,,,,,,,,
11-01-021-00079-005866,,,,,,,,,,,,,,,,,,
11-01-021-00079-005867,,,,,,,,,,,,,,,,,,
11-01-021-00079-005868,,,,,,,,,,,,,,,,,,
11-01-021-00079-005869,,,,,,,,,,,,,,,,,,
11-01-021-00079-005870,,,,,,,,,,,,,,,,,,
11-01-021-00079-005871,,,,,,,,,,,,,,,,,,
11-01-021-00079-005872,,,,,,,,,,,,,,,,,,
11-01-021-00079-005874,,,2009-09-01,,,,2001.0,,9.7,,265.09,,289.53,,0.0,,phallain bazar - prambly,
11-01-021-00079-005875,,,2009-09-01,,,,2001.0,,9.7,,265.09,,289.53,,0.0,,phallain bazar - prambly,
11-01-021-00079-005876,,,,,,,,,,,,,,,,,,
11-01-021-00079-005877,,,,,,,,,,,,,,,,,,
11-01-021-00079-005878,,,,,,,,,,,,,,,,,,
11-01-021-00079-005879,,,2009-09-01,,,,2001.0,,9.7,,265.09,,289.53,,0.0,,phallain bazar - prambly,
11-01-021-00079-005881,,,,,,,,,,,,,,,,,,
11-01-021-00079-005882,,,,,,,,,,,,,,,,,,
11-01-021-00079-005883,,,,,,,,,,,,,,,,,,
11-01-021-00079-005887,,,,,,,,,,,,,,,,,,
11-01-021-00079-005888,,,,,,,,,,,,,,,,,,
11-01-021-00079-005890,,,,,,,,,,,,,,,,,,
11-01-021-00079-005891,,,,,,,,,,,,,,,,,,
11-01-021-00079-005892,,,,,,,,,,,,,,,,,,
11-01-021-00079-005893,,,,,,,,,,,,,,,,,,
11-01-021-00079-005894,,,,,,,,,,,,,,,,,,
11-01-021-00079-005896,,,,,,,,,,,,,,,,,,
11-01-021-00079-005897,,,,,,,,,,,,,,,,,,
11-01-021-00079-005898,,,,,,,,,,,,,,,,,,
11-01-021-00079-005899,,,2009-09-01,,,,2001.0,,9.7,,265.09,,289.53,,0.0,,phallain bazar - prambly,
11-01-021-00079-005900,,,,,,,,,,,,,,,,,,
11-01-021-00079-005901,,,,,,,,,,,,,,,,,,
11-01-021-00079-005902,,,,,,,,,,,,,,,,,,
11-01-021-00079-005903,,,,,,,,,,,,,,,,,,
11-01-021-00079-005904,,,,,,,,,,,,,,,,,,
11-01-021-00079-005905,,,,,,,,,,,,,,,,,,
11-01-021-00079-005906,,,,,,,,,,,,,,,,,,
11-01-021-00079-005907,,,,,,,,,,,,,,,,,,
11-01-021-00079-005908,,,,,,,,,,,,,,,,,,
11-01-021-00079-005909,,,,,,,,,,,,,,,,,,
11-01-021-00079-005910,,,,,,,,,,,,,,,,,,
11-01-021-00079-005911,,,,,,,,,,,,,,,,,,
11-01-021-00079-005912,,,,,,,,,,,,,,,,,,
11-01-021-00079-005913,,,,,,,,,,,,,,,,,,
11-01-021-00079-005914,,,,,,,,,,,,,,,,,,
11-01-021-00079-005915,,,,,,,,,,,,,,,,,,
11-01-021-00079-005916,,,,,,,,,,,,,,,,,,
11-01-021-00079-005917,,,,,,,,,,,,,,,,,,
11-01-021-00079-005918,,,,,,,,,,,,,,,,,,
11-01-021-00079-005919,,,,,,,,,,,,,,,,,,
11-01-021-00079-005920,,,,,,,,,,,,,,,,,,
11-01-021-00079-005921,,,,,,,,,,,,,,,,,,
11-01-021-00079-005922,,,,,,,,,,,,,,,,,,
11-01-021-00079-005923,,,,,,,,,,,,,,,,,,
11-01-021-00079-005924,,,,,,,,,,,,,,,,,,
11-01-021-00079-005925,,,,,,,,,,,,,,,,,,
11-01-021-00079-005926,,,,,,,,,,,,,,,,,,
11-01-021-00079-005927,,,,,,,,,,,,,,,,,,
11-01-021-00079-005929,,,,,,,,,,,,,,,,,,
11-01-021-00079-005931,,,,,,,,,,,,,,,,,,
11-01-021-00079-005933,,,,,,,,,,,,,,,,,,
11-01-021-00079-005934,,,,,,,,,,,,,,,,,,
11-01-021-00079-005935,,,,,,,,,,,,,,,,,,
11-01-021-00079-005936,,,,,,,,,,,,,,,,,,
11-01-021-00079-005937,,,,,,,,,,,,,,,,,,
11-01-021-00079-005938,,,,,,,,,,,,,,,,,,
11-01-021-00079-005939,,,,,,,,,,,,,,,,,,
11-01-021-00079-005940,,,,,,,,,,,,,,,,,,
11-01-021-00079-005941,,,,,,,,,,,,,,,,,,
11-01-021-00079-005942,,,,,,,,,,,,,,,,,,
11-01-021-00079-005943,,,,,,,,,,,,,,,,,,
11-01-021-00079-005944,,,,,,,,,,,,,,,,,,
11-01-021-00079-005945,,,,,,,,,,,,,,,,,,
11-01-021-00079-005946,,,,,,,,,,,,,,,,,,
11-01-021-00079-005947,,,,,,,,,,,,,,,,,,
11-01-021-00079-005948,,,,,,,,,,,,,,,,,,
11-01-021-00079-005949,,,,,,,,,,,,,,,,,,
11-01-021-00079-005950,,,,,,,,,,,,,,,,,,
11-01-021-00079-005951,2008-09-03,,2010-03-01,,2009-06-17,,2006.0,,3.0,,112.9,,118.09,,0.0,,Sidhra - Ragoora,
11-01-021-00079-005952,2008-09-03,,2010-03-01,,2009-06-17,,2006.0,,3.0,,112.9,,118.09,,0.0,,Sidhra - Ragoora,
11-01-021-00079-005953,,,,,,,,,,,,,,,,,,
11-01-021-00079-005954,,,,,,,,,,,,,,,,,,
11-01-021-00079-005955,,,,,,,,,,,,,,,,,,
11-01-021-00079-005956,,,,,,,,,,,,,,,,,,
11-01-021-00079-005957,,,,,,,,,,,,,,,,,,
11-01-021-00079-005958,,,,,,,,,,,,,,,,,,
11-01-021-00079-005959,2008-09-09,,2009-06-01,,2009-06-09,,2006.0,,2.25,,87.27,,94.49,,0.0,,Kana Chargal - Mela,
11-01-021-00079-005960,,,,,,,,,,,,,,,,,,
11-01-021-00079-005961,2008-10-20,,2013-02-01,,2009-07-27,,2006.0,,5.0,,266.56,,269.24,,0.0,,Jabta - Chalani,
11-01-021-00079-005962,,,,,,,,,,,,,,,,,,
11-01-021-00079-005963,,,,,,,,,,,,,,,,,,
11-01-021-00079-005964,,,,,,,,,,,,,,,,,,
11-01-021-00079-005965,,,,,,,,,,,,,,,,,,
11-01-021-00079-800071,,,,,,,,,,,,,,,,,,
11-01-021-00080-005987,,,,,,,,,,,,,,,,,,
11-01-021-00080-005990,,,,,,,,,,,,,,,,,,
11-01-021-00080-005994,,,,,,,,,,,,,,,,,,
11-01-021-00080-005996,,,,,,,,,,,,,,,,,,
11-01-021-00080-005997,,,,,,,,,,,,,,,,,,
11-01-021-00080-005999,,,,,,,,,,,,,,,,,,
11-01-021-00080-006000,,,,,,,,,,,,,,,,,,
11-01-021-00080-006001,,,,,,,,,,,,,,,,,,
11-01-021-00080-006002,,,,,,,,,,,,,,,,,,
11-01-021-00080-006004,,,,,,,,,,,,,,,,,,
11-01-021-00080-006005,,,,,,,,,,,,,,,,,,
11-01-021-00080-006006,,,,,,,,,,,,,,,,,,
11-01-021-00080-006007,,,,,,,,,,,,,,,,,,
11-01-021-00080-006008,,,,,,,,,,,,,,,,,,
11-01-021-00080-006009,,,,,,,,,,,,,,,,,,
11-01-021-00080-006010,,,,,,,,,,,,,,,,,,
11-01-021-00080-006011,,,,,,,,,,,,,,,,,,
11-01-021-00080-006013,,,,,,,,,,,,,,,,,,
11-01-021-00080-006014,,,,,,,,,,,,,,,,,,
11-01-021-00080-006015,2009-08-24,,2011-10-01,,2010-03-08,,2004.0,,0.52,,15.26,,12.52,,0.0,,Miran Sahib - Darsopur,
11-01-021-00080-006016,,,,,,,,,,,,,,,,,,
11-01-021-00080-006017,,,,,,,,,,,,,,,,,,
11-01-021-00080-006018,,,,,,,,,,,,,,,,,,
11-01-021-00080-006019,,,,,,,,,,,,,,,,,,
11-01-021-00080-006020,,,,,,,,,,,,,,,,,,
11-01-021-00080-006021,2008-09-06,,2010-03-01,,2009-06-20,,2006.0,,3.18,,72.41,,88.52,,0.0,,Langotian - Bahu,
11-01-021-00080-006022,2008-09-06,,2010-03-01,,2009-06-20,,2006.0,,3.18,,72.41,,88.52,,0.0,,Langotian - Bahu,
11-01-021-00080-006023,2008-09-06,,2010-03-01,,2009-06-20,,2006.0,,3.18,,72.41,,88.52,,0.0,,Langotian - Bahu,
11-01-021-00080-006024,,,,,,,,,,,,,,,,,,
11-01-021-00080-006025,,,,,,,,,,,,,,,,,,
11-01-021-00080-006026,,,,,,,,,,,,,,,,,,
11-01-021-00080-006027,,,,,,,,,,,,,,,,,,
11-01-021-00080-006028,,,,,,,,,,,,,,,,,,
11-01-021-00080-006029,,,,,,,,,,,,,,,,,,
11-01-021-00080-006030,,,,,,,,,,,,,,,,,,
11-01-021-00080-006031,,,,,,,,,,,,,,,,,,
11-01-021-00080-006032,,,,,,,,,,,,,,,,,,
11-01-021-00080-006033,,,,,,,,,,,,,,,,,,
11-01-021-00080-006034,,,,,,,,,,,,,,,,,,
11-01-021-00080-006035,,,,,,,,,,,,,,,,,,
11-01-021-00080-006036,,,,,,,,,,,,,,,,,,
11-01-021-00080-006037,,,,,,,,,,,,,,,,,,
11-01-021-00080-006038,,,,,,,,,,,,,,,,,,
11-01-021-00080-006039,,,,,,,,,,,,,,,,,,
11-01-021-00080-006040,,,,,,,,,,,,,,,,,,
11-01-021-00080-006041,,,,,,,,,,,,,,,,,,
11-01-021-00080-006042,,,,,,,,,,,,,,,,,,
11-01-021-00080-006043,,,,,,,,,,,,,,,,,,
11-01-021-00080-006044,,,,,,,,,,,,,,,,,,
11-01-021-00080-006045,,,,,,,,,,,,,,,,,,
11-01-021-00080-006046,,,,,,,,,,,,,,,,,,
11-01-021-00080-006047,,,,,,,,,,,,,,,,,,
11-01-021-00080-006048,,,,,,,,,,,,,,,,,,
11-01-021-00080-006049,,,,,,,,,,,,,,,,,,
11-01-021-00080-006050,,,,,,,,,,,,,,,,,,
11-01-021-00080-006052,,,,,,,,,,,,,,,,,,
11-01-021-00080-006053,,,,,,,,,,,,,,,,,,
11-01-021-00080-006054,,,,,,,,,,,,,,,,,,
11-01-021-00080-006055,,,,,,,,,,,,,,,,,,
11-01-021-00080-006056,,,,,,,,,,,,,,,,,,
11-01-021-00080-006057,,,,,,,,,,,,,,,,,,
11-01-021-00080-006058,,,,,,,,,,,,,,,,,,
11-01-021-00080-006059,,,,,,,,,,,,,,,,,,
11-01-021-00080-006060,,,,,,,,,,,,,,,,,,
11-01-021-00080-006061,,,,,,,,,,,,,,,,,,
11-01-021-00080-006062,,,,,,,,,,,,,,,,,,
11-01-021-00080-006063,,,,,,,,,,,,,,,,,,
11-01-021-00080-006065,,,,,,,,,,,,,,,,,,
11-01-021-00080-006066,,,,,,,,,,,,,,,,,,
11-01-021-00080-006067,,,,,,,,,,,,,,,,,,
11-01-021-00080-006068,,,,,,,,,,,,,,,,,,
11-01-021-00080-006069,,,,,,,,,,,,,,,,,,
11-01-021-00080-006070,,,,,,,,,,,,,,,,,,
11-01-021-00080-006071,2008-09-30,,2012-11-01,,2009-07-14,,2006.0,,0.82,,10.43,,32.42,,0.0,,Bagazina - Jindhelar,
11-01-021-00080-006072,,,,,,,,,,,,,,,,,,
11-01-021-00080-006073,,,,,,,,,,,,,,,,,,
11-01-021-00080-006074,,,,,,,,,,,,,,,,,,
11-01-021-00080-006075,,,,,,,,,,,,,,,,,,
11-01-021-00080-006076,,,,,,,,,,,,,,,,,,
11-01-021-00080-006077,,,,,,,,,,,,,,,,,,
11-01-021-00080-006078,,,,,,,,,,,,,,,,,,
11-01-021-00080-006079,,,,,,,,,,,,,,,,,,
11-01-021-00080-006080,2008-09-06,,2011-07-01,,2009-06-20,,2006.0,,0.64,,16.5,,26.52,,0.0,,R.S.Pura Mellu road - Raipur Gujjran,
11-01-021-00080-006081,,,,,,,,,,,,,,,,,,
11-01-021-00080-006082,,,,,,,,,,,,,,,,,,
11-01-021-00080-006083,,,,,,,,,,,,,,,,,,
11-01-021-00080-006084,,,,,,,,,,,,,,,,,,
11-01-021-00080-006085,,,,,,,,,,,,,,,,,,
11-01-021-00080-006086,,,,,,,,,,,,,,,,,,
11-01-021-00080-006087,,,,,,,,,,,,,,,,,,
11-01-021-00080-006088,,,,,,,,,,,,,,,,,,
11-01-021-00080-006089,,,,,,,,,,,,,,,,,,
11-01-021-00080-006090,,,,,,,,,,,,,,,,,,
11-01-021-00080-006091,,,,,,,,,,,,,,,,,,
11-01-021-00080-006092,,,,,,,,,,,,,,,,,,
11-01-021-00080-006093,,,,,,,,,,,,,,,,,,
11-01-021-00080-006095,,,,,,,,,,,,,,,,,,
11-01-021-00080-006097,2008-06-04,,2010-04-01,,2008-12-11,,2003.0,,3.1,,99.59,,107.36,,0.0,,FLORA GULAB GARH VIA SUCHETGARH,
11-01-021-00080-006098,,,,,,,,,,,,,,,,,,
11-01-021-00080-006100,,,,,,,,,,,,,,,,,,
11-01-021-00080-006101,2008-06-04,,2010-04-01,,2008-12-11,,2003.0,,3.1,,99.59,,107.36,,0.0,,FLORA GULAB GARH VIA SUCHETGARH,
11-01-021-00080-006102,,,,,,,,,,,,,,,,,,
11-01-021-00080-006103,,,,,,,,,,,,,,,,,,
11-01-021-00080-006105,,,,,,,,,,,,,,,,,,
11-01-021-00080-006106,,,,,,,,,,,,,,,,,,
11-01-021-00080-006107,,,,,,,,,,,,,,,,,,
11-01-021-00080-006108,,,,,,,,,,,,,,,,,,
11-01-021-00080-006109,,,,,,,,,,,,,,,,,,
11-01-021-00080-006110,,,,,,,,,,,,,,,,,,
11-01-021-00080-006112,,,,,,,,,,,,,,,,,,
11-01-021-00080-006113,,,,,,,,,,,,,,,,,,
11-01-021-00080-006114,,,,,,,,,,,,,,,,,,
11-01-021-00080-006115,,,,,,,,,,,,,,,,,,
11-01-021-00080-006116,,,,,,,,,,,,,,,,,,
11-01-021-00080-006117,,,,,,,,,,,,,,,,,,
11-01-021-00080-006118,,,,,,,,,,,,,,,,,,
11-01-021-00080-006119,,,,,,,,,,,,,,,,,,
11-01-021-00080-006120,,,,,,,,,,,,,,,,,,
11-01-021-00080-006121,,,,,,,,,,,,,,,,,,
11-01-021-00080-006122,,,,,,,,,,,,,,,,,,
11-01-021-00080-006123,,,,,,,,,,,,,,,,,,
11-01-021-00080-006124,,,,,,,,,,,,,,,,,,
11-01-021-00080-006125,,,,,,,,,,,,,,,,,,
11-01-021-00080-006126,,,,,,,,,,,,,,,,,,
11-01-021-00080-006127,,,,,,,,,,,,,,,,,,
11-01-021-00080-006128,,,,,,,,,,,,,,,,,,
11-01-021-00080-006129,,,,,,,,,,,,,,,,,,
11-01-021-00080-006130,,,,,,,,,,,,,,,,,,
11-01-021-00080-006131,,,,,,,,,,,,,,,,,,
11-01-021-00080-006132,,,,,,,,,,,,,,,,,,
11-01-021-00080-006133,,,,,,,,,,,,,,,,,,
11-01-021-00080-006134,,,,,,,,,,,,,,,,,,
11-01-021-00080-006135,,,,,,,,,,,,,,,,,,
11-01-021-00080-006136,,,,,,,,,,,,,,,,,,
11-01-021-00080-006138,,,,,,,,,,,,,,,,,,
11-01-021-00080-006139,,,,,,,,,,,,,,,,,,
11-01-021-00080-006143,,,,,,,,,,,,,,,,,,
11-01-021-00080-006145,,,,,,,,,,,,,,,,,,
11-01-021-00080-006146,,,,,,,,,,,,,,,,,,
11-01-021-00080-006147,,,,,,,,,,,,,,,,,,
11-01-021-00080-006148,,,,,,,,,,,,,,,,,,
11-01-021-00080-006149,,,,,,,,,,,,,,,,,,
11-01-021-00080-006150,,,,,,,,,,,,,,,,,,
11-01-021-00080-006151,,,,,,,,,,,,,,,,,,
11-01-021-00080-006152,,,,,,,,,,,,,,,,,,
11-01-021-00080-006153,,,,,,,,,,,,,,,,,,
11-01-021-00080-006155,,,,,,,,,,,,,,,,,,
11-01-021-00080-006156,,,,,,,,,,,,,,,,,,
11-01-021-00080-006157,,,,,,,,,,,,,,,,,,
11-01-021-00080-006158,,,,,,,,,,,,,,,,,,
11-01-021-00080-006159,,,,,,,,,,,,,,,,,,
11-01-021-00080-006160,,,,,,,,,,,,,,,,,,
11-01-021-00080-006162,,,2004-03-01,,,,2001.0,,1.27,,30.55,,30.18,,0.0,,Main road - jagwal,
11-01-021-00080-006165,,,,,,,,,,,,,,,,,,
11-01-021-00080-006168,,,,,,,,,,,,,,,,,,
11-01-021-00080-006170,,,,,,,,,,,,,,,,,,
11-01-021-00080-006171,,,,,,,,,,,,,,,,,,
11-01-021-00080-006172,,,,,,,,,,,,,,,,,,
11-01-021-00080-006173,,,,,,,,,,,,,,,,,,
11-01-021-00080-006176,,,,,,,,,,,,,,,,,,
11-01-021-00080-006177,,,,,,,,,,,,,,,,,,
11-01-021-00080-006178,,,,,,,,,,,,,,,,,,
11-01-021-00081-006179,,,,,,,,,,,,,,,,,,
11-01-021-00081-006180,,,,,,,,,,,,,,,,,,
11-01-021-00081-006181,,,,,,,,,,,,,,,,,,
11-01-021-00081-006182,,,,,,,,,,,,,,,,,,
11-01-021-00081-006183,,,,,,,,,,,,,,,,,,
11-01-021-00081-006184,,,,,,,,,,,,,,,,,,
11-01-021-00081-006185,,,,,,,,,,,,,,,,,,
11-01-021-00081-006186,,,,,,,,,,,,,,,,,,
11-01-021-00081-006187,,,,,,,,,,,,,,,,,,
11-01-021-00081-006188,,,,,,,,,,,,,,,,,,
11-01-021-00081-006189,,,,,,,,,,,,,,,,,,
11-01-021-00081-006190,,,,,,,,,,,,,,,,,,
11-01-021-00081-006191,,,,,,,,,,,,,,,,,,
11-01-021-00081-006192,,,,,,,,,,,,,,,,,,
11-01-021-00081-006193,,,,,,,,,,,,,,,,,,
11-01-021-00081-006194,,,,,,,,,,,,,,,,,,
11-01-021-00081-006195,,,,,,,,,,,,,,,,,,
11-01-021-00081-006196,,,,,,,,,,,,,,,,,,
11-01-021-00081-006197,,,,,,,,,,,,,,,,,,
11-01-021-00081-006198,,,,,,,,,,,,,,,,,,
11-01-021-00081-006199,,,,,,,,,,,,,,,,,,
11-01-021-00081-006200,,,,,,,,,,,,,,,,,,
11-01-021-00081-006201,,,,,,,,,,,,,,,,,,
11-01-021-00081-006202,,,,,,,,,,,,,,,,,,
11-01-021-00081-006203,,,,,,,,,,,,,,,,,,
11-01-021-00081-006204,,,,,,,,,,,,,,,,,,
11-01-021-00081-006205,,,,,,,,,,,,,,,,,,
11-01-021-00081-006206,,,,,,,,,,,,,,,,,,
11-01-021-00081-006207,,,,,,,,,,,,,,,,,,
11-01-021-00081-006208,,,,,,,,,,,,,,,,,,
11-01-021-00081-006209,,2009-03-02,,2012-03-01,,2010-09-16,,2006.0,,12.65,,381.23,,443.01,,0.0,,Sarore - Arnia
11-01-021-00081-006210,,,,,,,,,,,,,,,,,,
11-01-021-00081-006213,,,,,,,,,,,,,,,,,,
11-01-021-00081-006214,,,,,,,,,,,,,,,,,,
11-01-021-00081-006215,,,,,,,,,,,,,,,,,,
11-01-021-00081-006216,,,,,,,,,,,,,,,,,,
11-01-021-00081-006217,,,,,,,,,,,,,,,,,,
11-01-021-00081-006218,,,,,,,,,,,,,,,,,,
11-01-021-00081-006219,,,,,,,,,,,,,,,,,,
11-01-021-00081-006220,,,,,,,,,,,,,,,,,,
11-01-021-00081-006221,,,,,,,,,,,,,,,,,,
11-01-021-00081-006222,,,,,,,,,,,,,,,,,,
11-01-021-00081-006223,,,,,,,,,,,,,,,,,,
11-01-021-00081-006224,,,,,,,,,,,,,,,,,,
11-01-021-00081-006225,,,,,,,,,,,,,,,,,,
11-01-021-00081-006226,,,,,,,,,,,,,,,,,,
11-01-021-00081-006227,,,,,,,,,,,,,,,,,,
11-01-021-00081-006228,,,,,,,,,,,,,,,,,,
11-01-021-00081-006229,,,,,,,,,,,,,,,,,,
11-01-021-00081-006230,,,,,,,,,,,,,,,,,,
11-01-021-00081-006231,,,,,,,,,,,,,,,,,,
11-01-021-00081-006233,,2009-03-02,,2012-03-01,,2010-09-16,,2006.0,,12.65,,381.23,,443.01,,0.0,,Sarore - Arnia
11-01-021-00081-006234,,2009-03-02,,2012-03-01,,2010-09-16,,2006.0,,12.65,,381.23,,443.01,,0.0,,Sarore - Arnia
11-01-021-00081-006235,,,,,,,,,,,,,,,,,,
11-01-021-00081-006236,,,,,,,,,,,,,,,,,,
11-01-021-00081-006237,,,,,,,,,,,,,,,,,,
11-01-021-00081-006238,,,,,,,,,,,,,,,,,,
11-01-021-00081-006239,,,,,,,,,,,,,,,,,,
11-01-021-00081-006240,,,,,,,,,,,,,,,,,,
11-01-021-00081-006241,,,,,,,,,,,,,,,,,,
11-01-021-00081-006242,,,,,,,,,,,,,,,,,,
11-01-021-00081-006243,,,,,,,,,,,,,,,,,,
11-01-021-00081-006244,,,,,,,,,,,,,,,,,,
11-01-021-00081-006245,,,,,,,,,,,,,,,,,,
11-01-021-00081-006246,,,,,,,,,,,,,,,,,,
11-01-021-00081-006247,,2009-03-02,,2012-03-01,,2010-09-16,,2006.0,,12.65,,381.23,,443.01,,0.0,,Sarore - Arnia
11-01-021-00081-006248,,2009-03-02,,2012-03-01,,2010-09-16,,2006.0,,12.65,,381.23,,443.01,,0.0,,Sarore - Arnia
11-01-021-00081-006249,,2009-03-02,,2012-03-01,,2010-09-16,,2006.0,,12.65,,381.23,,443.01,,0.0,,Sarore - Arnia
11-01-021-00081-006250,,2009-03-02,,2012-03-01,,2010-09-16,,2006.0,,12.65,,381.23,,443.01,,0.0,,Sarore - Arnia
11-01-021-00081-006251,,2009-03-02,,2012-03-01,,2010-09-16,,2006.0,,12.65,,381.23,,443.01,,0.0,,Sarore - Arnia
11-01-021-00081-006252,,2009-03-02,,2012-03-01,,2010-09-16,,2006.0,,12.65,,381.23,,443.01,,0.0,,Sarore - Arnia
11-01-021-00081-006253,,,2004-03-01,,,,2000.0,,3.15,,99.36,,99.4,,0.0,,Arnia Bridge to Basti No 2 Pachail,
11-01-021-00081-006254,,,,,,,,,,,,,,,,,,
11-01-021-00081-006255,,,,,,,,,,,,,,,,,,
11-01-021-00081-006256,,2009-03-02,,2012-03-01,,2010-09-16,,2006.0,,12.65,,381.23,,443.01,,0.0,,Sarore - Arnia
11-01-021-00081-006257,,2009-03-02,,2012-03-01,,2010-09-16,,2006.0,,12.65,,381.23,,443.01,,0.0,,Sarore - Arnia
11-01-021-00081-006258,,2009-03-02,,2012-03-01,,2010-09-16,,2006.0,,12.65,,381.23,,443.01,,0.0,,Sarore - Arnia
11-01-021-00081-006259,,2009-03-02,,2012-03-01,,2010-09-16,,2006.0,,12.65,,381.23,,443.01,,0.0,,Sarore - Arnia
11-01-021-00081-006260,,,,,,,,,,,,,,,,,,
11-01-021-00081-006261,,,,,,,,,,,,,,,,,,
11-01-021-00081-006262,,,,,,,,,,,,,,,,,,
11-01-021-00081-006263,,,,,,,,,,,,,,,,,,
11-01-021-00081-006264,,,,,,,,,,,,,,,,,,
11-01-021-00081-006268,,,,,,,,,,,,,,,,,,
11-01-021-00081-006269,,,,,,,,,,,,,,,,,,
11-01-021-00081-006270,,,,,,,,,,,,,,,,,,
11-01-021-00081-006272,,,,,,,,,,,,,,,,,,
11-01-021-00081-006273,,,,,,,,,,,,,,,,,,
11-01-021-00081-006274,,,,,,,,,,,,,,,,,,
11-01-021-00081-006275,,,,,,,,,,,,,,,,,,
11-01-021-00081-006276,,,,,,,,,,,,,,,,,,
11-01-021-00081-006279,,,,,,,,,,,,,,,,,,
11-01-021-00081-006280,,,,,,,,,,,,,,,,,,
11-01-021-00081-006281,,,,,,,,,,,,,,,,,,
11-01-021-00081-006283,,,,,,,,,,,,,,,,,,
11-01-021-00081-006288,,,,,,,,,,,,,,,,,,
11-01-021-00081-006289,,,,,,,,,,,,,,,,,,
11-01-021-00081-006290,,,,,,,,,,,,,,,,,,
11-01-021-00081-006292,,,,,,,,,,,,,,,,,,
11-01-022-00082-006295,2011-04-13,,2013-10-01,,2012-01-13,,2007.0,,2.0,,72.1,,95.52,,0.0,,Main road Chani - Pardhay,
11-01-022-00082-006296,2010-09-16,,2012-05-01,,2011-03-30,,2004.0,,7.0,,244.11,,239.31,,0.0,,Purmandal - Panjawa,
11-01-022-00082-006297,2008-10-20,,2010-09-01,,2009-07-20,,2006.0,,6.0,,324.77,,326.15,,0.0,,Gurgani - Dhoon,
11-01-022-00082-006298,2010-09-16,,2012-05-01,,2011-03-30,,2004.0,,7.0,,244.11,,239.31,,0.0,,Purmandal - Panjawa,
11-01-022-00082-006299,,,,,,,,,,,,,,,,,,
11-01-022-00082-006300,,,,,,,,,,,,,,,,,,
11-01-022-00082-006301,2011-03-22,,,,,,2007.0,,,,,,,,,,,
11-01-022-00082-006302,2011-03-22,,,,,,2007.0,,,,,,,,,,,
11-01-022-00082-006303,,,,,,,,,,,,,,,,,,
11-01-022-00082-006304,2011-03-22,,,,,,2007.0,,,,,,,,,,,
11-01-022-00082-006305,,,,,,,,,,,,,,,,,,
11-01-022-00082-006306,,,,,,,,,,,,,,,,,,
11-01-022-00082-006307,,,,,,,,,,,,,,,,,,
11-01-022-00082-006308,,,,,,,,,,,,,,,,,,
11-01-022-00082-006309,,,,,,,,,,,,,,,,,,
11-01-022-00082-006310,,,,,,,,,,,,,,,,,,
11-01-022-00082-006311,,,,,,,,,,,,,,,,,,
11-01-022-00082-006312,,,,,,,,,,,,,,,,,,
11-01-022-00082-006313,2008-09-09,,2014-02-01,,2009-06-23,,2006.0,,3.23,,172.92,,175.63,,0.0,,Nud - Sarian (Nud to Danoh),
11-01-022-00082-006314,2008-09-09,,2014-02-01,,2009-06-23,,2006.0,,3.23,,172.92,,175.63,,0.0,,Nud - Sarian (Nud to Danoh),
11-01-022-00082-006315,,,,,,,,,,,,,,,,,,
11-01-022-00082-006316,2008-09-09,,2014-02-01,,2009-06-23,,2006.0,,3.23,,172.92,,175.63,,0.0,,Nud - Sarian (Nud to Danoh),
11-01-022-00082-006317,,,,,,,,,,,,,,,,,,
11-01-022-00082-006318,,,,,,,,,,,,,,,,,,
11-01-022-00082-006319,,,,,,,,,,,,,,,,,,
11-01-022-00082-006320,2011-04-30,,2013-02-01,,2012-01-30,,2007.0,,3.5,,242.35,,258.16,,0.0,,Purmandal - Sangar,
11-01-022-00082-006321,,,,,,,,,,,,,,,,,,
11-01-022-00082-006322,,,,,,,,,,,,,,,,,,
11-01-022-00082-006323,,,,,,,,,,,,,,,,,,
11-01-022-00082-006324,,,,,,,,,,,,,,,,,,
11-01-022-00082-006325,,,,,,,,,,,,,,,,,,
11-01-022-00082-006326,,,,,,,,,,,,,,,,,,
11-01-022-00082-006327,,,,,,,,,,,,,,,,,,
11-01-022-00082-006328,,,,,,,,,,,,,,,,,,
11-01-022-00082-006329,,,,,,,,,,,,,,,,,,
11-01-022-00082-006330,,,,,,,,,,,,,,,,,,
11-01-022-00082-006331,,,,,,,,,,,,,,,,,,
11-01-022-00082-006332,,,,,,,,,,,,,,,,,,
11-01-022-00082-006333,,,,,,,,,,,,,,,,,,
11-01-022-00082-006334,,,,,,,,,,,,,,,,,,
11-01-022-00082-006335,,,,,,,,,,,,,,,,,,
11-01-022-00082-006336,,,,,,,,,,,,,,,,,,
11-01-022-00082-006337,,,,,,,,,,,,,,,,,,
11-01-022-00082-006338,2010-12-04,,2012-03-01,,2011-09-14,,2007.0,,2.15,,99.87,,124.47,,0.0,,Kaluchak Purmandal Road - Sardal,
11-01-022-00082-006339,,,,,,,,,,,,,,,,,,
11-01-022-00082-006340,,,,,,,,,,,,,,,,,,
11-01-022-00082-006341,,,,,,,,,,,,,,,,,,
11-01-022-00082-006342,,,,,,,,,,,,,,,,,,
11-01-022-00082-006343,,,,,,,,,,,,,,,,,,
11-01-022-00082-006344,,,,,,,,,,,,,,,,,,
11-01-022-00082-006345,,,,,,,,,,,,,,,,,,
11-01-022-00082-006346,,,,,,,,,,,,,,,,,,
11-01-022-00082-006347,,,,,,,,,,,,,,,,,,
11-01-022-00082-006348,2011-03-22,,,,,,2007.0,,,,,,,,,,,
11-01-022-00082-006350,2008-09-09,,2014-02-01,,2009-06-23,,2006.0,,3.23,,172.92,,175.63,,0.0,,Nud - Sarian (Nud to Danoh),
11-01-022-00082-006351,,,,,,,,,,,,,,,,,,
11-01-022-00082-006352,,,,,,,,,,,,,,,,,,
11-01-022-00082-006353,2011-03-22,,,,,,2007.0,,,,,,,,,,,
11-01-022-00082-006354,2011-03-22,,,,,,2007.0,,,,,,,,,,,
11-01-022-00082-006355,2011-03-22,,,,,,2007.0,,,,,,,,,,,
11-01-022-00082-006356,2011-03-22,,,,,,2007.0,,,,,,,,,,,
11-01-022-00082-006357,,,,,,,,,,,,,,,,,,
11-01-022-00082-006358,2011-03-22,,,,,,2007.0,,,,,,,,,,,
11-01-022-00082-006359,,,,,,,,,,,,,,,,,,
11-01-022-00082-006360,2011-03-22,,,,,,2007.0,,,,,,,,,,,
11-01-022-00082-006361,,,,,,,,,,,,,,,,,,
11-01-022-00082-006362,,,,,,,,,,,,,,,,,,
11-01-022-00082-006363,,,,,,,,,,,,,,,,,,
11-01-022-00082-006364,,,,,,,,,,,,,,,,,,
11-01-022-00082-006365,,,,,,,,,,,,,,,,,,
11-01-022-00082-006366,,,,,,,,,,,,,,,,,,
11-01-022-00082-006367,,,,,,,,,,,,,,,,,,
11-01-022-00082-006368,,,,,,,,,,,,,,,,,,
11-01-022-00082-006369,,,,,,,,,,,,,,,,,,
11-01-022-00082-006370,,,,,,,,,,,,,,,,,,
11-01-022-00082-006371,,,,,,,,,,,,,,,,,,
11-01-022-00082-006372,,,,,,,,,,,,,,,,,,
11-01-022-00082-006373,,,,,,,,,,,,,,,,,,
11-01-022-00082-006374,,,,,,,,,,,,,,,,,,
11-01-022-00082-006375,,,,,,,,,,,,,,,,,,
11-01-022-00082-006376,,,,,,,,,,,,,,,,,,
11-01-022-00082-006377,,,,,,,,,,,,,,,,,,
11-01-022-00082-006379,,,,,,,,,,,,,,,,,,
11-01-022-00082-006380,,,,,,,,,,,,,,,,,,
11-01-022-00082-006381,,,,,,,,,,,,,,,,,,
11-01-022-00082-006382,,,,,,,,,,,,,,,,,,
11-01-022-00082-006383,,,,,,,,,,,,,,,,,,
11-01-022-00082-006384,,,,,,,,,,,,,,,,,,
11-01-022-00082-006385,,,,,,,,,,,,,,,,,,
11-01-022-00082-006386,,,,,,,,,,,,,,,,,,
11-01-022-00082-006387,2011-03-22,,,,,,2007.0,,,,,,,,,,,
11-01-022-00082-006388,,,,,,,,,,,,,,,,,,
11-01-022-00082-006389,2011-03-22,,,,,,2007.0,,,,,,,,,,,
11-01-022-00082-006390,,,,,,,,,,,,,,,,,,
11-01-022-00082-006391,,,,,,,,,,,,,,,,,,
11-01-022-00082-006392,,,,,,,,,,,,,,,,,,
11-01-022-00082-006393,,,,,,,,,,,,,,,,,,
11-01-022-00082-006394,,,,,,,,,,,,,,,,,,
11-01-022-00082-006395,,,,,,,,,,,,,,,,,,
11-01-022-00082-006397,,,,,,,,,,,,,,,,,,
11-01-022-00082-006398,,,,,,,,,,,,,,,,,,
11-01-022-00082-006399,,,,,,,,,,,,,,,,,,
11-01-022-00082-006401,,,,,,,,,,,,,,,,,,
11-01-022-00082-006402,,,,,,,,,,,,,,,,,,
11-01-022-00082-006403,,,,,,,,,,,,,,,,,,
11-01-022-00082-006404,,,,,,,,,,,,,,,,,,
11-01-022-00082-006406,,,,,,,,,,,,,,,,,,
11-01-022-00082-006407,,,,,,,,,,,,,,,,,,
11-01-022-00082-006408,,,,,,,,,,,,,,,,,,
11-01-022-00082-006409,,,,,,,,,,,,,,,,,,
11-01-022-00082-006410,,,,,,,,,,,,,,,,,,
11-01-022-00082-006411,,,,,,,,,,,,,,,,,,
11-01-022-00082-006412,,,,,,,,,,,,,,,,,,
11-01-022-00082-006413,,,,,,,,,,,,,,,,,,
11-01-022-00082-006414,,,,,,,,,,,,,,,,,,
11-01-022-00082-006415,,,,,,,,,,,,,,,,,,
11-01-022-00082-006416,,,,,,,,,,,,,,,,,,
11-01-022-00082-006417,,,,,,,,,,,,,,,,,,
11-01-022-00082-006418,,,,,,,,,,,,,,,,,,
11-01-022-00082-006419,,,,,,,,,,,,,,,,,,
11-01-022-00082-006420,,,,,,,,,,,,,,,,,,
11-01-022-00082-006421,,,,,,,,,,,,,,,,,,
11-01-022-00082-006422,,,,,,,,,,,,,,,,,,
11-01-022-00082-006423,,,,,,,,,,,,,,,,,,
11-01-022-00082-006424,,,,,,,,,,,,,,,,,,
11-01-022-00082-006425,,,,,,,,,,,,,,,,,,
11-01-022-00082-006426,,,,,,,,,,,,,,,,,,
11-01-022-00082-006427,,,,,,,,,,,,,,,,,,
11-01-022-00082-006428,,,,,,,,,,,,,,,,,,
11-01-022-00082-006429,,,,,,,,,,,,,,,,,,
11-01-022-00082-006430,,,,,,,,,,,,,,,,,,
11-01-022-00082-006431,,,,,,,,,,,,,,,,,,
11-01-022-00082-006432,,,,,,,,,,,,,,,,,,
11-01-022-00082-006433,,,,,,,,,,,,,,,,,,
11-01-022-00082-006434,,,,,,,,,,,,,,,,,,
11-01-022-00082-006436,,,,,,,,,,,,,,,,,,
11-01-022-00082-006437,,,,,,,,,,,,,,,,,,
11-01-022-00082-006438,,,,,,,,,,,,,,,,,,
11-01-022-00082-006439,,,,,,,,,,,,,,,,,,
11-01-022-00082-006440,,,,,,,,,,,,,,,,,,
11-01-022-00082-006441,,,,,,,,,,,,,,,,,,
11-01-022-00082-006442,,,,,,,,,,,,,,,,,,
11-01-022-00082-006443,,,,,,,,,,,,,,,,,,
11-01-022-00082-006444,,,,,,,,,,,,,,,,,,
11-01-022-00082-006445,,,,,,,,,,,,,,,,,,
11-01-022-00082-006446,,,,,,,,,,,,,,,,,,
11-01-022-00082-006447,,,,,,,,,,,,,,,,,,
11-01-022-00082-006448,,,,,,,,,,,,,,,,,,
11-01-022-00082-006449,,,,,,,,,,,,,,,,,,
11-01-022-00082-006450,,,,,,,,,,,,,,,,,,
11-01-022-00082-006451,,,,,,,,,,,,,,,,,,
11-01-022-00082-006452,2008-08-12,,2009-03-01,,2009-05-26,,2006.0,,1.73,,42.57,,43.24,,0.0,,Samba Sumb road - Pangwal,
11-01-022-00082-006453,,,,,,,,,,,,,,,,,,
11-01-022-00082-006454,,,,,,,,,,,,,,,,,,
11-01-022-00082-006455,,,,,,,,,,,,,,,,,,
11-01-022-00082-006456,,,,,,,,,,,,,,,,,,
11-01-022-00082-006457,,,,,,,,,,,,,,,,,,
11-01-022-00082-006458,,,,,,,,,,,,,,,,,,
11-01-022-00082-006459,,,,,,,,,,,,,,,,,,
11-01-022-00082-006460,,,,,,,,,,,,,,,,,,
11-01-022-00082-006461,,,,,,,,,,,,,,,,,,
11-01-022-00082-006462,,,,,,,,,,,,,,,,,,
11-01-022-00082-006463,,,,,,,,,,,,,,,,,,
11-01-022-00082-006464,,,,,,,,,,,,,,,,,,
11-01-022-00082-006465,,,,,,,,,,,,,,,,,,
11-01-022-00082-006466,,,,,,,,,,,,,,,,,,
11-01-022-00082-006467,,,,,,,,,,,,,,,,,,
11-01-022-00082-006468,,,,,,,,,,,,,,,,,,
11-01-022-00082-006469,,,,,,,,,,,,,,,,,,
11-01-022-00082-006471,,,,,,,,,,,,,,,,,,
11-01-022-00082-006472,,,,,,,,,,,,,,,,,,
11-01-022-00082-006473,,,,,,,,,,,,,,,,,,
11-01-022-00082-006474,,,,,,,,,,,,,,,,,,
11-01-022-00082-006475,,,,,,,,,,,,,,,,,,
11-01-022-00082-006480,,,,,,,,,,,,,,,,,,
11-01-022-00082-006481,,,,,,,,,,,,,,,,,,
11-01-022-00082-006482,,,,,,,,,,,,,,,,,,
11-01-022-00082-006483,,,,,,,,,,,,,,,,,,
11-01-022-00082-006484,,,,,,,,,,,,,,,,,,
11-01-022-00082-006485,,,,,,,,,,,,,,,,,,
11-01-022-00082-006486,,,,,,,,,,,,,,,,,,
11-01-022-00082-006487,,,,,,,,,,,,,,,,,,
11-01-022-00082-006488,,,,,,,,,,,,,,,,,,
11-01-022-00082-006489,,,,,,,,,,,,,,,,,,
11-01-022-00082-006490,,,,,,,,,,,,,,,,,,
11-01-022-00082-006491,,,,,,,,,,,,,,,,,,
11-01-022-00082-006492,,,,,,,,,,,,,,,,,,
11-01-022-00082-006493,,,,,,,,,,,,,,,,,,
11-01-022-00082-006494,,,,,,,,,,,,,,,,,,
11-01-022-00082-006495,,,,,,,,,,,,,,,,,,
11-01-022-00082-006496,,,,,,,,,,,,,,,,,,
11-01-022-00082-006497,,,,,,,,,,,,,,,,,,
11-01-022-00082-006498,,,,,,,,,,,,,,,,,,
11-01-022-00082-006499,,,,,,,,,,,,,,,,,,
11-01-022-00082-006500,,,,,,,,,,,,,,,,,,
11-01-022-00082-006501,,,,,,,,,,,,,,,,,,
11-01-022-00082-006502,,,,,,,,,,,,,,,,,,
11-01-022-00082-006503,,,,,,,,,,,,,,,,,,
11-01-022-00082-006504,,,,,,,,,,,,,,,,,,
11-01-022-00082-006506,,,,,,,,,,,,,,,,,,
11-01-022-00082-006507,,,,,,,,,,,,,,,,,,
11-01-022-00082-006508,,,,,,,,,,,,,,,,,,
11-01-022-00082-006509,,,,,,,,,,,,,,,,,,
11-01-022-00082-006510,,,,,,,,,,,,,,,,,,
11-01-022-00082-006511,,,,,,,,,,,,,,,,,,
11-01-022-00082-006512,,,,,,,,,,,,,,,,,,
11-01-022-00082-006513,,,,,,,,,,,,,,,,,,
11-01-022-00082-006514,,,,,,,,,,,,,,,,,,
11-01-022-00082-006515,,,,,,,,,,,,,,,,,,
11-01-022-00082-006516,,,,,,,,,,,,,,,,,,
11-01-022-00082-006517,,,,,,,,,,,,,,,,,,
11-01-022-00082-006518,,,,,,,,,,,,,,,,,,
11-01-022-00082-006519,,,,,,,,,,,,,,,,,,
11-01-022-00082-006520,,,,,,,,,,,,,,,,,,
11-01-022-00082-006521,,,,,,,,,,,,,,,,,,
11-01-022-00082-006522,,,,,,,,,,,,,,,,,,
11-01-022-00082-006523,2008-09-10,,2009-02-01,,2009-06-24,,2006.0,,1.0,,33.67,,32.51,,0.0,,Rehian - Khanwal,
11-01-022-00082-006524,,,,,,,,,,,,,,,,,,
11-01-022-00082-006525,,,,,,,,,,,,,,,,,,
11-01-022-00082-006526,,,,,,,,,,,,,,,,,,
11-01-022-00082-006527,,,,,,,,,,,,,,,,,,
11-01-022-00082-006528,,,,,,,,,,,,,,,,,,
11-01-022-00082-006529,,,,,,,,,,,,,,,,,,
11-01-022-00082-006530,,,,,,,,,,,,,,,,,,
11-01-022-00082-006531,,,,,,,,,,,,,,,,,,
11-01-022-00082-006532,,,,,,,,,,,,,,,,,,
11-01-022-00082-006533,,,,,,,,,,,,,,,,,,
11-01-022-00082-006534,,,,,,,,,,,,,,,,,,
11-01-022-00082-006535,,,,,,,,,,,,,,,,,,
11-01-022-00082-006536,,,,,,,,,,,,,,,,,,
11-01-022-00082-006537,,,,,,,,,,,,,,,,,,
11-01-022-00082-006538,,,,,,,,,,,,,,,,,,
11-01-022-00082-006539,,,,,,,,,,,,,,,,,,
11-01-022-00082-006540,,,,,,,,,,,,,,,,,,
11-01-022-00082-006541,,,,,,,,,,,,,,,,,,
11-01-022-00082-006542,,,,,,,,,,,,,,,,,,
11-01-022-00082-006543,,,,,,,,,,,,,,,,,,
11-01-022-00082-006544,,,,,,,,,,,,,,,,,,
11-01-022-00082-006545,,,,,,,,,,,,,,,,,,
11-01-022-00082-006546,,,,,,,,,,,,,,,,,,
11-01-022-00082-006547,,,,,,,,,,,,,,,,,,
11-01-022-00082-006549,,,,,,,,,,,,,,,,,,
11-01-022-00082-006553,,,,,,,,,,,,,,,,,,
11-01-022-00082-006554,,,,,,,,,,,,,,,,,,
11-01-022-00082-006556,,,,,,,,,,,,,,,,,,
11-01-022-00082-006557,,,,,,,,,,,,,,,,,,
11-01-022-00082-006559,,,,,,,,,,,,,,,,,,
11-01-022-00082-006560,,,,,,,,,,,,,,,,,,
11-01-022-00082-006561,,,2007-08-01,,,,2001.0,,3.5,,77.02,,86.63,,0.0,,Ramgarh - Kandral,
11-01-022-00082-006562,,,2007-08-01,,,,2001.0,,3.5,,77.02,,86.63,,0.0,,Ramgarh - Kandral,
11-01-022-00082-006564,,,,,,,,,,,,,,,,,,
11-01-022-00082-006565,,,,,,,,,,,,,,,,,,
11-01-022-00082-006566,,,2007-08-01,,,,2001.0,,3.5,,77.02,,86.63,,0.0,,Ramgarh - Kandral,
11-01-022-00082-006567,,,,,,,,,,,,,,,,,,
11-01-022-00082-006568,,,2007-08-01,,,,2001.0,,3.5,,77.02,,86.63,,0.0,,Ramgarh - Kandral,
11-01-022-00082-006571,,,,,,,,,,,,,,,,,,
11-01-022-00082-006572,,,,,,,,,,,,,,,,,,
11-01-022-00082-006573,,,,,,,,,,,,,,,,,,
11-01-022-00082-006574,,,,,,,,,,,,,,,,,,
11-01-022-00082-006575,,,,,,,,,,,,,,,,,,
11-01-022-00082-006578,,,,,,,,,,,,,,,,,,
11-01-022-00082-006579,,,,,,,,,,,,,,,,,,
11-01-022-00082-006580,,,,,,,,,,,,,,,,,,
11-01-022-00082-006588,,,,,,,,,,,,,,,,,,
11-01-022-00082-006590,,,,,,,,,,,,,,,,,,
11-01-022-00082-006591,,,,,,,,,,,,,,,,,,
11-01-022-00082-006592,,,,,,,,,,,,,,,,,,
11-01-022-00082-006593,,,,,,,,,,,,,,,,,,
11-01-022-00082-006594,,,,,,,,,,,,,,,,,,
11-01-022-00082-006595,,,,,,,,,,,,,,,,,,
11-01-022-00082-006596,,,,,,,,,,,,,,,,,,
11-01-022-00082-006597,,,,,,,,,,,,,,,,,,
11-01-022-00082-006598,,,,,,,,,,,,,,,,,,
11-01-022-00082-006599,,,,,,,,,,,,,,,,,,
11-01-022-00082-006600,,,,,,,,,,,,,,,,,,
11-01-022-00082-006601,,,,,,,,,,,,,,,,,,
11-01-022-00082-006602,,,,,,,,,,,,,,,,,,
11-01-022-00082-006603,,,,,,,,,,,,,,,,,,
11-01-022-00082-006604,,,,,,,,,,,,,,,,,,
11-01-022-00082-006605,,,,,,,,,,,,,,,,,,
11-01-022-00082-006606,,,,,,,,,,,,,,,,,,
11-01-022-00082-006607,,,,,,,,,,,,,,,,,,
11-01-022-00082-006608,,,,,,,,,,,,,,,,,,
11-01-022-00082-006609,,,,,,,,,,,,,,,,,,
11-01-022-00082-006610,,,,,,,,,,,,,,,,,,
11-01-022-00082-006611,,,,,,,,,,,,,,,,,,
11-01-022-00082-006612,,,,,,,,,,,,,,,,,,
11-01-022-00082-006613,,,,,,,,,,,,,,,,,,
11-01-022-00082-006614,,,,,,,,,,,,,,,,,,
11-01-022-00082-006615,,,,,,,,,,,,,,,,,,
11-01-022-00082-006617,,,,,,,,,,,,,,,,,,
11-01-022-00082-006618,,,,,,,,,,,,,,,,,,
11-01-022-00082-006619,,,,,,,,,,,,,,,,,,
11-01-022-00082-006620,,,,,,,,,,,,,,,,,,
11-01-022-00082-006621,,,,,,,,,,,,,,,,,,
11-01-022-00082-006622,,,,,,,,,,,,,,,,,,
11-01-022-00082-006623,,,,,,,,,,,,,,,,,,
11-01-022-00082-006624,,,,,,,,,,,,,,,,,,
11-01-022-00082-006625,,,,,,,,,,,,,,,,,,
11-01-022-00082-006627,,,,,,,,,,,,,,,,,,
11-01-022-00082-006628,,,,,,,,,,,,,,,,,,
11-01-022-00082-006630,,,,,,,,,,,,,,,,,,
11-01-022-00082-006631,,,,,,,,,,,,,,,,,,
11-01-022-00082-006632,,,,,,,,,,,,,,,,,,
11-01-022-00082-006633,,,,,,,,,,,,,,,,,,
11-01-022-00082-006634,,,,,,,,,,,,,,,,,,
11-01-022-00082-006635,,,,,,,,,,,,,,,,,,
11-01-022-00082-006636,,,,,,,,,,,,,,,,,,
11-01-022-00082-006638,,,,,,,,,,,,,,,,,,
11-01-022-00082-006639,,,,,,,,,,,,,,,,,,
11-01-022-00082-006640,,,,,,,,,,,,,,,,,,
11-01-022-00082-006641,,,,,,,,,,,,,,,,,,
11-01-022-00082-006642,,,,,,,,,,,,,,,,,,
11-01-022-00082-006643,,,,,,,,,,,,,,,,,,
11-01-022-00082-006644,,,,,,,,,,,,,,,,,,
11-01-022-00082-006645,,,,,,,,,,,,,,,,,,
11-01-022-00082-006646,,,,,,,,,,,,,,,,,,
11-01-022-00082-006647,,,,,,,,,,,,,,,,,,
11-01-022-00082-006648,,,,,,,,,,,,,,,,,,
11-01-022-00082-006649,,,,,,,,,,,,,,,,,,
11-01-022-00082-006650,,,,,,,,,,,,,,,,,,
11-01-022-00082-006651,,,,,,,,,,,,,,,,,,
11-01-022-00082-006652,,,,,,,,,,,,,,,,,,
11-01-022-00082-006653,,,,,,,,,,,,,,,,,,
11-01-022-00082-006654,,,,,,,,,,,,,,,,,,
11-01-022-00082-006655,,,,,,,,,,,,,,,,,,
11-01-022-00082-006656,,,,,,,,,,,,,,,,,,
11-01-022-00082-006657,,,,,,,,,,,,,,,,,,
11-01-022-00082-006658,,,,,,,,,,,,,,,,,,
11-01-022-00082-006659,,,,,,,,,,,,,,,,,,
11-01-022-00082-006672,,,,,,,,,,,,,,,,,,
11-02-023-00083-006674,,,,,,,,,,,,,,,,,,
11-02-023-00083-006675,,,,,,,,,,,,,,,,,,
11-02-023-00083-006679,,,,,,,,,,,,,,,,,,
11-02-023-00083-006680,,,,,,,,,,,,,,,,,,
11-02-023-00083-006681,,,,,,,,,,,,,,,,,,
11-02-023-00083-006682,,,,,,,,,,,,,,,,,,
11-02-023-00083-006683,,,,,,,,,,,,,,,,,,
11-02-023-00083-006685,,,,,,,,,,,,,,,,,,
11-02-023-00083-006686,,,,,,,,,,,,,,,,,,
11-02-023-00083-006687,,,,,,,,,,,,,,,,,,
11-02-023-00083-006688,,,,,,,,,,,,,,,,,,
11-02-023-00083-006689,,,,,,,,,,,,,,,,,,
11-02-023-00083-006690,,,,,,,,,,,,,,,,,,
11-02-023-00083-006691,,,,,,,,,,,,,,,,,,
11-02-023-00083-006692,,,,,,,,,,,,,,,,,,
11-02-023-00083-006693,,,,,,,,,,,,,,,,,,
11-02-023-00083-006696,,,,,,,,,,,,,,,,,,
11-02-023-00083-006698,,,,,,,,,,,,,,,,,,
11-02-023-00083-006700,,,,,,,,,,,,,,,,,,
11-02-023-00083-006701,,,,,,,,,,,,,,,,,,
11-02-023-00083-006702,,,,,,,,,,,,,,,,,,
11-02-023-00083-006703,,,,,,,,,,,,,,,,,,
11-02-023-00083-006704,,,,,,,,,,,,,,,,,,
11-02-023-00083-006705,,,,,,,,,,,,,,,,,,
11-02-023-00083-006706,,,,,,,,,,,,,,,,,,
11-02-023-00083-006708,,,,,,,,,,,,,,,,,,
11-02-023-00083-006709,,,,,,,,,,,,,,,,,,
11-02-023-00083-006710,,,,,,,,,,,,,,,,,,
11-02-023-00083-006712,,,,,,,,,,,,,,,,,,
11-02-023-00083-006713,,,,,,,,,,,,,,,,,,
11-02-023-00083-006715,,,,,,,,,,,,,,,,,,
11-02-023-00083-006717,,,,,,,,,,,,,,,,,,
11-02-023-00083-006718,,,,,,,,,,,,,,,,,,
11-02-023-00083-006722,,,,,,,,,,,,,,,,,,
11-02-023-00083-006723,,,,,,,,,,,,,,,,,,
11-02-023-00083-006724,,,,,,,,,,,,,,,,,,
11-02-023-00083-006726,,,,,,,,,,,,,,,,,,
11-02-023-00083-006727,,,,,,,,,,,,,,,,,,
11-02-023-00083-006728,,,,,,,,,,,,,,,,,,
11-02-023-00083-006729,,,,,,,,,,,,,,,,,,
11-02-023-00083-006734,,,,,,,,,,,,,,,,,,
11-02-023-00083-006735,,,,,,,,,,,,,,,,,,
11-02-023-00083-006736,,,,,,,,,,,,,,,,,,
11-02-023-00083-006737,,,,,,,,,,,,,,,,,,
11-02-023-00083-006738,,,,,,,,,,,,,,,,,,
11-02-023-00083-006739,,,,,,,,,,,,,,,,,,
11-02-023-00083-006741,,,,,,,,,,,,,,,,,,
11-02-023-00083-006743,,,,,,,,,,,,,,,,,,
11-02-023-00083-006748,,,,,,,,,,,,,,,,,,
11-02-023-00083-006750,,,,,,,,,,,,,,,,,,
11-02-023-00083-006753,,,,,,,,,,,,,,,,,,
11-02-023-00083-006760,,,,,,,,,,,,,,,,,,
11-02-023-00083-006762,,,,,,,,,,,,,,,,,,
11-02-023-00083-006763,,,,,,,,,,,,,,,,,,
11-02-023-00083-006765,,,,,,,,,,,,,,,,,,
11-02-023-00083-006767,,,,,,,,,,,,,,,,,,
11-02-023-00083-006770,,,,,,,,,,,,,,,,,,
11-02-023-00083-006774,,,,,,,,,,,,,,,,,,
11-02-023-00083-006777,,,,,,,,,,,,,,,,,,
11-02-023-00084-006781,,,,,,,,,,,,,,,,,,
11-02-023-00084-006787,,,,,,,,,,,,,,,,,,
11-02-023-00084-006789,,,,,,,,,,,,,,,,,,
11-02-023-00084-006792,,,,,,,,,,,,,,,,,,
11-02-023-00084-006794,,,,,,,,,,,,,,,,,,
11-02-023-00084-006796,,,,,,,,,,,,,,,,,,
11-02-023-00084-006797,,,,,,,,,,,,,,,,,,
11-02-023-00084-006798,,,,,,,,,,,,,,,,,,
11-02-023-00084-006800,,,,,,,,,,,,,,,,,,
11-02-023-00084-006801,,,,,,,,,,,,,,,,,,
11-02-023-00084-006802,,,,,,,,,,,,,,,,,,
11-02-023-00084-006803,,,,,,,,,,,,,,,,,,
11-02-023-00084-006807,,,,,,,,,,,,,,,,,,
11-02-023-00084-006808,,,,,,,,,,,,,,,,,,
11-02-023-00084-006809,,,,,,,,,,,,,,,,,,
11-02-023-00084-006811,,,,,,,,,,,,,,,,,,
11-02-023-00084-006812,,,,,,,,,,,,,,,,,,
11-02-023-00084-006813,,,,,,,,,,,,,,,,,,
11-02-023-00084-006814,,,,,,,,,,,,,,,,,,
11-02-023-00084-006815,,,,,,,,,,,,,,,,,,
11-02-023-00084-006817,,,,,,,,,,,,,,,,,,
11-02-023-00084-006823,,,,,,,,,,,,,,,,,,
11-02-023-00084-006825,,,,,,,,,,,,,,,,,,
11-02-023-00084-006826,,,,,,,,,,,,,,,,,,
11-02-023-00084-006827,,,,,,,,,,,,,,,,,,
11-02-023-00084-006828,,,,,,,,,,,,,,,,,,
11-02-023-00084-006830,,,,,,,,,,,,,,,,,,
11-02-023-00084-006832,,,,,,,,,,,,,,,,,,
11-02-023-00084-006833,,,,,,,,,,,,,,,,,,
11-02-023-00084-006835,,,,,,,,,,,,,,,,,,
11-02-023-00084-006836,,,,,,,,,,,,,,,,,,
11-02-023-00084-006838,,,,,,,,,,,,,,,,,,
11-02-023-00084-006846,,,,,,,,,,,,,,,,,,
11-02-023-00084-006851,,,,,,,,,,,,,,,,,,
11-02-023-00084-006856,,,,,,,,,,,,,,,,,,
11-02-023-00084-006859,,,,,,,,,,,,,,,,,,
11-02-023-00084-006860,,,,,,,,,,,,,,,,,,
11-02-023-00084-006861,,,,,,,,,,,,,,,,,,
11-02-023-00084-006862,,,,,,,,,,,,,,,,,,
11-02-023-00084-006863,,,,,,,,,,,,,,,,,,
11-02-023-00084-006865,,,,,,,,,,,,,,,,,,
11-02-023-00084-006866,,,,,,,,,,,,,,,,,,
11-02-023-00084-006867,,,,,,,,,,,,,,,,,,
11-02-023-00084-006868,,,,,,,,,,,,,,,,,,
11-02-023-00084-006869,,,,,,,,,,,,,,,,,,
11-02-023-00084-006870,,,,,,,,,,,,,,,,,,
11-02-023-00084-006871,,,,,,,,,,,,,,,,,,
11-02-023-00084-006873,,,,,,,,,,,,,,,,,,
11-02-023-00084-006874,,,,,,,,,,,,,,,,,,
11-02-023-00084-006875,,,,,,,,,,,,,,,,,,
11-02-023-00084-006876,,,,,,,,,,,,,,,,,,
11-02-023-00084-006877,,,,,,,,,,,,,,,,,,
11-02-023-00084-006878,,,,,,,,,,,,,,,,,,
11-02-023-00084-006879,,,,,,,,,,,,,,,,,,
11-02-023-00084-006880,,,,,,,,,,,,,,,,,,
11-02-023-00084-006881,,,,,,,,,,,,,,,,,,
11-02-023-00084-006883,,,,,,,,,,,,,,,,,,
11-02-023-00084-006886,,,,,,,,,,,,,,,,,,
11-02-023-00084-006888,,,,,,,,,,,,,,,,,,
11-02-023-00084-006889,,,,,,,,,,,,,,,,,,
11-02-023-00084-006890,,,,,,,,,,,,,,,,,,
11-02-023-00084-006891,,,,,,,,,,,,,,,,,,
11-02-023-00084-006892,,,,,,,,,,,,,,,,,,
11-02-023-00084-006893,,,,,,,,,,,,,,,,,,
11-02-023-00084-006894,,,,,,,,,,,,,,,,,,
11-02-023-00084-006895,,,,,,,,,,,,,,,,,,
11-02-023-00084-006896,,,,,,,,,,,,,,,,,,
11-02-023-00084-006897,,,,,,,,,,,,,,,,,,
11-02-023-00084-006898,,,,,,,,,,,,,,,,,,
11-02-023-00084-006899,,,,,,,,,,,,,,,,,,
11-02-023-00084-006900,,,,,,,,,,,,,,,,,,
11-02-023-00084-006901,,,,,,,,,,,,,,,,,,
11-02-023-00084-006902,,,,,,,,,,,,,,,,,,
11-02-023-00084-006905,,,,,,,,,,,,,,,,,,
11-02-023-00084-006906,,,,,,,,,,,,,,,,,,
11-02-023-00084-006907,,,,,,,,,,,,,,,,,,
11-02-023-00084-006909,,,,,,,,,,,,,,,,,,
11-02-023-00084-006910,,,,,,,,,,,,,,,,,,
11-02-023-00084-006911,,,,,,,,,,,,,,,,,,
11-02-023-00084-006912,,,,,,,,,,,,,,,,,,
11-02-023-00084-006913,,,,,,,,,,,,,,,,,,
11-02-023-00084-006914,,,,,,,,,,,,,,,,,,
11-02-023-00084-006915,,,,,,,,,,,,,,,,,,
11-02-023-00084-006916,,,,,,,,,,,,,,,,,,
11-02-023-00084-006918,,,,,,,,,,,,,,,,,,
11-02-023-00084-006923,,,,,,,,,,,,,,,,,,
11-02-023-00084-006925,,,,,,,,,,,,,,,,,,
11-02-023-00084-006926,,,,,,,,,,,,,,,,,,
11-02-023-00084-006927,,,,,,,,,,,,,,,,,,
11-02-023-00084-006930,,,,,,,,,,,,,,,,,,
11-02-023-00084-006931,,,,,,,,,,,,,,,,,,
11-02-023-00084-006932,,,,,,,,,,,,,,,,,,
11-02-023-00084-006933,,,,,,,,,,,,,,,,,,
11-02-023-00084-006934,,,,,,,,,,,,,,,,,,
11-02-023-00084-006935,,,,,,,,,,,,,,,,,,
11-02-023-00084-006936,,,,,,,,,,,,,,,,,,
11-02-023-00084-006937,,,,,,,,,,,,,,,,,,
11-02-023-00084-006938,,,,,,,,,,,,,,,,,,
11-02-023-00084-006939,,,,,,,,,,,,,,,,,,
11-02-023-00084-006941,,,,,,,,,,,,,,,,,,
11-02-023-00084-006942,,,,,,,,,,,,,,,,,,
11-02-023-00084-006943,,,,,,,,,,,,,,,,,,
11-02-023-00084-006952,,,,,,,,,,,,,,,,,,
11-02-023-00084-006953,,,,,,,,,,,,,,,,,,
11-02-023-00084-006954,,,,,,,,,,,,,,,,,,
11-02-023-00084-006955,,,,,,,,,,,,,,,,,,
11-02-023-00084-006958,,,,,,,,,,,,,,,,,,
11-02-023-00084-006959,,,,,,,,,,,,,,,,,,
11-02-023-00084-006960,,,,,,,,,,,,,,,,,,
11-02-023-00084-006961,,,,,,,,,,,,,,,,,,
11-02-023-00084-006963,,,,,,,,,,,,,,,,,,
11-02-023-00084-006964,,,,,,,,,,,,,,,,,,
11-02-023-00084-006966,,,,,,,,,,,,,,,,,,
11-02-023-00084-006971,,,,,,,,,,,,,,,,,,
11-02-023-00084-006972,,,,,,,,,,,,,,,,,,
11-02-023-00084-006974,,,,,,,,,,,,,,,,,,
11-02-023-00084-006975,,,,,,,,,,,,,,,,,,
11-02-023-00084-006976,,,,,,,,,,,,,,,,,,
11-02-023-00084-006977,,,,,,,,,,,,,,,,,,
11-02-023-00084-006978,,,,,,,,,,,,,,,,,,
11-02-023-00084-006979,,,,,,,,,,,,,,,,,,
11-02-023-00084-006980,,,,,,,,,,,,,,,,,,
11-02-023-00084-006981,,,,,,,,,,,,,,,,,,
11-02-023-00084-006982,,,,,,,,,,,,,,,,,,
11-02-023-00084-006983,,,,,,,,,,,,,,,,,,
11-02-023-00084-006984,,,,,,,,,,,,,,,,,,
11-02-023-00084-006986,,,,,,,,,,,,,,,,,,
11-02-023-00084-006988,,,,,,,,,,,,,,,,,,
11-02-023-00084-006989,,,,,,,,,,,,,,,,,,
11-02-023-00084-006990,,,,,,,,,,,,,,,,,,
11-02-023-00084-006991,,,,,,,,,,,,,,,,,,
11-02-023-00084-006992,,,,,,,,,,,,,,,,,,
11-02-023-00084-006993,,,,,,,,,,,,,,,,,,
11-02-023-00084-006994,,,,,,,,,,,,,,,,,,
11-02-023-00084-006996,,,,,,,,,,,,,,,,,,
11-02-023-00084-006997,,,,,,,,,,,,,,,,,,
11-02-023-00084-006998,,,,,,,,,,,,,,,,,,
11-02-023-00084-006999,,,,,,,,,,,,,,,,,,
11-02-023-00084-007000,,,,,,,,,,,,,,,,,,
11-02-023-00084-007001,,,,,,,,,,,,,,,,,,
11-02-023-00084-007002,,,,,,,,,,,,,,,,,,
11-02-023-00084-007003,,,,,,,,,,,,,,,,,,
11-02-023-00084-007004,,,,,,,,,,,,,,,,,,
11-02-023-00084-007005,,,,,,,,,,,,,,,,,,
11-02-023-00084-007006,,,,,,,,,,,,,,,,,,
11-02-023-00084-007007,,,,,,,,,,,,,,,,,,
11-02-023-00084-007008,,,,,,,,,,,,,,,,,,
11-02-023-00084-007012,,,,,,,,,,,,,,,,,,
11-02-023-00084-007015,,,,,,,,,,,,,,,,,,
11-02-023-00084-007016,,,,,,,,,,,,,,,,,,
11-02-023-00084-007019,,,,,,,,,,,,,,,,,,
11-02-023-00084-007020,,,,,,,,,,,,,,,,,,
11-02-023-00084-007021,,,,,,,,,,,,,,,,,,
11-02-023-00084-007022,,,,,,,,,,,,,,,,,,
11-02-023-00084-007023,,,,,,,,,,,,,,,,,,
11-02-023-00084-007025,,,,,,,,,,,,,,,,,,
11-02-023-00084-007026,,,,,,,,,,,,,,,,,,
11-02-023-00084-007031,,,,,,,,,,,,,,,,,,
11-02-023-00084-007032,,,,,,,,,,,,,,,,,,
11-02-023-00084-007033,,,,,,,,,,,,,,,,,,
11-02-023-00084-007036,,,,,,,,,,,,,,,,,,
11-02-023-00084-007037,,,,,,,,,,,,,,,,,,
11-02-023-00084-007038,,,,,,,,,,,,,,,,,,
11-02-023-00084-007039,,,,,,,,,,,,,,,,,,
11-02-023-00084-007040,,,,,,,,,,,,,,,,,,
11-02-023-00084-007041,,,,,,,,,,,,,,,,,,
11-02-023-00084-007042,,,,,,,,,,,,,,,,,,
11-02-023-00084-007046,,,,,,,,,,,,,,,,,,
11-02-023-00084-007047,,,,,,,,,,,,,,,,,,
11-02-023-00084-007048,,,,,,,,,,,,,,,,,,
11-02-023-00084-007056,,,,,,,,,,,,,,,,,,
11-02-023-00084-007057,,,,,,,,,,,,,,,,,,
11-02-023-00084-007059,,,,,,,,,,,,,,,,,,
11-02-023-00084-007060,,,,,,,,,,,,,,,,,,
11-02-023-00084-007061,,,,,,,,,,,,,,,,,,
11-02-023-00084-007062,,,,,,,,,,,,,,,,,,
11-02-023-00084-007063,,,,,,,,,,,,,,,,,,
11-02-023-00084-007066,,,,,,,,,,,,,,,,,,
11-02-023-00084-007067,,,,,,,,,,,,,,,,,,
11-02-023-00084-007068,,,,,,,,,,,,,,,,,,
11-02-023-00084-007069,,,,,,,,,,,,,,,,,,
11-02-023-00084-007070,,,,,,,,,,,,,,,,,,
11-02-023-00084-007072,,,,,,,,,,,,,,,,,,
11-02-023-00084-007074,,,,,,,,,,,,,,,,,,
11-02-023-00084-007077,,,,,,,,,,,,,,,,,,
11-02-023-00084-007078,,,,,,,,,,,,,,,,,,
11-02-023-00084-007080,,,,,,,,,,,,,,,,,,
11-02-023-00084-007081,,,,,,,,,,,,,,,,,,
11-02-023-00084-007082,,,,,,,,,,,,,,,,,,
11-02-023-00084-007084,,,,,,,,,,,,,,,,,,
11-02-023-00084-007087,,,,,,,,,,,,,,,,,,
11-02-023-00084-007088,,,,,,,,,,,,,,,,,,
11-02-023-00084-007089,,,,,,,,,,,,,,,,,,
11-02-023-00084-007090,,,,,,,,,,,,,,,,,,
11-02-023-00085-007101,,,,,,,,,,,,,,,,,,
11-02-023-00085-007108,,,,,,,,,,,,,,,,,,
11-02-023-00085-007112,,,,,,,,,,,,,,,,,,
11-02-023-00085-007119,,,,,,,,,,,,,,,,,,
11-02-023-00085-007125,,,,,,,,,,,,,,,,,,
11-02-023-00085-007126,,,,,,,,,,,,,,,,,,
11-02-023-00085-007130,,,,,,,,,,,,,,,,,,
11-02-023-00085-007132,,,,,,,,,,,,,,,,,,
11-02-023-00085-007133,,,,,,,,,,,,,,,,,,
11-02-023-00085-007139,,,,,,,,,,,,,,,,,,
11-02-023-00085-007140,,,,,,,,,,,,,,,,,,
11-02-023-00085-007141,,,,,,,,,,,,,,,,,,
11-02-023-00085-007147,,,,,,,,,,,,,,,,,,
11-02-023-00085-007148,,,,,,,,,,,,,,,,,,
11-02-023-00085-007149,,,,,,,,,,,,,,,,,,
11-02-023-00085-007150,,,,,,,,,,,,,,,,,,
11-02-023-00085-007151,,,,,,,,,,,,,,,,,,
11-02-023-00085-007155,,,,,,,,,,,,,,,,,,
11-02-023-00085-007157,,,,,,,,,,,,,,,,,,
11-02-023-00085-007158,,,,,,,,,,,,,,,,,,
11-02-023-00085-007159,,,,,,,,,,,,,,,,,,
11-02-023-00085-007160,,,,,,,,,,,,,,,,,,
11-02-023-00085-007161,,,,,,,,,,,,,,,,,,
11-02-023-00085-007162,,,,,,,,,,,,,,,,,,
11-02-023-00085-007165,,,,,,,,,,,,,,,,,,
11-02-023-00085-007166,,,,,,,,,,,,,,,,,,
11-02-023-00085-007167,,,,,,,,,,,,,,,,,,
11-02-023-00085-007168,,,,,,,,,,,,,,,,,,
11-02-023-00085-007169,,,,,,,,,,,,,,,,,,
11-02-023-00085-007170,,,,,,,,,,,,,,,,,,
11-02-023-00085-007171,,,,,,,,,,,,,,,,,,
11-02-023-00085-007172,,,,,,,,,,,,,,,,,,
11-02-023-00085-007173,,,,,,,,,,,,,,,,,,
11-02-023-00085-007174,,,,,,,,,,,,,,,,,,
11-02-023-00085-007175,,,,,,,,,,,,,,,,,,
11-02-023-00085-007176,,,,,,,,,,,,,,,,,,
11-02-023-00085-007178,,,,,,,,,,,,,,,,,,
11-02-023-00085-007179,,,,,,,,,,,,,,,,,,
11-02-023-00085-007180,,,,,,,,,,,,,,,,,,
11-02-023-00085-007181,,,,,,,,,,,,,,,,,,
11-02-023-00085-007182,,,,,,,,,,,,,,,,,,
11-02-023-00085-007183,,,,,,,,,,,,,,,,,,
11-02-023-00085-007184,,,,,,,,,,,,,,,,,,
11-02-023-00085-007185,,,,,,,,,,,,,,,,,,
11-02-023-00085-007186,,,,,,,,,,,,,,,,,,
11-02-023-00085-007187,,,,,,,,,,,,,,,,,,
11-02-023-00085-007188,,,,,,,,,,,,,,,,,,
11-02-023-00085-007189,,,,,,,,,,,,,,,,,,
11-02-023-00085-007190,,,,,,,,,,,,,,,,,,
11-02-023-00085-007191,,,,,,,,,,,,,,,,,,
11-02-023-00085-007192,,,,,,,,,,,,,,,,,,
11-02-023-00085-007193,,,,,,,,,,,,,,,,,,
11-02-023-00085-007194,,,,,,,,,,,,,,,,,,
11-02-023-00085-007195,,,,,,,,,,,,,,,,,,
11-02-023-00085-007196,,,,,,,,,,,,,,,,,,
11-02-023-00085-007197,,,,,,,,,,,,,,,,,,
11-02-023-00085-007198,,,,,,,,,,,,,,,,,,
11-02-023-00085-007199,,,,,,,,,,,,,,,,,,
11-02-023-00085-007200,,,,,,,,,,,,,,,,,,
11-02-023-00085-007201,,,,,,,,,,,,,,,,,,
11-02-023-00085-007202,,,,,,,,,,,,,,,,,,
11-02-023-00085-007203,,,,,,,,,,,,,,,,,,
11-02-023-00085-007204,,,,,,,,,,,,,,,,,,
11-02-023-00085-007205,,,,,,,,,,,,,,,,,,
11-02-023-00085-007206,,,,,,,,,,,,,,,,,,
11-02-023-00085-007207,,,,,,,,,,,,,,,,,,
11-02-023-00085-007208,,,,,,,,,,,,,,,,,,
11-02-023-00085-007209,,,,,,,,,,,,,,,,,,
11-02-023-00085-007210,,,,,,,,,,,,,,,,,,
11-02-023-00085-007211,,,,,,,,,,,,,,,,,,
11-02-023-00085-007212,,,,,,,,,,,,,,,,,,
11-02-023-00085-007213,,,,,,,,,,,,,,,,,,
11-02-023-00085-007215,,,,,,,,,,,,,,,,,,
11-02-023-00085-007216,,,,,,,,,,,,,,,,,,
11-02-023-00085-007218,,,,,,,,,,,,,,,,,,
11-02-023-00085-007219,,,,,,,,,,,,,,,,,,
11-02-023-00085-007220,,,,,,,,,,,,,,,,,,
11-02-023-00085-007221,,,,,,,,,,,,,,,,,,
11-02-023-00085-007222,,,,,,,,,,,,,,,,,,
11-02-023-00085-007223,,,,,,,,,,,,,,,,,,
11-02-023-00085-007224,,,,,,,,,,,,,,,,,,
11-02-023-00085-007225,,,,,,,,,,,,,,,,,,
11-02-023-00085-007226,,,,,,,,,,,,,,,,,,
11-02-023-00085-007227,,,,,,,,,,,,,,,,,,
11-02-023-00085-007228,,,,,,,,,,,,,,,,,,
11-02-023-00085-007229,,,,,,,,,,,,,,,,,,
11-02-023-00085-007230,,,,,,,,,,,,,,,,,,
11-02-023-00085-007231,,,,,,,,,,,,,,,,,,
11-02-023-00085-007232,,,,,,,,,,,,,,,,,,
11-02-023-00085-007233,,,,,,,,,,,,,,,,,,
11-02-023-00085-007234,,,,,,,,,,,,,,,,,,
11-02-023-00085-007235,,,,,,,,,,,,,,,,,,
11-02-023-00085-007236,,,,,,,,,,,,,,,,,,
11-02-023-00085-007237,,,,,,,,,,,,,,,,,,
11-02-023-00085-007238,,,,,,,,,,,,,,,,,,
11-02-023-00085-007239,,,,,,,,,,,,,,,,,,
11-02-023-00085-007240,,,,,,,,,,,,,,,,,,
11-02-023-00085-007241,,,,,,,,,,,,,,,,,,
11-02-023-00085-007242,,,,,,,,,,,,,,,,,,
11-02-023-00085-007243,,,,,,,,,,,,,,,,,,
11-02-023-00085-007244,,,,,,,,,,,,,,,,,,
11-02-023-00085-007245,,,,,,,,,,,,,,,,,,
11-02-023-00085-007246,,,,,,,,,,,,,,,,,,
11-02-023-00085-007247,,,,,,,,,,,,,,,,,,
11-02-023-00085-007248,,,,,,,,,,,,,,,,,,
11-02-023-00085-007250,,,,,,,,,,,,,,,,,,
11-02-023-00085-007251,,,,,,,,,,,,,,,,,,
11-02-023-00085-007252,,,,,,,,,,,,,,,,,,
11-02-023-00085-007253,,,,,,,,,,,,,,,,,,
11-02-023-00085-007254,,,,,,,,,,,,,,,,,,
11-02-023-00085-007255,,,,,,,,,,,,,,,,,,
11-02-023-00085-007256,,,,,,,,,,,,,,,,,,
11-02-023-00085-007257,,,,,,,,,,,,,,,,,,
11-02-023-00085-007258,,,,,,,,,,,,,,,,,,
11-02-023-00085-007259,,,,,,,,,,,,,,,,,,
11-02-023-00085-007260,,,,,,,,,,,,,,,,,,
11-02-023-00085-007261,,,,,,,,,,,,,,,,,,
11-02-023-00085-007262,,,,,,,,,,,,,,,,,,
11-02-023-00085-007263,,,,,,,,,,,,,,,,,,
11-02-023-00085-007264,,,,,,,,,,,,,,,,,,
11-02-023-00085-007265,,,,,,,,,,,,,,,,,,
11-02-023-00085-007266,,,,,,,,,,,,,,,,,,
11-02-023-00085-007267,,,,,,,,,,,,,,,,,,
11-02-023-00085-007268,,,,,,,,,,,,,,,,,,
11-02-023-00086-007269,,,,,,,,,,,,,,,,,,
11-02-023-00086-007270,,,,,,,,,,,,,,,,,,
11-02-023-00086-007271,,,,,,,,,,,,,,,,,,
11-02-023-00086-007272,,,,,,,,,,,,,,,,,,
11-02-023-00086-007274,,,,,,,,,,,,,,,,,,
11-02-023-00086-007275,,,,,,,,,,,,,,,,,,
11-02-023-00086-007276,,,,,,,,,,,,,,,,,,
11-02-023-00086-007277,,,,,,,,,,,,,,,,,,
11-02-023-00086-007278,,,,,,,,,,,,,,,,,,
11-02-023-00086-007279,,,,,,,,,,,,,,,,,,
11-02-023-00086-007280,,,,,,,,,,,,,,,,,,
11-02-023-00086-007282,,,,,,,,,,,,,,,,,,
11-02-023-00086-007283,,,,,,,,,,,,,,,,,,
11-02-023-00086-007284,,,,,,,,,,,,,,,,,,
11-02-023-00086-007285,,,,,,,,,,,,,,,,,,
11-02-023-00086-007286,,,,,,,,,,,,,,,,,,
11-02-023-00086-007287,,,,,,,,,,,,,,,,,,
11-02-023-00086-007288,,,,,,,,,,,,,,,,,,
11-02-023-00086-007289,,,,,,,,,,,,,,,,,,
11-02-023-00086-007290,,,,,,,,,,,,,,,,,,
11-02-023-00086-007291,,,,,,,,,,,,,,,,,,
11-02-023-00086-007292,,,,,,,,,,,,,,,,,,
11-02-023-00086-007293,,,,,,,,,,,,,,,,,,
11-02-023-00086-007294,,,,,,,,,,,,,,,,,,
11-02-023-00086-007295,,,,,,,,,,,,,,,,,,
11-02-023-00086-007296,,,,,,,,,,,,,,,,,,
11-02-023-00086-007297,,,,,,,,,,,,,,,,,,
11-02-023-00086-007298,,,,,,,,,,,,,,,,,,
11-02-023-00086-007299,,,,,,,,,,,,,,,,,,
11-02-023-00086-007300,,,,,,,,,,,,,,,,,,
11-02-023-00086-007301,,,,,,,,,,,,,,,,,,
11-02-023-00086-007302,,,,,,,,,,,,,,,,,,
11-02-023-00086-007303,,,,,,,,,,,,,,,,,,
11-02-023-00086-007304,,,,,,,,,,,,,,,,,,
11-02-023-00086-007305,,,,,,,,,,,,,,,,,,
11-02-023-00086-007306,,,,,,,,,,,,,,,,,,
11-02-023-00086-007307,,,,,,,,,,,,,,,,,,
11-02-023-00086-007308,,,,,,,,,,,,,,,,,,
11-02-023-00086-007309,,,,,,,,,,,,,,,,,,
11-02-023-00086-007310,,,,,,,,,,,,,,,,,,
11-02-023-00086-007311,,,,,,,,,,,,,,,,,,
11-02-023-00086-007312,,,,,,,,,,,,,,,,,,
11-02-023-00086-007313,,,,,,,,,,,,,,,,,,
11-02-023-00086-007314,,,,,,,,,,,,,,,,,,
11-02-023-00086-007315,,,,,,,,,,,,,,,,,,
11-02-023-00086-007316,,,,,,,,,,,,,,,,,,
11-02-023-00086-007317,,,,,,,,,,,,,,,,,,
11-02-023-00086-007318,,,,,,,,,,,,,,,,,,
11-02-023-00086-007319,,,,,,,,,,,,,,,,,,
11-02-023-00086-007320,,,,,,,,,,,,,,,,,,
11-02-023-00086-007321,,,,,,,,,,,,,,,,,,
11-02-023-00086-007322,,,,,,,,,,,,,,,,,,
11-02-023-00086-007323,,,,,,,,,,,,,,,,,,
11-02-023-00086-007324,,,,,,,,,,,,,,,,,,
11-02-023-00086-007325,,,,,,,,,,,,,,,,,,
11-02-023-00086-007326,,,,,,,,,,,,,,,,,,
11-02-023-00086-007327,,,,,,,,,,,,,,,,,,
11-02-023-00086-007328,,,,,,,,,,,,,,,,,,
11-02-023-00086-007329,,,,,,,,,,,,,,,,,,
11-02-023-00086-007330,,,,,,,,,,,,,,,,,,
11-02-023-00086-007332,,,,,,,,,,,,,,,,,,
11-02-023-00086-007333,,,,,,,,,,,,,,,,,,
11-02-023-00086-007334,,,,,,,,,,,,,,,,,,
11-02-023-00086-007335,,,,,,,,,,,,,,,,,,
11-02-023-00086-007336,,,,,,,,,,,,,,,,,,
11-02-023-00086-007337,,,,,,,,,,,,,,,,,,
11-02-023-00086-007338,,,,,,,,,,,,,,,,,,
11-02-023-00086-007339,,,,,,,,,,,,,,,,,,
11-02-023-00086-007340,,,,,,,,,,,,,,,,,,
11-02-023-00086-007341,,,,,,,,,,,,,,,,,,
11-02-023-00086-007342,,,,,,,,,,,,,,,,,,
11-02-023-00086-007343,,,,,,,,,,,,,,,,,,
11-02-023-00086-007344,,,,,,,,,,,,,,,,,,
11-02-023-00086-007345,,,,,,,,,,,,,,,,,,
11-02-023-00086-007346,,,,,,,,,,,,,,,,,,
11-02-023-00086-007347,,,,,,,,,,,,,,,,,,
11-02-023-00086-007348,,,,,,,,,,,,,,,,,,
11-02-023-00087-007349,,,,,,,,,,,,,,,,,,
11-02-023-00087-007350,,,,,,,,,,,,,,,,,,
11-02-023-00087-007351,,,,,,,,,,,,,,,,,,
11-02-023-00087-007352,,,,,,,,,,,,,,,,,,
11-02-023-00087-007353,,,,,,,,,,,,,,,,,,
11-02-023-00087-007354,,,,,,,,,,,,,,,,,,
11-02-023-00087-007355,,,,,,,,,,,,,,,,,,
11-02-023-00087-007356,,,,,,,,,,,,,,,,,,
11-02-023-00087-007357,,,,,,,,,,,,,,,,,,
11-02-023-00087-007358,,,,,,,,,,,,,,,,,,
11-02-023-00087-007359,,,,,,,,,,,,,,,,,,
11-02-023-00087-007360,,,,,,,,,,,,,,,,,,
11-02-023-00087-007361,,,,,,,,,,,,,,,,,,
11-02-023-00087-007362,,,,,,,,,,,,,,,,,,
11-02-023-00087-007363,,,,,,,,,,,,,,,,,,
11-02-023-00087-007364,,,,,,,,,,,,,,,,,,
11-02-023-00087-007365,,,,,,,,,,,,,,,,,,
11-02-023-00087-007366,,,,,,,,,,,,,,,,,,
11-02-023-00087-007367,,,,,,,,,,,,,,,,,,
11-02-023-00087-007368,,,,,,,,,,,,,,,,,,
11-02-023-00087-007369,,,,,,,,,,,,,,,,,,
11-02-023-00087-007370,,,,,,,,,,,,,,,,,,
11-02-023-00087-007371,,,,,,,,,,,,,,,,,,
11-02-023-00087-007372,,,,,,,,,,,,,,,,,,
11-02-023-00087-007373,,,,,,,,,,,,,,,,,,
11-02-023-00087-007374,,,,,,,,,,,,,,,,,,
11-02-023-00087-007375,,,,,,,,,,,,,,,,,,
11-02-023-00087-007376,,,,,,,,,,,,,,,,,,
11-02-023-00087-007377,,,,,,,,,,,,,,,,,,
11-02-023-00087-007378,,,,,,,,,,,,,,,,,,
11-02-023-00087-007379,,,,,,,,,,,,,,,,,,
11-02-023-00087-007381,,,,,,,,,,,,,,,,,,
11-02-023-00087-007382,,,,,,,,,,,,,,,,,,
11-02-023-00087-007383,,,,,,,,,,,,,,,,,,
11-02-023-00087-007384,,,,,,,,,,,,,,,,,,
11-02-023-00087-007385,,,,,,,,,,,,,,,,,,
11-02-023-00087-007386,,,,,,,,,,,,,,,,,,
11-02-023-00087-007387,,,,,,,,,,,,,,,,,,
11-02-023-00087-007388,,,,,,,,,,,,,,,,,,
11-02-023-00087-007389,,,,,,,,,,,,,,,,,,
11-02-023-00087-007390,,,,,,,,,,,,,,,,,,
11-02-023-00087-007391,,,,,,,,,,,,,,,,,,
11-02-023-00087-007392,,,,,,,,,,,,,,,,,,
11-02-023-00087-007393,,,,,,,,,,,,,,,,,,
11-02-023-00087-007394,,,,,,,,,,,,,,,,,,
11-02-023-00087-007395,,,,,,,,,,,,,,,,,,
11-02-023-00087-007396,,,,,,,,,,,,,,,,,,
11-02-023-00087-007397,,,,,,,,,,,,,,,,,,
11-02-023-00087-007399,,,,,,,,,,,,,,,,,,
11-02-023-00087-007400,,,,,,,,,,,,,,,,,,
11-02-023-00087-007401,,,,,,,,,,,,,,,,,,
11-02-023-00087-007402,,,,,,,,,,,,,,,,,,
11-02-023-00087-007403,,,,,,,,,,,,,,,,,,
11-02-023-00087-007404,,,,,,,,,,,,,,,,,,
11-02-023-00087-007405,,,,,,,,,,,,,,,,,,
11-02-023-00087-007406,,,,,,,,,,,,,,,,,,
11-02-023-00087-007407,,,,,,,,,,,,,,,,,,
11-02-023-00087-007408,,,,,,,,,,,,,,,,,,
11-02-023-00087-007409,,,,,,,,,,,,,,,,,,
11-02-023-00087-007410,,,,,,,,,,,,,,,,,,
11-02-023-00087-007411,,,,,,,,,,,,,,,,,,
11-02-023-00087-007412,,,,,,,,,,,,,,,,,,
11-02-023-00087-007413,,,,,,,,,,,,,,,,,,
11-02-023-00087-007414,,,,,,,,,,,,,,,,,,
11-02-023-00087-007416,,,,,,,,,,,,,,,,,,
11-02-023-00087-007417,,,,,,,,,,,,,,,,,,
11-02-023-00087-007418,,,,,,,,,,,,,,,,,,
11-02-023-00087-007419,,,,,,,,,,,,,,,,,,
11-02-023-00087-007420,,,,,,,,,,,,,,,,,,
11-02-023-00087-007421,,,,,,,,,,,,,,,,,,
11-02-023-00087-007422,,,,,,,,,,,,,,,,,,
11-02-023-00087-007423,,,,,,,,,,,,,,,,,,
11-02-023-00087-007424,,,,,,,,,,,,,,,,,,
11-02-023-00087-007425,,,,,,,,,,,,,,,,,,
11-02-023-00087-007426,,,,,,,,,,,,,,,,,,
11-02-023-00087-007427,,,,,,,,,,,,,,,,,,
11-02-023-00087-007428,,,,,,,,,,,,,,,,,,
11-02-023-00087-007429,,,,,,,,,,,,,,,,,,
11-02-023-00087-007430,,,,,,,,,,,,,,,,,,
11-02-023-00087-007431,,,,,,,,,,,,,,,,,,
11-02-023-00087-007432,,,,,,,,,,,,,,,,,,
11-02-023-00087-007434,,,,,,,,,,,,,,,,,,
11-02-023-00087-007435,,,,,,,,,,,,,,,,,,
11-02-023-00087-007436,,,,,,,,,,,,,,,,,,
11-02-023-00087-007437,,,,,,,,,,,,,,,,,,
11-02-023-00087-007438,,,,,,,,,,,,,,,,,,
11-02-023-00087-007439,,,,,,,,,,,,,,,,,,
11-02-023-00087-007440,,,,,,,,,,,,,,,,,,
11-02-023-00087-007441,,,,,,,,,,,,,,,,,,
11-02-023-00087-007442,,,,,,,,,,,,,,,,,,
11-02-023-00087-007443,,,,,,,,,,,,,,,,,,
11-02-023-00087-007444,,,,,,,,,,,,,,,,,,
11-02-023-00087-007445,,,,,,,,,,,,,,,,,,
11-02-023-00087-007446,,,,,,,,,,,,,,,,,,
11-02-023-00087-007448,,,,,,,,,,,,,,,,,,
11-02-023-00087-007449,,,,,,,,,,,,,,,,,,
11-02-023-00087-007450,,,,,,,,,,,,,,,,,,
11-02-023-00087-007451,,,,,,,,,,,,,,,,,,
11-02-023-00087-007452,,,,,,,,,,,,,,,,,,
11-02-023-00087-007453,,,,,,,,,,,,,,,,,,
11-02-023-00087-007454,,,,,,,,,,,,,,,,,,
11-02-023-00087-007455,,,,,,,,,,,,,,,,,,
11-02-023-00087-007456,,,,,,,,,,,,,,,,,,
11-02-023-00087-007457,,,,,,,,,,,,,,,,,,
11-02-023-00087-007458,,,,,,,,,,,,,,,,,,
11-02-023-00087-007459,,,,,,,,,,,,,,,,,,
11-02-023-00087-007460,,,,,,,,,,,,,,,,,,
11-02-023-00087-007461,,,,,,,,,,,,,,,,,,
11-02-023-00087-007462,,,,,,,,,,,,,,,,,,
11-02-023-00087-007463,,,,,,,,,,,,,,,,,,
11-02-023-00087-007464,,,,,,,,,,,,,,,,,,
11-02-023-00087-007465,,,,,,,,,,,,,,,,,,
11-02-023-00087-007466,,,,,,,,,,,,,,,,,,
11-02-023-00087-007467,,,,,,,,,,,,,,,,,,
11-02-023-00087-007468,,,,,,,,,,,,,,,,,,
11-02-023-00087-007469,,,,,,,,,,,,,,,,,,
11-02-023-00087-007470,,,,,,,,,,,,,,,,,,
11-02-023-00087-007471,,,,,,,,,,,,,,,,,,
11-02-023-00087-007472,,,,,,,,,,,,,,,,,,
11-02-023-00087-007473,,,,,,,,,,,,,,,,,,
11-02-023-00087-007474,,,,,,,,,,,,,,,,,,
11-02-023-00088-007475,,,,,,,,,,,,,,,,,,
11-02-023-00088-007476,,,,,,,,,,,,,,,,,,
11-02-023-00088-007477,,,,,,,,,,,,,,,,,,
11-02-023-00088-007478,,,,,,,,,,,,,,,,,,
11-02-023-00088-007479,,,,,,,,,,,,,,,,,,
11-02-023-00088-007481,,,,,,,,,,,,,,,,,,
11-02-023-00088-007482,,,,,,,,,,,,,,,,,,
11-02-023-00088-007483,,,,,,,,,,,,,,,,,,
11-02-023-00088-007484,,,,,,,,,,,,,,,,,,
11-02-023-00088-007485,,,,,,,,,,,,,,,,,,
11-02-023-00088-007487,,,,,,,,,,,,,,,,,,
11-02-023-00088-007488,,,,,,,,,,,,,,,,,,
11-02-023-00088-007489,,,,,,,,,,,,,,,,,,
11-02-023-00088-007490,,,,,,,,,,,,,,,,,,
11-02-023-00088-007491,,,,,,,,,,,,,,,,,,
11-02-023-00088-007492,,,,,,,,,,,,,,,,,,
11-02-023-00088-007493,,,,,,,,,,,,,,,,,,
11-02-023-00088-007494,,,,,,,,,,,,,,,,,,
11-02-023-00088-007495,,,,,,,,,,,,,,,,,,
11-02-023-00088-007496,,,,,,,,,,,,,,,,,,
11-02-023-00088-007497,,,,,,,,,,,,,,,,,,
11-02-023-00088-007498,,,,,,,,,,,,,,,,,,
11-02-023-00088-007499,,,,,,,,,,,,,,,,,,
11-02-023-00088-007500,,,,,,,,,,,,,,,,,,
11-02-023-00088-007501,,,,,,,,,,,,,,,,,,
11-02-023-00088-007502,,,,,,,,,,,,,,,,,,
11-02-023-00088-007503,,,,,,,,,,,,,,,,,,
11-02-023-00088-007504,,,,,,,,,,,,,,,,,,
11-02-023-00088-007506,,,,,,,,,,,,,,,,,,
11-02-023-00088-007507,,,,,,,,,,,,,,,,,,
11-02-023-00088-007508,,,,,,,,,,,,,,,,,,
11-02-023-00088-007509,,,,,,,,,,,,,,,,,,
11-02-023-00088-007510,,,,,,,,,,,,,,,,,,
11-02-023-00088-007511,,,,,,,,,,,,,,,,,,
11-02-023-00088-007512,,,,,,,,,,,,,,,,,,
11-02-023-00088-007513,,,,,,,,,,,,,,,,,,
11-02-023-00088-007514,,,,,,,,,,,,,,,,,,
11-02-023-00088-007515,,,,,,,,,,,,,,,,,,
11-02-023-00088-007516,,,,,,,,,,,,,,,,,,
11-02-023-00088-007517,,,,,,,,,,,,,,,,,,
11-02-023-00088-007518,,,,,,,,,,,,,,,,,,
11-02-023-00088-007519,,,,,,,,,,,,,,,,,,
11-02-023-00088-007520,,,,,,,,,,,,,,,,,,
11-02-023-00088-007521,,,,,,,,,,,,,,,,,,
11-02-023-00088-007522,,,,,,,,,,,,,,,,,,
11-02-023-00088-007523,,,,,,,,,,,,,,,,,,
11-02-023-00088-007524,,,,,,,,,,,,,,,,,,
11-02-023-00088-007525,,,,,,,,,,,,,,,,,,
11-02-023-00088-007526,,,,,,,,,,,,,,,,,,
11-02-023-00088-007527,,,,,,,,,,,,,,,,,,
11-02-023-00088-007528,,,,,,,,,,,,,,,,,,
11-02-023-00088-007529,,,,,,,,,,,,,,,,,,
11-02-023-00088-007530,,,,,,,,,,,,,,,,,,
11-02-023-00088-007531,,,,,,,,,,,,,,,,,,
11-02-023-00088-007533,,,,,,,,,,,,,,,,,,
11-02-023-00088-007534,,,,,,,,,,,,,,,,,,
11-02-023-00088-007535,,,,,,,,,,,,,,,,,,
11-02-023-00088-007536,,,,,,,,,,,,,,,,,,
11-02-023-00088-007537,,,,,,,,,,,,,,,,,,
11-02-023-00088-007538,,,,,,,,,,,,,,,,,,
11-02-023-00088-007539,,,,,,,,,,,,,,,,,,
11-02-023-00088-007540,,,,,,,,,,,,,,,,,,
11-02-023-00088-007541,,,,,,,,,,,,,,,,,,
11-02-023-00088-007542,,,,,,,,,,,,,,,,,,
11-02-023-00088-007543,,,,,,,,,,,,,,,,,,
11-02-023-00088-007544,,,,,,,,,,,,,,,,,,
11-02-023-00088-007545,,,,,,,,,,,,,,,,,,
11-02-023-00088-007546,,,,,,,,,,,,,,,,,,
11-02-023-00088-007547,,,,,,,,,,,,,,,,,,
11-02-023-00088-007548,,,,,,,,,,,,,,,,,,
11-02-023-00088-007550,,,,,,,,,,,,,,,,,,
11-02-023-00088-007551,,,,,,,,,,,,,,,,,,
11-02-023-00088-007552,,,,,,,,,,,,,,,,,,
11-02-023-00088-007553,,,,,,,,,,,,,,,,,,
11-02-023-00088-007554,,,,,,,,,,,,,,,,,,
11-02-023-00088-007556,,,,,,,,,,,,,,,,,,
11-02-023-00088-007557,,,,,,,,,,,,,,,,,,
11-02-023-00088-007558,,,,,,,,,,,,,,,,,,
11-02-023-00088-007559,,,,,,,,,,,,,,,,,,
11-02-023-00088-007560,,,,,,,,,,,,,,,,,,
11-02-023-00088-007561,,,,,,,,,,,,,,,,,,
11-02-023-00088-007562,,,,,,,,,,,,,,,,,,
11-02-023-00088-007563,,,,,,,,,,,,,,,,,,
11-02-023-00088-007564,,,,,,,,,,,,,,,,,,
11-02-023-00088-007565,,,,,,,,,,,,,,,,,,
11-02-023-00088-007566,,,,,,,,,,,,,,,,,,
11-02-023-00088-007567,,,,,,,,,,,,,,,,,,
11-02-023-00088-007568,,,,,,,,,,,,,,,,,,
11-02-023-00088-007569,,,,,,,,,,,,,,,,,,
11-02-023-00088-007570,,,,,,,,,,,,,,,,,,
11-02-023-00088-007571,,,,,,,,,,,,,,,,,,
11-02-023-00088-007572,,,,,,,,,,,,,,,,,,
11-02-023-00088-007573,,,,,,,,,,,,,,,,,,
11-02-023-00088-007574,,,,,,,,,,,,,,,,,,
11-02-023-00088-007575,,,,,,,,,,,,,,,,,,
11-02-023-00088-007576,,,,,,,,,,,,,,,,,,
11-02-023-00088-007577,,,,,,,,,,,,,,,,,,
11-02-023-00088-007578,,,,,,,,,,,,,,,,,,
11-02-023-00088-007579,,,,,,,,,,,,,,,,,,
11-02-023-00088-007580,,,,,,,,,,,,,,,,,,
11-02-023-00088-007581,,,,,,,,,,,,,,,,,,
11-02-023-00088-007582,,,,,,,,,,,,,,,,,,
11-02-023-00088-007583,,,,,,,,,,,,,,,,,,
11-02-023-00088-007584,,,,,,,,,,,,,,,,,,
11-02-023-00088-007585,,,,,,,,,,,,,,,,,,
11-02-023-00088-007586,,,,,,,,,,,,,,,,,,
11-02-023-00088-007587,,,,,,,,,,,,,,,,,,
11-02-023-00088-007589,,,,,,,,,,,,,,,,,,
11-02-023-00088-007590,,,,,,,,,,,,,,,,,,
11-02-023-00088-007591,,,,,,,,,,,,,,,,,,
11-02-023-00088-007592,,,,,,,,,,,,,,,,,,
11-02-023-00088-007593,,,,,,,,,,,,,,,,,,
11-02-023-00088-007594,,,,,,,,,,,,,,,,,,
11-02-023-00088-007596,,,,,,,,,,,,,,,,,,
11-02-023-00088-007597,,,,,,,,,,,,,,,,,,
11-02-023-00088-007598,,,,,,,,,,,,,,,,,,
11-02-023-00088-007602,,,,,,,,,,,,,,,,,,
11-02-023-00088-007603,,,,,,,,,,,,,,,,,,
11-02-023-00088-007604,,,,,,,,,,,,,,,,,,
11-02-023-00088-007605,,,,,,,,,,,,,,,,,,
11-02-023-00088-007606,,,,,,,,,,,,,,,,,,
11-02-023-00089-007608,,,,,,,,,,,,,,,,,,
11-02-023-00089-007609,,,,,,,,,,,,,,,,,,
11-02-023-00089-007610,,,,,,,,,,,,,,,,,,
11-02-023-00089-007612,,,,,,,,,,,,,,,,,,
11-02-023-00089-007613,,,,,,,,,,,,,,,,,,
11-02-023-00089-007614,,,,,,,,,,,,,,,,,,
11-02-023-00089-007615,,,,,,,,,,,,,,,,,,
11-02-023-00089-007617,,,,,,,,,,,,,,,,,,
11-02-023-00089-007618,,,,,,,,,,,,,,,,,,
11-02-023-00089-007619,,,,,,,,,,,,,,,,,,
11-02-023-00089-007620,,,,,,,,,,,,,,,,,,
11-02-023-00089-007621,,,,,,,,,,,,,,,,,,
11-02-023-00089-007622,,,,,,,,,,,,,,,,,,
11-02-023-00089-007623,,,,,,,,,,,,,,,,,,
11-02-023-00089-007624,,,,,,,,,,,,,,,,,,
11-02-023-00089-007625,,,,,,,,,,,,,,,,,,
11-02-023-00089-007626,,,,,,,,,,,,,,,,,,
11-02-023-00089-007628,,,,,,,,,,,,,,,,,,
11-02-023-00089-007629,,,,,,,,,,,,,,,,,,
11-02-023-00089-007630,,,,,,,,,,,,,,,,,,
11-02-023-00089-007631,,,,,,,,,,,,,,,,,,
11-02-023-00089-007632,,,,,,,,,,,,,,,,,,
11-02-023-00089-007633,,,,,,,,,,,,,,,,,,
11-02-023-00089-007634,,,,,,,,,,,,,,,,,,
11-02-023-00089-007635,,,,,,,,,,,,,,,,,,
11-02-023-00089-007636,,,,,,,,,,,,,,,,,,
11-02-023-00089-007637,,,,,,,,,,,,,,,,,,
11-02-023-00089-007638,,,,,,,,,,,,,,,,,,
11-02-023-00089-007640,,,,,,,,,,,,,,,,,,
11-02-023-00089-007641,,,,,,,,,,,,,,,,,,
11-02-023-00089-007642,,,,,,,,,,,,,,,,,,
11-02-023-00089-007643,,,,,,,,,,,,,,,,,,
11-02-023-00089-007644,,,,,,,,,,,,,,,,,,
11-02-023-00089-007645,,,,,,,,,,,,,,,,,,
11-02-023-00089-007646,,,,,,,,,,,,,,,,,,
11-02-023-00089-007647,,,,,,,,,,,,,,,,,,
11-02-023-00089-007648,,,,,,,,,,,,,,,,,,
11-02-023-00089-007649,,,,,,,,,,,,,,,,,,
11-02-023-00089-007650,,,,,,,,,,,,,,,,,,
11-02-023-00089-007651,,,,,,,,,,,,,,,,,,
11-02-023-00089-007652,,,,,,,,,,,,,,,,,,
11-02-023-00089-007653,,,,,,,,,,,,,,,,,,
11-02-023-00089-007654,,,,,,,,,,,,,,,,,,
11-02-023-00089-007655,,,,,,,,,,,,,,,,,,
11-02-023-00089-007656,,,,,,,,,,,,,,,,,,
11-02-023-00089-007657,,,,,,,,,,,,,,,,,,
11-02-023-00089-007658,,,,,,,,,,,,,,,,,,
11-02-023-00089-007662,,,,,,,,,,,,,,,,,,
11-02-023-00089-007665,,,,,,,,,,,,,,,,,,
11-02-023-00089-007666,,,,,,,,,,,,,,,,,,
11-02-023-00089-007667,,,,,,,,,,,,,,,,,,
11-02-023-00089-007668,,,,,,,,,,,,,,,,,,
11-02-023-00089-007669,,,,,,,,,,,,,,,,,,
11-02-023-00089-007670,,,,,,,,,,,,,,,,,,
11-02-023-00089-007671,,,,,,,,,,,,,,,,,,
11-02-023-00089-007672,,,,,,,,,,,,,,,,,,
11-02-023-00089-007674,,,,,,,,,,,,,,,,,,
11-02-023-00089-007676,,,,,,,,,,,,,,,,,,
11-02-023-00089-007677,,,,,,,,,,,,,,,,,,
11-02-023-00089-007678,,,,,,,,,,,,,,,,,,
11-02-023-00089-007680,,,,,,,,,,,,,,,,,,
11-02-023-00089-007682,,,,,,,,,,,,,,,,,,
11-02-023-00089-007683,,,,,,,,,,,,,,,,,,
11-02-023-00089-007684,,,,,,,,,,,,,,,,,,
11-02-023-00089-007686,,,,,,,,,,,,,,,,,,
11-02-023-00089-007687,,,,,,,,,,,,,,,,,,
11-02-023-00089-007688,,,,,,,,,,,,,,,,,,
11-02-023-00089-007689,,,,,,,,,,,,,,,,,,
11-02-023-00089-007690,,,,,,,,,,,,,,,,,,
11-02-023-00089-007691,,,,,,,,,,,,,,,,,,
11-02-023-00089-007693,,,,,,,,,,,,,,,,,,
11-02-023-00089-007694,,,,,,,,,,,,,,,,,,
11-02-023-00089-007695,,,,,,,,,,,,,,,,,,
11-02-023-00089-007696,,,,,,,,,,,,,,,,,,
11-02-023-00089-007697,,,,,,,,,,,,,,,,,,
11-02-023-00089-007698,,,,,,,,,,,,,,,,,,
11-02-023-00089-007700,,,,,,,,,,,,,,,,,,
11-02-023-00089-007701,,,,,,,,,,,,,,,,,,
11-02-023-00089-007702,,,,,,,,,,,,,,,,,,
11-02-023-00089-007703,,,,,,,,,,,,,,,,,,
11-02-023-00089-007704,,,,,,,,,,,,,,,,,,
11-02-023-00090-007705,,,,,,,,,,,,,,,,,,
11-02-023-00090-007706,,,,,,,,,,,,,,,,,,
11-02-023-00090-007707,,,,,,,,,,,,,,,,,,
11-02-023-00090-007708,,,,,,,,,,,,,,,,,,
11-02-023-00090-007709,,,,,,,,,,,,,,,,,,
11-02-023-00090-007710,,,,,,,,,,,,,,,,,,
11-02-023-00090-007711,,,,,,,,,,,,,,,,,,
11-02-023-00090-007712,,,,,,,,,,,,,,,,,,
11-02-023-00090-007713,,,,,,,,,,,,,,,,,,
11-02-023-00090-007714,,,,,,,,,,,,,,,,,,
11-02-023-00090-007715,,,,,,,,,,,,,,,,,,
11-02-023-00090-007716,,,,,,,,,,,,,,,,,,
11-02-023-00090-007717,,,,,,,,,,,,,,,,,,
11-02-023-00090-007718,,,,,,,,,,,,,,,,,,
11-02-023-00090-007719,,,,,,,,,,,,,,,,,,
11-02-023-00090-007720,,,,,,,,,,,,,,,,,,
11-02-023-00090-007721,,,,,,,,,,,,,,,,,,
11-02-023-00090-007722,,,,,,,,,,,,,,,,,,
11-02-023-00090-007723,,,,,,,,,,,,,,,,,,
11-02-023-00090-007724,,,,,,,,,,,,,,,,,,
11-02-023-00090-007725,,,,,,,,,,,,,,,,,,
11-02-023-00090-007726,,,,,,,,,,,,,,,,,,
11-02-023-00090-007728,,,,,,,,,,,,,,,,,,
11-02-023-00090-007729,,,,,,,,,,,,,,,,,,
11-02-023-00090-007730,,,,,,,,,,,,,,,,,,
11-02-023-00090-007731,,,,,,,,,,,,,,,,,,
11-02-023-00090-007732,,,,,,,,,,,,,,,,,,
11-02-023-00090-007733,,,,,,,,,,,,,,,,,,
11-02-023-00090-007734,,,,,,,,,,,,,,,,,,
11-02-023-00090-007735,,,,,,,,,,,,,,,,,,
11-02-023-00090-007736,,,,,,,,,,,,,,,,,,
11-02-023-00090-007738,,,,,,,,,,,,,,,,,,
11-02-023-00090-007739,,,,,,,,,,,,,,,,,,
11-02-023-00090-007740,,,,,,,,,,,,,,,,,,
11-02-023-00090-007741,,,,,,,,,,,,,,,,,,
11-02-023-00090-007742,,,,,,,,,,,,,,,,,,
11-02-023-00090-007743,,,,,,,,,,,,,,,,,,
11-02-023-00090-007744,,,,,,,,,,,,,,,,,,
11-02-023-00090-007745,,,,,,,,,,,,,,,,,,
11-02-023-00090-007746,,,,,,,,,,,,,,,,,,
11-02-023-00090-007747,,,,,,,,,,,,,,,,,,
11-02-023-00090-007748,,,,,,,,,,,,,,,,,,
11-02-023-00090-007749,,,,,,,,,,,,,,,,,,
11-02-023-00090-007750,,,,,,,,,,,,,,,,,,
11-02-023-00090-007751,,,,,,,,,,,,,,,,,,
11-02-023-00090-007752,,,,,,,,,,,,,,,,,,
11-02-023-00090-007753,,,,,,,,,,,,,,,,,,
11-02-023-00090-007754,,,,,,,,,,,,,,,,,,
11-02-023-00090-007755,,,,,,,,,,,,,,,,,,
11-02-023-00090-007756,,,,,,,,,,,,,,,,,,
11-02-023-00090-007757,,,,,,,,,,,,,,,,,,
11-02-023-00090-007758,,,,,,,,,,,,,,,,,,
11-02-023-00090-007759,,,,,,,,,,,,,,,,,,
11-02-023-00090-007760,,,,,,,,,,,,,,,,,,
11-02-023-00090-007761,,,,,,,,,,,,,,,,,,
11-02-023-00090-007762,,,,,,,,,,,,,,,,,,
11-02-023-00090-007763,,,,,,,,,,,,,,,,,,
11-02-023-00090-007764,,,,,,,,,,,,,,,,,,
11-02-023-00090-007765,,,,,,,,,,,,,,,,,,
11-02-023-00090-007766,,,,,,,,,,,,,,,,,,
11-02-023-00090-007767,,,,,,,,,,,,,,,,,,
11-02-023-00090-007768,,,,,,,,,,,,,,,,,,
11-02-023-00090-007769,,,,,,,,,,,,,,,,,,
11-02-023-00090-007770,,,,,,,,,,,,,,,,,,
11-02-023-00090-007771,,,,,,,,,,,,,,,,,,
11-02-023-00090-007772,,,,,,,,,,,,,,,,,,
11-02-023-00090-007773,,,,,,,,,,,,,,,,,,
11-02-023-00090-007774,,,,,,,,,,,,,,,,,,
11-02-023-00090-007775,,,,,,,,,,,,,,,,,,
11-02-023-00090-007776,,,,,,,,,,,,,,,,,,
11-02-023-00090-007777,,,,,,,,,,,,,,,,,,
11-02-023-00090-007778,,,,,,,,,,,,,,,,,,
11-02-023-00090-007779,,,,,,,,,,,,,,,,,,
11-02-023-00090-007780,,,,,,,,,,,,,,,,,,
11-02-023-00090-007781,,,,,,,,,,,,,,,,,,
11-02-023-00090-007782,,,,,,,,,,,,,,,,,,
11-02-023-00090-007783,,,,,,,,,,,,,,,,,,
11-02-023-00090-007784,,,,,,,,,,,,,,,,,,
11-02-023-00090-007785,,,,,,,,,,,,,,,,,,
11-02-023-00090-007786,,,,,,,,,,,,,,,,,,
11-02-023-00090-007787,,,,,,,,,,,,,,,,,,
11-02-023-00090-007788,,,,,,,,,,,,,,,,,,
11-02-023-00090-007789,,,,,,,,,,,,,,,,,,
11-02-023-00090-007790,,,,,,,,,,,,,,,,,,
11-02-023-00090-007791,,,,,,,,,,,,,,,,,,
11-02-023-00090-007792,,,,,,,,,,,,,,,,,,
11-02-023-00090-007793,,,,,,,,,,,,,,,,,,
11-02-023-00090-007795,,,,,,,,,,,,,,,,,,
11-02-023-00090-007796,,,,,,,,,,,,,,,,,,
11-02-023-00090-007797,,,,,,,,,,,,,,,,,,
11-02-023-00090-007800,,,,,,,,,,,,,,,,,,
11-02-023-00090-007801,,,,,,,,,,,,,,,,,,
11-02-023-00090-007802,,,,,,,,,,,,,,,,,,
11-02-023-00090-007803,,,,,,,,,,,,,,,,,,
11-02-023-00090-007804,,,,,,,,,,,,,,,,,,
11-02-023-00090-007805,,,,,,,,,,,,,,,,,,
11-02-023-00090-007806,,,,,,,,,,,,,,,,,,
11-02-023-00090-007807,,,,,,,,,,,,,,,,,,
11-02-023-00090-007808,,,,,,,,,,,,,,,,,,
11-02-023-00090-007809,,,,,,,,,,,,,,,,,,
11-02-023-00090-007810,,,,,,,,,,,,,,,,,,
11-02-023-00090-007811,,,,,,,,,,,,,,,,,,
11-02-023-00090-007814,,,,,,,,,,,,,,,,,,
11-02-023-00090-007815,,,,,,,,,,,,,,,,,,
11-02-023-00090-007816,,,,,,,,,,,,,,,,,,
11-02-023-00090-007817,,,,,,,,,,,,,,,,,,
11-02-023-00090-007818,,,,,,,,,,,,,,,,,,
11-02-023-00090-007819,,,,,,,,,,,,,,,,,,
11-02-023-00090-007820,,,,,,,,,,,,,,,,,,
11-02-023-00090-007821,,,,,,,,,,,,,,,,,,
11-02-023-00090-007822,,,,,,,,,,,,,,,,,,
11-02-023-00090-007823,,,,,,,,,,,,,,,,,,
11-02-023-00090-007824,,,,,,,,,,,,,,,,,,
11-02-023-00090-007826,,,,,,,,,,,,,,,,,,
11-02-023-00090-007827,,,,,,,,,,,,,,,,,,
11-02-023-00090-007828,,,,,,,,,,,,,,,,,,
11-02-023-00090-007829,,,,,,,,,,,,,,,,,,
11-02-023-00090-007834,,,,,,,,,,,,,,,,,,
11-02-023-00090-007835,,,,,,,,,,,,,,,,,,
11-02-023-00090-007836,,,,,,,,,,,,,,,,,,
11-02-023-00090-007838,,,,,,,,,,,,,,,,,,
11-02-023-00090-007839,,,,,,,,,,,,,,,,,,
11-02-023-00090-007840,,,,,,,,,,,,,,,,,,
11-02-023-00090-007846,,,,,,,,,,,,,,,,,,
11-02-023-00090-007847,,,,,,,,,,,,,,,,,,
11-02-023-00090-007848,,,,,,,,,,,,,,,,,,
11-02-023-00090-007849,,,,,,,,,,,,,,,,,,
11-02-023-00090-007850,,,,,,,,,,,,,,,,,,
11-02-023-00090-007851,,,,,,,,,,,,,,,,,,
11-02-023-00090-007852,,,,,,,,,,,,,,,,,,
11-02-023-00090-007853,,,,,,,,,,,,,,,,,,
11-02-023-00090-007854,,,,,,,,,,,,,,,,,,
11-02-023-00090-007855,,,,,,,,,,,,,,,,,,
11-02-023-00090-007856,,,,,,,,,,,,,,,,,,
11-02-023-00090-007857,,,,,,,,,,,,,,,,,,
11-02-023-00090-007858,,,,,,,,,,,,,,,,,,
11-02-023-00090-007859,,,,,,,,,,,,,,,,,,
11-02-023-00090-007865,,,,,,,,,,,,,,,,,,
11-02-023-00090-007867,,,,,,,,,,,,,,,,,,
11-02-023-00090-007868,,,,,,,,,,,,,,,,,,
11-02-023-00090-007870,,,,,,,,,,,,,,,,,,
11-02-023-00090-007874,,,,,,,,,,,,,,,,,,
11-02-023-00090-007875,,,,,,,,,,,,,,,,,,
11-02-023-00090-007876,,,,,,,,,,,,,,,,,,
11-02-023-00090-007878,,,,,,,,,,,,,,,,,,
11-02-023-00090-007880,,,,,,,,,,,,,,,,,,
11-02-023-00090-007881,,,,,,,,,,,,,,,,,,
11-02-023-00090-007883,,,,,,,,,,,,,,,,,,
11-02-023-00090-007884,,,,,,,,,,,,,,,,,,
11-02-023-00090-007885,,,,,,,,,,,,,,,,,,
11-02-023-00090-007886,,,,,,,,,,,,,,,,,,
11-02-023-00090-007888,,,,,,,,,,,,,,,,,,
11-02-023-00090-007891,,,,,,,,,,,,,,,,,,
11-02-023-00090-007894,,,,,,,,,,,,,,,,,,
11-02-023-00090-007896,,,,,,,,,,,,,,,,,,
11-02-023-00090-007898,,,,,,,,,,,,,,,,,,
11-02-023-00090-007900,,,,,,,,,,,,,,,,,,
11-02-023-00090-007901,,,,,,,,,,,,,,,,,,
11-02-023-00090-007902,,,,,,,,,,,,,,,,,,
11-02-023-00090-007903,,,,,,,,,,,,,,,,,,
11-02-023-00090-007904,,,,,,,,,,,,,,,,,,
11-02-023-00090-007905,,,,,,,,,,,,,,,,,,
11-02-023-00090-007906,,,,,,,,,,,,,,,,,,
11-02-023-00090-007907,,,,,,,,,,,,,,,,,,
11-02-023-00090-007908,,,,,,,,,,,,,,,,,,
11-02-023-00090-007913,,,,,,,,,,,,,,,,,,
11-02-023-00090-007914,,,,,,,,,,,,,,,,,,
11-02-023-00090-007915,,,,,,,,,,,,,,,,,,
11-02-023-00090-007916,,,,,,,,,,,,,,,,,,
11-02-023-00090-007917,,,,,,,,,,,,,,,,,,
11-02-023-00090-007918,,,,,,,,,,,,,,,,,,
11-02-023-00090-007919,,,,,,,,,,,,,,,,,,
11-02-023-00090-007920,,,,,,,,,,,,,,,,,,
11-02-023-00090-007921,,,,,,,,,,,,,,,,,,
11-02-023-00090-007922,,,,,,,,,,,,,,,,,,
11-02-023-00090-007923,,,,,,,,,,,,,,,,,,
11-02-023-00090-007924,,,,,,,,,,,,,,,,,,
11-02-023-00090-007925,,,,,,,,,,,,,,,,,,
11-02-023-00090-007926,,,,,,,,,,,,,,,,,,
11-02-023-00090-007927,,,,,,,,,,,,,,,,,,
11-02-023-00090-007929,,,,,,,,,,,,,,,,,,
11-02-023-00090-007930,,,,,,,,,,,,,,,,,,
11-02-023-00090-007931,,,,,,,,,,,,,,,,,,
11-02-023-00090-007932,,,,,,,,,,,,,,,,,,
11-02-023-00090-007933,,,,,,,,,,,,,,,,,,
11-02-023-00090-007934,,,,,,,,,,,,,,,,,,
11-02-023-00090-007936,,,,,,,,,,,,,,,,,,
11-02-023-00090-007937,,,,,,,,,,,,,,,,,,
11-02-023-00090-007938,,,,,,,,,,,,,,,,,,
11-02-023-00090-007939,,,,,,,,,,,,,,,,,,
11-02-023-00090-007940,,,,,,,,,,,,,,,,,,
11-02-023-00090-007941,,,,,,,,,,,,,,,,,,
11-02-023-00090-007942,,,,,,,,,,,,,,,,,,
11-02-023-00090-007943,,,,,,,,,,,,,,,,,,
11-02-023-00090-007944,,,,,,,,,,,,,,,,,,
11-02-023-00090-007945,,,,,,,,,,,,,,,,,,
11-02-023-00090-007947,,,,,,,,,,,,,,,,,,
11-02-023-00090-007948,,,,,,,,,,,,,,,,,,
11-02-023-00090-007949,,,,,,,,,,,,,,,,,,
11-02-023-00090-007950,,,,,,,,,,,,,,,,,,
11-02-023-00090-007951,,,,,,,,,,,,,,,,,,
11-02-023-00090-007952,,,,,,,,,,,,,,,,,,
11-02-023-00090-007953,,,,,,,,,,,,,,,,,,
11-02-023-00090-007955,,,,,,,,,,,,,,,,,,
11-02-023-00090-007956,,,,,,,,,,,,,,,,,,
11-02-023-00090-007958,,,,,,,,,,,,,,,,,,
11-02-023-00090-007962,,,,,,,,,,,,,,,,,,
11-02-023-00090-007963,,,,,,,,,,,,,,,,,,
11-02-023-00090-007964,,,,,,,,,,,,,,,,,,
11-02-023-00090-007966,,,,,,,,,,,,,,,,,,
11-02-023-00090-007967,,,,,,,,,,,,,,,,,,
11-02-023-00090-007968,,,,,,,,,,,,,,,,,,
11-02-023-00090-007971,,,,,,,,,,,,,,,,,,
11-02-023-00090-007974,,,,,,,,,,,,,,,,,,
11-02-023-00090-007975,,,,,,,,,,,,,,,,,,
11-02-023-00090-007976,,,,,,,,,,,,,,,,,,
11-02-023-00090-007977,,,,,,,,,,,,,,,,,,
11-02-023-00090-007978,,,,,,,,,,,,,,,,,,
11-02-023-00090-007980,,,,,,,,,,,,,,,,,,
11-02-023-00090-007986,,,,,,,,,,,,,,,,,,
11-02-023-00090-007987,,,,,,,,,,,,,,,,,,
11-02-023-00090-007988,,,,,,,,,,,,,,,,,,
11-02-023-00090-007992,,,,,,,,,,,,,,,,,,
11-02-023-00090-007993,,,,,,,,,,,,,,,,,,
11-02-023-00090-007994,,,,,,,,,,,,,,,,,,
11-02-023-00090-007995,,,,,,,,,,,,,,,,,,
11-02-023-00090-007996,,,,,,,,,,,,,,,,,,
11-02-023-00090-007997,,,,,,,,,,,,,,,,,,
11-02-023-00090-007998,,,,,,,,,,,,,,,,,,
11-02-023-00090-007999,,,,,,,,,,,,,,,,,,
11-02-023-00090-008000,,,,,,,,,,,,,,,,,,
11-02-023-00090-008001,,,,,,,,,,,,,,,,,,
11-02-023-00090-008002,,,,,,,,,,,,,,,,,,
11-02-023-00090-008003,,,,,,,,,,,,,,,,,,
11-02-023-00090-008006,,,,,,,,,,,,,,,,,,
11-02-023-00090-008007,,,,,,,,,,,,,,,,,,
11-02-023-00090-008008,,,,,,,,,,,,,,,,,,
11-02-023-00090-008009,,,,,,,,,,,,,,,,,,
11-02-023-00090-008010,,,,,,,,,,,,,,,,,,
11-02-023-00090-008011,,,,,,,,,,,,,,,,,,
11-02-023-00091-008012,,,,,,,,,,,,,,,,,,
11-02-023-00091-008015,,,,,,,,,,,,,,,,,,
11-02-023-00091-008020,,,,,,,,,,,,,,,,,,
11-02-023-00091-008023,,,,,,,,,,,,,,,,,,
11-02-023-00091-008024,,,,,,,,,,,,,,,,,,
11-02-023-00091-008027,,,,,,,,,,,,,,,,,,
11-02-023-00091-008033,,,,,,,,,,,,,,,,,,
11-02-023-00091-008039,,,,,,,,,,,,,,,,,,
11-02-023-00091-008040,,,,,,,,,,,,,,,,,,
11-02-023-00091-008044,,,,,,,,,,,,,,,,,,
11-02-023-00091-008054,,,,,,,,,,,,,,,,,,
11-02-023-00091-008056,,,,,,,,,,,,,,,,,,
11-02-023-00091-008057,,,,,,,,,,,,,,,,,,
11-02-023-00091-008060,,,,,,,,,,,,,,,,,,
11-02-023-00091-008062,,,,,,,,,,,,,,,,,,
11-02-023-00091-008067,,,,,,,,,,,,,,,,,,
11-02-023-00091-008068,,,,,,,,,,,,,,,,,,
11-02-023-00091-008069,,,,,,,,,,,,,,,,,,
11-02-023-00091-008073,,,,,,,,,,,,,,,,,,
11-02-023-00091-008074,,,,,,,,,,,,,,,,,,
11-02-023-00091-008075,,,,,,,,,,,,,,,,,,
11-02-023-00091-008081,,,,,,,,,,,,,,,,,,
11-02-023-00091-008084,,,,,,,,,,,,,,,,,,
11-02-023-00091-008089,,,,,,,,,,,,,,,,,,
11-02-023-00091-008090,,,,,,,,,,,,,,,,,,
11-02-023-00091-008091,,,,,,,,,,,,,,,,,,
11-02-023-00091-008094,,,,,,,,,,,,,,,,,,
11-02-023-00091-008100,,,,,,,,,,,,,,,,,,
11-02-023-00091-008102,,,,,,,,,,,,,,,,,,
11-02-023-00091-008105,,,,,,,,,,,,,,,,,,
11-02-023-00091-008108,,,,,,,,,,,,,,,,,,
11-02-023-00091-008114,,,,,,,,,,,,,,,,,,
11-02-023-00091-008118,,,,,,,,,,,,,,,,,,
11-02-023-00091-008122,,,,,,,,,,,,,,,,,,
11-02-023-00091-008123,,,,,,,,,,,,,,,,,,
11-02-023-00091-008124,,,,,,,,,,,,,,,,,,
11-02-023-00091-008126,,,,,,,,,,,,,,,,,,
11-02-023-00091-008133,,,,,,,,,,,,,,,,,,
11-02-023-00091-008134,,,,,,,,,,,,,,,,,,
11-02-023-00091-008136,,,,,,,,,,,,,,,,,,
11-02-023-00091-008141,,,,,,,,,,,,,,,,,,
11-02-023-00091-008142,,,,,,,,,,,,,,,,,,
11-02-023-00091-008143,,,,,,,,,,,,,,,,,,
11-02-023-00091-008144,,,,,,,,,,,,,,,,,,
11-02-023-00091-008149,,,,,,,,,,,,,,,,,,
11-02-023-00091-008150,,,,,,,,,,,,,,,,,,
11-02-023-00091-008151,,,,,,,,,,,,,,,,,,
11-02-023-00092-008157,,,,,,,,,,,,,,,,,,
11-02-023-00092-008159,,,,,,,2007.0,,,,,,,,,,,
11-02-023-00092-008162,,,,,,,,,,,,,,,,,,
11-02-023-00092-008165,,,,,,,,,,,,,,,,,,
11-02-023-00092-008166,,,,,,,,,,,,,,,,,,
11-02-023-00092-008168,,,,,,,,,,,,,,,,,,
11-02-023-00092-008169,,,,,,,,,,,,,,,,,,
11-02-023-00092-008170,,,,,,,,,,,,,,,,,,
11-02-023-00092-008171,,,,,,,,,,,,,,,,,,
11-02-023-00092-008172,,,,,,,,,,,,,,,,,,
11-02-023-00092-008174,,,,,,,,,,,,,,,,,,
11-02-023-00092-008176,,,,,,,,,,,,,,,,,,
11-02-023-00092-008177,,,,,,,,,,,,,,,,,,
11-02-023-00092-008179,,,,,,,,,,,,,,,,,,
11-02-023-00092-008180,,,,,,,,,,,,,,,,,,
11-02-023-00092-008183,,,,,,,,,,,,,,,,,,
11-02-023-00092-008188,,,,,,,,,,,,,,,,,,
11-02-023-00092-008190,,,,,,,,,,,,,,,,,,
11-02-023-00092-008192,,,,,,,,,,,,,,,,,,
11-02-023-00092-008193,,,,,,,,,,,,,,,,,,
11-02-023-00092-008194,,,,,,,,,,,,,,,,,,
11-02-023-00092-008196,,,,,,,,,,,,,,,,,,
11-02-023-00092-008197,,,,,,,,,,,,,,,,,,
11-02-023-00092-008198,,,,,,,,,,,,,,,,,,
11-02-023-00092-008199,,,,,,,,,,,,,,,,,,
11-02-023-00092-008200,,,,,,,,,,,,,,,,,,
11-02-023-00092-008201,,,,,,,,,,,,,,,,,,
11-02-023-00092-008203,,,,,,,,,,,,,,,,,,
11-02-023-00092-008205,,,,,,,,,,,,,,,,,,
11-02-023-00092-008206,,,,,,,,,,,,,,,,,,
11-02-023-00092-008208,,,,,,,,,,,,,,,,,,
11-02-023-00092-008209,,,,,,,,,,,,,,,,,,
11-02-023-00092-008210,,,,,,,,,,,,,,,,,,
11-02-023-00092-008211,,,,,,,,,,,,,,,,,,
11-02-023-00092-008212,,,,,,,,,,,,,,,,,,
11-02-023-00092-008214,,,,,,,,,,,,,,,,,,
11-02-023-00092-008215,,,,,,,,,,,,,,,,,,
11-02-023-00092-008216,,,,,,,,,,,,,,,,,,
11-02-023-00092-008217,,,,,,,,,,,,,,,,,,
11-02-023-00092-008218,,,,,,,,,,,,,,,,,,
11-02-023-00092-008220,,,,,,,,,,,,,,,,,,
11-02-023-00092-008221,,,,,,,,,,,,,,,,,,
11-02-023-00092-008224,,,,,,,,,,,,,,,,,,
11-02-023-00092-008227,,,,,,,,,,,,,,,,,,
11-02-023-00092-008228,,,,,,,,,,,,,,,,,,
11-02-023-00092-008230,,,,,,,,,,,,,,,,,,
11-02-023-00092-008232,,,,,,,,,,,,,,,,,,
11-02-023-00092-008233,,,,,,,,,,,,,,,,,,
11-02-023-00092-008242,,,,,,,,,,,,,,,,,,
11-02-023-00092-008244,,,,,,,,,,,,,,,,,,
11-02-023-00092-008252,,,,,,,,,,,,,,,,,,
11-02-023-00092-008254,,,,,,,,,,,,,,,,,,
11-02-023-00092-008257,,,,,,,,,,,,,,,,,,
11-02-023-00092-008259,,,,,,,,,,,,,,,,,,
11-02-024-00093-008264,,,,,,,,,,,,,,,,,,
11-02-024-00093-008265,,,,,,,,,,,,,,,,,,
11-02-024-00093-008266,,,,,,,,,,,,,,,,,,
11-02-024-00093-008267,,,,,,,,,,,,,,,,,,
11-02-024-00093-008268,,,,,,,,,,,,,,,,,,
11-02-024-00093-008269,,,,,,,,,,,,,,,,,,
11-02-024-00093-008270,,,,,,,,,,,,,,,,,,
11-02-024-00093-008271,,,,,,,,,,,,,,,,,,
11-02-024-00093-008272,,,,,,,,,,,,,,,,,,
11-02-024-00093-008273,,,,,,,,,,,,,,,,,,
11-02-024-00093-008274,,,,,,,,,,,,,,,,,,
11-02-024-00093-008275,,,,,,,,,,,,,,,,,,
11-02-024-00093-008276,,,,,,,,,,,,,,,,,,
11-02-024-00093-008277,,,,,,,,,,,,,,,,,,
11-02-024-00093-008278,,,,,,,,,,,,,,,,,,
11-02-024-00093-008279,,,,,,,,,,,,,,,,,,
11-02-024-00093-008280,,,,,,,,,,,,,,,,,,
11-02-024-00093-008281,,,,,,,,,,,,,,,,,,
11-02-024-00093-008282,,,,,,,,,,,,,,,,,,
11-02-024-00093-008283,,,,,,,,,,,,,,,,,,
11-02-024-00093-008284,,,,,,,,,,,,,,,,,,
11-02-024-00093-008285,,,,,,,,,,,,,,,,,,
11-02-024-00093-008286,,,,,,,,,,,,,,,,,,
11-02-024-00093-008287,,,,,,,,,,,,,,,,,,
11-02-024-00093-008288,,,,,,,,,,,,,,,,,,
11-02-024-00093-008289,,,,,,,,,,,,,,,,,,
11-02-024-00093-008290,,,,,,,,,,,,,,,,,,
11-02-024-00093-008291,,,,,,,,,,,,,,,,,,
11-02-024-00093-008292,,,,,,,,,,,,,,,,,,
11-02-024-00093-008293,,,,,,,,,,,,,,,,,,
11-02-024-00093-008294,,,,,,,,,,,,,,,,,,
11-02-024-00093-008295,,,,,,,,,,,,,,,,,,
11-02-024-00093-008297,,,,,,,,,,,,,,,,,,
11-02-024-00093-008298,,,,,,,,,,,,,,,,,,
11-02-024-00093-008299,,,,,,,,,,,,,,,,,,
11-02-024-00093-008300,,,,,,,,,,,,,,,,,,
11-02-024-00093-008301,,,,,,,,,,,,,,,,,,
11-02-024-00093-008302,,,,,,,,,,,,,,,,,,
11-02-024-00093-008303,,,,,,,,,,,,,,,,,,
11-02-024-00093-008304,,,,,,,,,,,,,,,,,,
11-02-024-00093-008305,,,,,,,,,,,,,,,,,,
11-02-024-00093-008306,,,,,,,,,,,,,,,,,,
11-02-024-00093-008307,,,,,,,,,,,,,,,,,,
11-02-024-00093-008308,,,,,,,,,,,,,,,,,,
11-02-024-00093-008309,,,,,,,,,,,,,,,,,,
11-02-024-00093-008310,,,,,,,,,,,,,,,,,,
11-02-024-00093-008311,,,,,,,,,,,,,,,,,,
11-02-024-00093-008312,,,,,,,,,,,,,,,,,,
11-02-024-00093-008313,,,,,,,,,,,,,,,,,,
11-02-024-00093-008314,,,,,,,,,,,,,,,,,,
11-02-024-00093-008315,,,,,,,,,,,,,,,,,,
11-02-024-00093-008316,,,,,,,,,,,,,,,,,,
11-02-024-00093-008317,,,,,,,,,,,,,,,,,,
11-02-024-00093-008318,,,,,,,,,,,,,,,,,,
11-02-024-00093-008319,,,,,,,,,,,,,,,,,,
11-02-024-00093-008320,,,,,,,,,,,,,,,,,,
11-02-024-00093-008321,,,,,,,,,,,,,,,,,,
11-02-024-00093-008322,,,,,,,,,,,,,,,,,,
11-02-024-00093-008323,,,,,,,,,,,,,,,,,,
11-02-024-00093-008324,,,,,,,,,,,,,,,,,,
11-02-024-00093-008325,,,,,,,,,,,,,,,,,,
11-02-024-00093-008326,,,,,,,,,,,,,,,,,,
11-02-024-00093-008327,,,,,,,,,,,,,,,,,,
11-02-024-00093-008328,,,,,,,,,,,,,,,,,,
11-02-024-00093-008329,,,,,,,,,,,,,,,,,,
11-02-024-00093-008330,,,,,,,,,,,,,,,,,,
11-02-024-00093-008331,,,,,,,,,,,,,,,,,,
11-02-024-00093-008332,,,,,,,,,,,,,,,,,,
11-02-024-00093-008333,,,,,,,,,,,,,,,,,,
11-02-024-00093-008334,,,,,,,,,,,,,,,,,,
11-02-024-00093-008335,,,,,,,,,,,,,,,,,,
11-02-024-00093-008336,,,,,,,,,,,,,,,,,,
11-02-024-00093-008337,,,,,,,,,,,,,,,,,,
11-02-024-00093-008338,,,,,,,,,,,,,,,,,,
11-02-024-00093-008339,,,,,,,,,,,,,,,,,,
11-02-024-00093-008340,,,,,,,,,,,,,,,,,,
11-02-024-00093-008341,,,,,,,,,,,,,,,,,,
11-02-024-00093-008342,,,,,,,,,,,,,,,,,,
11-02-024-00093-008344,,,,,,,,,,,,,,,,,,
11-02-024-00093-008345,,,,,,,,,,,,,,,,,,
11-02-024-00093-008346,,,,,,,,,,,,,,,,,,
11-02-024-00093-008347,,,,,,,,,,,,,,,,,,
11-02-024-00093-008349,,,,,,,,,,,,,,,,,,
11-02-024-00093-008350,,,,,,,,,,,,,,,,,,
11-02-024-00093-008351,,,,,,,,,,,,,,,,,,
11-02-024-00093-008352,,,,,,,,,,,,,,,,,,
11-02-024-00093-008353,,,,,,,,,,,,,,,,,,
11-02-024-00093-008354,,,,,,,,,,,,,,,,,,
11-02-024-00093-008355,,,,,,,,,,,,,,,,,,
11-02-024-00093-008356,,,,,,,,,,,,,,,,,,
11-02-024-00093-008357,,,,,,,,,,,,,,,,,,
11-02-024-00093-008359,,,,,,,,,,,,,,,,,,
11-02-024-00093-008360,,,,,,,,,,,,,,,,,,
11-02-024-00093-008361,,,,,,,,,,,,,,,,,,
11-02-024-00093-008362,,,,,,,,,,,,,,,,,,
11-02-024-00093-008363,,,,,,,,,,,,,,,,,,
11-02-024-00093-008364,,,,,,,,,,,,,,,,,,
11-02-024-00093-008365,,,,,,,,,,,,,,,,,,
11-02-024-00093-008366,,,,,,,,,,,,,,,,,,
11-02-024-00093-008367,,,,,,,,,,,,,,,,,,
11-02-024-00093-008368,,,,,,,,,,,,,,,,,,
11-02-024-00093-008369,,,,,,,,,,,,,,,,,,
11-02-024-00093-008370,,,,,,,,,,,,,,,,,,
11-02-024-00093-008371,,,,,,,,,,,,,,,,,,
11-02-024-00093-008373,,,,,,,,,,,,,,,,,,
11-02-024-00093-008374,,,,,,,,,,,,,,,,,,
11-02-024-00093-008375,,,,,,,,,,,,,,,,,,
11-02-024-00093-008376,,,,,,,,,,,,,,,,,,
11-02-024-00093-008378,,,,,,,,,,,,,,,,,,
11-02-024-00093-008379,,,,,,,,,,,,,,,,,,
11-02-024-00093-008380,,,,,,,,,,,,,,,,,,
11-02-024-00093-008381,,,,,,,,,,,,,,,,,,
11-02-024-00093-008382,,,,,,,,,,,,,,,,,,
11-02-024-00093-008384,,,,,,,,,,,,,,,,,,
11-02-024-00093-008385,,,,,,,,,,,,,,,,,,
11-02-024-00093-008386,,,,,,,,,,,,,,,,,,
11-02-024-00093-008387,,,,,,,,,,,,,,,,,,
11-02-024-00093-008388,,,,,,,,,,,,,,,,,,
11-02-024-00093-008389,,,,,,,,,,,,,,,,,,
11-02-024-00093-008390,,,,,,,,,,,,,,,,,,
11-02-024-00093-008392,,,,,,,,,,,,,,,,,,
11-02-024-00093-008393,,,,,,,,,,,,,,,,,,
11-02-024-00093-008394,,,,,,,,,,,,,,,,,,
11-02-024-00093-008395,,,,,,,,,,,,,,,,,,
11-02-024-00093-008396,,,,,,,,,,,,,,,,,,
11-02-024-00093-008399,,,,,,,,,,,,,,,,,,
11-02-024-00093-008400,,,,,,,,,,,,,,,,,,
11-02-024-00093-008401,,,,,,,,,,,,,,,,,,
11-02-024-00093-008403,,,,,,,,,,,,,,,,,,
11-02-024-00093-008404,,,,,,,,,,,,,,,,,,
11-02-024-00093-008405,,,,,,,,,,,,,,,,,,
11-02-024-00093-008406,,,,,,,,,,,,,,,,,,
11-02-024-00093-008407,,,,,,,,,,,,,,,,,,
11-02-024-00093-008408,,,,,,,,,,,,,,,,,,
11-02-024-00093-008409,,,,,,,,,,,,,,,,,,
11-02-024-00093-008411,,,,,,,,,,,,,,,,,,
11-02-024-00093-008412,,,,,,,,,,,,,,,,,,
11-02-024-00093-008414,,,,,,,,,,,,,,,,,,
11-02-024-00093-008415,,,,,,,,,,,,,,,,,,
11-02-024-00093-008416,,,,,,,,,,,,,,,,,,
11-02-024-00093-008417,,,,,,,,,,,,,,,,,,
11-02-024-00093-008418,,,,,,,,,,,,,,,,,,
11-02-024-00093-008419,,,,,,,,,,,,,,,,,,
11-02-024-00093-008420,,,,,,,,,,,,,,,,,,
11-02-024-00093-008421,,,,,,,,,,,,,,,,,,
11-02-024-00093-008422,,,,,,,,,,,,,,,,,,
11-02-024-00093-008423,,,,,,,,,,,,,,,,,,
11-02-024-00093-008424,,,,,,,,,,,,,,,,,,
11-02-024-00093-008425,,,,,,,,,,,,,,,,,,
11-02-024-00093-008426,,,,,,,,,,,,,,,,,,
11-02-024-00093-008427,,,,,,,,,,,,,,,,,,
11-02-024-00093-008428,,,,,,,,,,,,,,,,,,
11-02-024-00093-008429,,,,,,,,,,,,,,,,,,
11-02-024-00093-008430,,,,,,,,,,,,,,,,,,
11-02-024-00093-008431,,,,,,,,,,,,,,,,,,
11-02-024-00093-008432,,,,,,,,,,,,,,,,,,
11-02-024-00093-008433,,,,,,,,,,,,,,,,,,
11-02-024-00093-008434,,,,,,,,,,,,,,,,,,
11-02-024-00093-008435,,,,,,,,,,,,,,,,,,
11-02-024-00093-008436,,,,,,,,,,,,,,,,,,
11-02-024-00093-008438,,,,,,,,,,,,,,,,,,
11-02-024-00093-008439,,,,,,,,,,,,,,,,,,
11-02-024-00093-008440,,,,,,,,,,,,,,,,,,
11-02-024-00093-008441,,,,,,,,,,,,,,,,,,
11-02-024-00093-008442,,,,,,,,,,,,,,,,,,
11-02-024-00093-008443,,,,,,,,,,,,,,,,,,
11-02-024-00093-008444,,,,,,,,,,,,,,,,,,
11-02-024-00093-008445,,,,,,,,,,,,,,,,,,
11-02-024-00093-008446,,,,,,,,,,,,,,,,,,
11-02-024-00093-008447,,,,,,,,,,,,,,,,,,
11-02-024-00093-008449,,,,,,,,,,,,,,,,,,
11-02-024-00093-008451,,,,,,,,,,,,,,,,,,
11-02-024-00093-008452,,,,,,,,,,,,,,,,,,
11-02-024-00093-008453,,,,,,,,,,,,,,,,,,
11-02-024-00093-008454,,,,,,,,,,,,,,,,,,
11-02-024-00093-008455,,,,,,,,,,,,,,,,,,
11-02-024-00093-008457,,,,,,,,,,,,,,,,,,
11-02-024-00093-008458,,,,,,,,,,,,,,,,,,
11-02-024-00093-008459,,,,,,,,,,,,,,,,,,
11-02-024-00093-008460,,,,,,,,,,,,,,,,,,
11-02-024-00093-008461,,,,,,,,,,,,,,,,,,
11-02-024-00093-008462,,,,,,,,,,,,,,,,,,
11-02-024-00093-008463,,,,,,,,,,,,,,,,,,
11-02-024-00093-008464,,,,,,,,,,,,,,,,,,
11-02-024-00093-008465,,,,,,,,,,,,,,,,,,
11-02-024-00093-008466,,,,,,,,,,,,,,,,,,
11-02-024-00093-008467,,,,,,,,,,,,,,,,,,
11-02-024-00093-008468,,,,,,,,,,,,,,,,,,
11-02-024-00093-008469,,,,,,,,,,,,,,,,,,
11-02-024-00093-008470,,,,,,,,,,,,,,,,,,
11-02-024-00093-008471,,,,,,,,,,,,,,,,,,
11-02-024-00093-008472,,,,,,,,,,,,,,,,,,
11-02-024-00093-008473,,,,,,,,,,,,,,,,,,
11-02-024-00093-008474,,,,,,,,,,,,,,,,,,
11-02-024-00093-008475,,,,,,,,,,,,,,,,,,
11-02-024-00093-008476,,,,,,,,,,,,,,,,,,
11-02-024-00093-008477,,,,,,,,,,,,,,,,,,
11-02-024-00093-008478,,,,,,,,,,,,,,,,,,
11-02-024-00093-008479,,,,,,,,,,,,,,,,,,
11-02-024-00093-008480,,,,,,,,,,,,,,,,,,
11-02-024-00093-008481,,,,,,,,,,,,,,,,,,
11-02-024-00093-008482,,,,,,,,,,,,,,,,,,
11-02-024-00093-008483,,,,,,,,,,,,,,,,,,
11-02-024-00093-008484,,,,,,,,,,,,,,,,,,
11-02-024-00093-008488,,,,,,,,,,,,,,,,,,
11-02-024-00093-008489,,,,,,,,,,,,,,,,,,
11-02-024-00093-008490,,,,,,,,,,,,,,,,,,
11-02-024-00093-008491,,,,,,,,,,,,,,,,,,
11-02-024-00093-008492,,,,,,,,,,,,,,,,,,
11-02-024-00093-008493,,,,,,,,,,,,,,,,,,
11-02-024-00093-008494,,,,,,,,,,,,,,,,,,
11-02-024-00093-008495,,,,,,,,,,,,,,,,,,
11-02-024-00093-008496,,,,,,,,,,,,,,,,,,
11-02-024-00093-008497,,,,,,,,,,,,,,,,,,
11-02-024-00093-008498,,,,,,,,,,,,,,,,,,
11-02-024-00093-008499,,,,,,,,,,,,,,,,,,
11-02-024-00093-008500,,,,,,,,,,,,,,,,,,
11-02-024-00093-008501,,,,,,,,,,,,,,,,,,
11-02-024-00093-008502,,,,,,,,,,,,,,,,,,
11-02-024-00093-008503,,,,,,,,,,,,,,,,,,
11-02-024-00093-008504,,,,,,,,,,,,,,,,,,
11-02-024-00093-008505,,,,,,,,,,,,,,,,,,
11-02-024-00093-008506,,,,,,,,,,,,,,,,,,
11-02-024-00093-008508,,,,,,,,,,,,,,,,,,
11-02-024-00093-008509,,,,,,,,,,,,,,,,,,
11-02-024-00093-008510,,,,,,,,,,,,,,,,,,
11-02-024-00093-008511,,,,,,,,,,,,,,,,,,
11-02-024-00093-008512,,,,,,,,,,,,,,,,,,
11-02-024-00093-008513,,,,,,,,,,,,,,,,,,
11-02-024-00093-008514,,,,,,,,,,,,,,,,,,
11-02-024-00093-008515,,,,,,,,,,,,,,,,,,
11-02-024-00093-008516,,,,,,,,,,,,,,,,,,
11-02-024-00093-008517,,,,,,,,,,,,,,,,,,
11-02-024-00093-008519,,,,,,,,,,,,,,,,,,
11-02-024-00093-008521,,,,,,,,,,,,,,,,,,
11-02-024-00093-008522,,,,,,,,,,,,,,,,,,
11-02-024-00093-008523,,,,,,,,,,,,,,,,,,
11-02-024-00093-008524,,,,,,,,,,,,,,,,,,
11-02-024-00093-008525,,,,,,,,,,,,,,,,,,
11-02-024-00093-008526,,,,,,,,,,,,,,,,,,
11-02-024-00093-008527,,,,,,,,,,,,,,,,,,
11-02-024-00093-008528,,,,,,,,,,,,,,,,,,
11-02-024-00093-008529,,,,,,,,,,,,,,,,,,
11-02-024-00093-008530,,,,,,,,,,,,,,,,,,
11-02-024-00093-008531,,,,,,,,,,,,,,,,,,
11-02-024-00093-008532,,,,,,,,,,,,,,,,,,
11-02-024-00093-008533,,,,,,,,,,,,,,,,,,
11-02-024-00093-008534,,,,,,,,,,,,,,,,,,
11-02-024-00093-008535,,,,,,,,,,,,,,,,,,
11-02-024-00093-008536,,,,,,,,,,,,,,,,,,
11-02-024-00093-008537,,,,,,,,,,,,,,,,,,
11-02-024-00093-008538,,,,,,,,,,,,,,,,,,
11-02-024-00093-008539,,,,,,,,,,,,,,,,,,
11-02-024-00093-008540,,,,,,,,,,,,,,,,,,
11-02-024-00093-008541,,,,,,,,,,,,,,,,,,
11-02-024-00093-008542,,,,,,,,,,,,,,,,,,
11-02-024-00093-008543,,,,,,,,,,,,,,,,,,
11-02-024-00093-008544,,,,,,,,,,,,,,,,,,
11-02-024-00093-008545,,,,,,,,,,,,,,,,,,
11-02-024-00093-008547,,,,,,,,,,,,,,,,,,
11-02-024-00093-008548,,,,,,,,,,,,,,,,,,
11-02-024-00093-008549,,,,,,,,,,,,,,,,,,
11-02-024-00093-008550,,,,,,,,,,,,,,,,,,
11-02-024-00093-008551,,,,,,,,,,,,,,,,,,
11-02-024-00093-008552,,,,,,,,,,,,,,,,,,
11-02-024-00093-008553,,,,,,,,,,,,,,,,,,
11-02-024-00093-008554,,,,,,,,,,,,,,,,,,
11-02-024-00093-008555,,,,,,,,,,,,,,,,,,
11-02-024-00093-008556,,,,,,,,,,,,,,,,,,
11-02-024-00093-008557,,,,,,,,,,,,,,,,,,
11-02-024-00093-008558,,,,,,,,,,,,,,,,,,
11-02-024-00093-008559,,,,,,,,,,,,,,,,,,
11-02-024-00093-008560,,,,,,,,,,,,,,,,,,
11-02-024-00093-008561,,,,,,,,,,,,,,,,,,
11-02-024-00093-008562,,,,,,,,,,,,,,,,,,
11-02-024-00093-008563,,,,,,,,,,,,,,,,,,
11-02-024-00093-008564,,,,,,,,,,,,,,,,,,
11-02-024-00093-008565,,,,,,,,,,,,,,,,,,
11-02-024-00093-008566,,,,,,,,,,,,,,,,,,
11-02-024-00093-008567,,,,,,,,,,,,,,,,,,
11-02-024-00093-008568,,,,,,,,,,,,,,,,,,
11-02-024-00093-008569,,,,,,,,,,,,,,,,,,
11-02-024-00093-008570,,,,,,,,,,,,,,,,,,
11-02-024-00093-008571,,,,,,,,,,,,,,,,,,
11-02-024-00093-008572,,,,,,,,,,,,,,,,,,
11-02-024-00093-008573,,,,,,,,,,,,,,,,,,
11-02-024-00093-008574,,,,,,,,,,,,,,,,,,
11-02-024-00093-008575,,,,,,,,,,,,,,,,,,
11-02-024-00093-008576,,,,,,,,,,,,,,,,,,
11-02-024-00093-008577,,,,,,,,,,,,,,,,,,
11-02-024-00093-008579,,,,,,,,,,,,,,,,,,
11-02-024-00093-008580,,,,,,,,,,,,,,,,,,
11-02-024-00093-008581,,,,,,,,,,,,,,,,,,
11-02-024-00093-008583,,,,,,,,,,,,,,,,,,
11-02-024-00093-008584,,,,,,,,,,,,,,,,,,
11-02-024-00093-008585,,,,,,,,,,,,,,,,,,
11-02-024-00093-008586,,,,,,,,,,,,,,,,,,
11-02-024-00093-008587,,,,,,,,,,,,,,,,,,
11-02-024-00093-008588,,,,,,,,,,,,,,,,,,
11-02-024-00093-008589,,,,,,,,,,,,,,,,,,
11-02-024-00093-008590,,,,,,,,,,,,,,,,,,
11-02-024-00093-008591,,,,,,,,,,,,,,,,,,
11-02-024-00093-008592,,,,,,,,,,,,,,,,,,
11-02-024-00093-008593,,,,,,,,,,,,,,,,,,
11-02-024-00093-008594,,,,,,,,,,,,,,,,,,
11-02-024-00093-008595,,,,,,,,,,,,,,,,,,
11-02-024-00093-008596,,,,,,,,,,,,,,,,,,
11-02-024-00093-008597,,,,,,,,,,,,,,,,,,
11-02-024-00093-008598,,,,,,,,,,,,,,,,,,
11-02-024-00093-008599,,,,,,,,,,,,,,,,,,
11-02-024-00093-008600,,,,,,,,,,,,,,,,,,
11-02-024-00093-008601,,,,,,,,,,,,,,,,,,
11-02-024-00093-008602,,,,,,,,,,,,,,,,,,
11-02-024-00093-008603,,,,,,,,,,,,,,,,,,
11-02-024-00093-008604,,,,,,,,,,,,,,,,,,
11-02-024-00093-008605,,,,,,,,,,,,,,,,,,
11-02-024-00093-008606,,,,,,,,,,,,,,,,,,
11-02-024-00093-008607,,,,,,,,,,,,,,,,,,
11-02-024-00093-008608,,,,,,,,,,,,,,,,,,
11-02-024-00093-008609,,,,,,,,,,,,,,,,,,
11-02-024-00093-008610,,,,,,,,,,,,,,,,,,
11-02-024-00093-008612,,,,,,,,,,,,,,,,,,
11-02-024-00093-008613,,,,,,,,,,,,,,,,,,
11-02-024-00093-008614,,,,,,,,,,,,,,,,,,
11-02-024-00093-008615,,,,,,,,,,,,,,,,,,
11-02-024-00093-008616,,,,,,,,,,,,,,,,,,
11-02-024-00093-008618,,,,,,,,,,,,,,,,,,
11-02-024-00093-008619,,,,,,,,,,,,,,,,,,
11-02-024-00093-008620,,,,,,,,,,,,,,,,,,
11-02-024-00093-008621,,,,,,,,,,,,,,,,,,
11-02-024-00093-008622,,,,,,,,,,,,,,,,,,
11-02-024-00093-008623,,,,,,,,,,,,,,,,,,
11-02-024-00093-008624,,,,,,,,,,,,,,,,,,
11-02-024-00093-008625,,,,,,,,,,,,,,,,,,
11-02-024-00093-008626,,,,,,,,,,,,,,,,,,
11-02-024-00093-008627,,,,,,,,,,,,,,,,,,
11-02-024-00093-008628,,,,,,,,,,,,,,,,,,
11-02-024-00093-008629,,,,,,,,,,,,,,,,,,
11-02-024-00093-008630,,,,,,,,,,,,,,,,,,
11-02-024-00093-008631,,,,,,,,,,,,,,,,,,
11-02-024-00093-008632,,,,,,,,,,,,,,,,,,
11-02-024-00093-008633,,,,,,,,,,,,,,,,,,
11-02-024-00093-008634,,,,,,,,,,,,,,,,,,
11-02-024-00093-008635,,,,,,,,,,,,,,,,,,
11-02-024-00093-008636,,,,,,,,,,,,,,,,,,
11-02-024-00093-008637,,,,,,,,,,,,,,,,,,
11-02-024-00093-008638,,,,,,,,,,,,,,,,,,
11-02-024-00093-008639,,,,,,,,,,,,,,,,,,
11-02-024-00093-008640,,,,,,,,,,,,,,,,,,
11-02-024-00093-008641,,,,,,,,,,,,,,,,,,
11-02-024-00093-008642,,,,,,,,,,,,,,,,,,
11-02-024-00093-008643,,,,,,,,,,,,,,,,,,
11-02-024-00093-008644,,,,,,,,,,,,,,,,,,
11-02-024-00093-008645,,,,,,,,,,,,,,,,,,
11-02-024-00093-008646,,,,,,,,,,,,,,,,,,
11-02-024-00093-008647,,,,,,,,,,,,,,,,,,
11-02-024-00093-008648,,,,,,,,,,,,,,,,,,
11-02-024-00093-008650,,,,,,,,,,,,,,,,,,
11-02-024-00093-008651,,,,,,,,,,,,,,,,,,
11-02-024-00093-008653,,,,,,,,,,,,,,,,,,
11-02-024-00093-008655,,,,,,,,,,,,,,,,,,
11-02-024-00093-008656,,,,,,,,,,,,,,,,,,
11-02-024-00093-008657,,,,,,,,,,,,,,,,,,
11-02-024-00093-008658,,,,,,,,,,,,,,,,,,
11-02-024-00093-008659,,,,,,,,,,,,,,,,,,
11-02-024-00093-008660,,,,,,,,,,,,,,,,,,
11-02-024-00093-008661,,,,,,,,,,,,,,,,,,
11-02-024-00093-008662,,,,,,,,,,,,,,,,,,
11-02-024-00093-008663,,,,,,,,,,,,,,,,,,
11-02-024-00093-008664,,,,,,,,,,,,,,,,,,
11-02-024-00093-008665,,,,,,,,,,,,,,,,,,
11-02-024-00093-008666,,,,,,,,,,,,,,,,,,
11-02-024-00093-008667,,,,,,,,,,,,,,,,,,
11-02-024-00093-008668,,,,,,,,,,,,,,,,,,
11-02-024-00093-008669,,,,,,,,,,,,,,,,,,
11-02-024-00093-008670,,,,,,,,,,,,,,,,,,
11-02-024-00093-008671,,,,,,,,,,,,,,,,,,
11-02-024-00093-008672,,,,,,,,,,,,,,,,,,
11-02-024-00093-008673,,,,,,,,,,,,,,,,,,
11-02-024-00093-008674,,,,,,,,,,,,,,,,,,
11-02-024-00093-008675,,,,,,,,,,,,,,,,,,
11-02-024-00093-008676,,,,,,,,,,,,,,,,,,
11-02-024-00093-008677,,,,,,,,,,,,,,,,,,
11-02-024-00093-008678,,,,,,,,,,,,,,,,,,
11-02-024-00093-008679,,,,,,,,,,,,,,,,,,
11-02-024-00093-008680,,,,,,,,,,,,,,,,,,
11-02-024-00093-008681,,,,,,,,,,,,,,,,,,
11-02-024-00094-008683,,,,,,,,,,,,,,,,,,
11-02-024-00094-008684,,,,,,,,,,,,,,,,,,
11-02-024-00094-008685,,,,,,,,,,,,,,,,,,
11-02-024-00094-008686,,,,,,,,,,,,,,,,,,
11-02-024-00094-008688,,,,,,,,,,,,,,,,,,
11-02-024-00094-008689,,,,,,,,,,,,,,,,,,
11-02-024-00094-008690,,,,,,,,,,,,,,,,,,
11-02-024-00094-008691,,,,,,,,,,,,,,,,,,
11-02-024-00094-008692,,,,,,,,,,,,,,,,,,
11-02-024-00094-008693,,,,,,,,,,,,,,,,,,
11-02-024-00094-008694,,,,,,,,,,,,,,,,,,
11-02-024-00094-008695,,,,,,,,,,,,,,,,,,
11-02-024-00094-008696,,,,,,,,,,,,,,,,,,
11-02-024-00094-008697,,,,,,,,,,,,,,,,,,
11-02-024-00094-008698,,,,,,,,,,,,,,,,,,
11-02-024-00094-008699,,,,,,,,,,,,,,,,,,
11-02-024-00094-008700,,,,,,,,,,,,,,,,,,
11-02-024-00094-008701,,,,,,,,,,,,,,,,,,
11-02-024-00094-008702,,,,,,,,,,,,,,,,,,
11-02-024-00094-008703,,,,,,,,,,,,,,,,,,
11-02-024-00094-008704,,,,,,,,,,,,,,,,,,
11-02-024-00094-008705,,,,,,,,,,,,,,,,,,
11-02-024-00094-008706,,,,,,,,,,,,,,,,,,
11-02-024-00094-008707,,,,,,,,,,,,,,,,,,
11-02-024-00094-008708,,,,,,,,,,,,,,,,,,
11-02-024-00094-008709,,,,,,,,,,,,,,,,,,
11-02-024-00094-008710,,,,,,,,,,,,,,,,,,
11-02-024-00094-008711,,,,,,,,,,,,,,,,,,
11-02-024-00094-008712,,,,,,,,,,,,,,,,,,
11-02-024-00094-008713,,,,,,,,,,,,,,,,,,
11-02-024-00094-008714,,,,,,,,,,,,,,,,,,
11-02-024-00094-008715,,,,,,,,,,,,,,,,,,
11-02-024-00094-008716,,,,,,,,,,,,,,,,,,
11-02-024-00094-008717,,,,,,,,,,,,,,,,,,
11-02-024-00094-008718,,,,,,,,,,,,,,,,,,
11-02-024-00094-008719,,,,,,,,,,,,,,,,,,
11-02-024-00094-008720,,,,,,,,,,,,,,,,,,
11-02-024-00094-008721,,,,,,,,,,,,,,,,,,
11-02-024-00094-008722,,,,,,,,,,,,,,,,,,
11-02-024-00094-008723,,,,,,,,,,,,,,,,,,
11-02-024-00094-008724,,,,,,,,,,,,,,,,,,
11-02-024-00094-008725,,,,,,,,,,,,,,,,,,
11-02-024-00094-008726,,,,,,,,,,,,,,,,,,
11-02-024-00094-008727,,,,,,,,,,,,,,,,,,
11-02-024-00094-008728,,,,,,,,,,,,,,,,,,
11-02-024-00094-008729,,,,,,,,,,,,,,,,,,
11-02-024-00094-008730,,,,,,,,,,,,,,,,,,
11-02-024-00094-008731,,,,,,,,,,,,,,,,,,
11-02-024-00094-008732,,,,,,,,,,,,,,,,,,
11-02-024-00094-008734,,,,,,,,,,,,,,,,,,
11-02-024-00094-008735,,,,,,,,,,,,,,,,,,
11-02-024-00094-008736,,,,,,,,,,,,,,,,,,
11-02-024-00094-008737,,,,,,,,,,,,,,,,,,
11-02-024-00094-008738,,,,,,,,,,,,,,,,,,
11-02-024-00094-008739,,,,,,,,,,,,,,,,,,
11-02-024-00094-008740,,,,,,,,,,,,,,,,,,
11-02-024-00094-008741,,,,,,,,,,,,,,,,,,
11-02-024-00094-008743,,,,,,,,,,,,,,,,,,
11-02-024-00094-008744,,,,,,,,,,,,,,,,,,
11-02-024-00094-008745,,,,,,,,,,,,,,,,,,
11-02-024-00094-008746,,,,,,,,,,,,,,,,,,
11-02-024-00094-008747,,,,,,,,,,,,,,,,,,
11-02-024-00094-008748,,,,,,,,,,,,,,,,,,
11-02-024-00094-008749,,,,,,,,,,,,,,,,,,
11-02-024-00094-008750,,,,,,,,,,,,,,,,,,
11-02-024-00094-008751,,,,,,,,,,,,,,,,,,
11-02-024-00094-008752,,,,,,,,,,,,,,,,,,
11-02-024-00094-008753,,,,,,,,,,,,,,,,,,
11-02-024-00094-008754,,,,,,,,,,,,,,,,,,
11-02-024-00094-008755,,,,,,,,,,,,,,,,,,
11-02-024-00094-008756,,,,,,,,,,,,,,,,,,
11-02-024-00094-008757,,,,,,,,,,,,,,,,,,
11-02-024-00094-008758,,,,,,,,,,,,,,,,,,
11-02-024-00094-008759,,,,,,,,,,,,,,,,,,
11-02-024-00094-008760,,,,,,,,,,,,,,,,,,
11-02-024-00094-008761,,,,,,,,,,,,,,,,,,
11-02-024-00094-008762,,,,,,,,,,,,,,,,,,
11-02-024-00094-008763,,,,,,,,,,,,,,,,,,
11-02-024-00094-008764,,,,,,,,,,,,,,,,,,
11-02-024-00094-008765,,,,,,,,,,,,,,,,,,
11-02-024-00094-008766,,,,,,,,,,,,,,,,,,
11-02-024-00094-008767,,,,,,,,,,,,,,,,,,
11-02-024-00094-008768,,,,,,,,,,,,,,,,,,
11-02-024-00094-008770,,,,,,,,,,,,,,,,,,
11-02-024-00094-008771,,,,,,,,,,,,,,,,,,
11-02-024-00094-008772,,,,,,,,,,,,,,,,,,
11-02-024-00094-008773,,,,,,,,,,,,,,,,,,
11-02-024-00094-008774,,,,,,,,,,,,,,,,,,
11-02-024-00094-008775,,,,,,,,,,,,,,,,,,
11-02-024-00094-008776,,,,,,,,,,,,,,,,,,
11-02-024-00094-008777,,,,,,,,,,,,,,,,,,
11-02-024-00094-008778,,,,,,,,,,,,,,,,,,
11-02-024-00094-008780,,,,,,,,,,,,,,,,,,
11-02-024-00094-008781,,,,,,,,,,,,,,,,,,
11-02-024-00094-008782,,,,,,,,,,,,,,,,,,
11-02-024-00094-008783,,,,,,,,,,,,,,,,,,
11-02-024-00094-008784,,,,,,,,,,,,,,,,,,
11-02-024-00094-008785,,,,,,,,,,,,,,,,,,
11-02-024-00094-008786,,,,,,,,,,,,,,,,,,
11-02-024-00094-008787,,,,,,,,,,,,,,,,,,
11-02-024-00094-008788,,,,,,,,,,,,,,,,,,
11-02-024-00094-008789,,,,,,,,,,,,,,,,,,
11-02-024-00094-008790,,,,,,,,,,,,,,,,,,
11-02-024-00094-008791,,,,,,,,,,,,,,,,,,
11-02-024-00094-008792,,,,,,,,,,,,,,,,,,
11-02-024-00094-008793,,,,,,,,,,,,,,,,,,
11-02-024-00094-008794,,,,,,,,,,,,,,,,,,
11-02-024-00094-008795,,,,,,,,,,,,,,,,,,
11-02-024-00094-008796,,,,,,,,,,,,,,,,,,
11-02-024-00094-008797,,,,,,,,,,,,,,,,,,
11-02-024-00094-008798,,,,,,,,,,,,,,,,,,
11-02-024-00094-008799,,,,,,,,,,,,,,,,,,
11-02-024-00095-008800,,,,,,,,,,,,,,,,,,
11-02-024-00095-008801,,,,,,,,,,,,,,,,,,
11-02-024-00095-008802,,,,,,,,,,,,,,,,,,
11-02-024-00095-008803,,,,,,,,,,,,,,,,,,
11-02-024-00095-008804,,,,,,,,,,,,,,,,,,
11-02-024-00095-008805,,,,,,,,,,,,,,,,,,
11-02-024-00095-008806,,,,,,,,,,,,,,,,,,
11-02-024-00095-008807,,,,,,,,,,,,,,,,,,
11-02-024-00095-008808,,,,,,,,,,,,,,,,,,
11-02-024-00095-008809,,,,,,,,,,,,,,,,,,
11-02-024-00095-008810,,,,,,,,,,,,,,,,,,
11-02-024-00095-008811,,,,,,,,,,,,,,,,,,
11-02-024-00095-008812,,,,,,,,,,,,,,,,,,
11-02-024-00095-008813,,,,,,,,,,,,,,,,,,
11-02-024-00095-008815,,,,,,,,,,,,,,,,,,
11-02-024-00095-008816,,,,,,,,,,,,,,,,,,
11-02-024-00095-008817,,,,,,,,,,,,,,,,,,
11-02-024-00095-008818,,,,,,,,,,,,,,,,,,
11-02-024-00095-008819,,,,,,,,,,,,,,,,,,
11-02-024-00095-008820,,,,,,,,,,,,,,,,,,
11-02-024-00095-008821,,,,,,,,,,,,,,,,,,
11-02-024-00095-008822,,,,,,,,,,,,,,,,,,
11-02-024-00095-008823,,,,,,,,,,,,,,,,,,
11-02-024-00095-008824,,,,,,,,,,,,,,,,,,
11-02-024-00095-008825,,,,,,,,,,,,,,,,,,
11-02-024-00095-008826,,,,,,,,,,,,,,,,,,
11-02-024-00095-008827,,,,,,,,,,,,,,,,,,
11-02-024-00095-008828,,,,,,,,,,,,,,,,,,
11-02-024-00095-008830,,,,,,,,,,,,,,,,,,
11-02-024-00095-008831,,,,,,,,,,,,,,,,,,
11-02-024-00095-008832,,,,,,,,,,,,,,,,,,
11-02-024-00095-008833,,,,,,,,,,,,,,,,,,
11-02-024-00095-008834,,,,,,,,,,,,,,,,,,
11-02-024-00095-008835,,,,,,,,,,,,,,,,,,
11-02-024-00095-008836,,,,,,,,,,,,,,,,,,
11-02-024-00095-008837,,,,,,,,,,,,,,,,,,
11-02-024-00095-008838,,,,,,,,,,,,,,,,,,
11-02-024-00095-008839,,,,,,,,,,,,,,,,,,
11-02-024-00095-008840,,,,,,,,,,,,,,,,,,
11-02-024-00095-008841,,,,,,,,,,,,,,,,,,
11-02-024-00095-008842,,,,,,,,,,,,,,,,,,
11-02-024-00095-008843,,,,,,,,,,,,,,,,,,
11-02-024-00095-008844,,,,,,,,,,,,,,,,,,
11-02-024-00095-008846,,,,,,,,,,,,,,,,,,
11-02-024-00095-008847,,,,,,,,,,,,,,,,,,
11-02-024-00095-008848,,,,,,,,,,,,,,,,,,
11-02-024-00095-008850,,,,,,,,,,,,,,,,,,
11-02-024-00095-008851,,,,,,,,,,,,,,,,,,
11-02-024-00095-008852,,,,,,,,,,,,,,,,,,
11-02-024-00095-008853,,,,,,,,,,,,,,,,,,
11-02-024-00095-008855,,,,,,,,,,,,,,,,,,
11-02-024-00095-008856,,,,,,,,,,,,,,,,,,
11-02-024-00095-008857,,,,,,,,,,,,,,,,,,
11-02-024-00095-008858,,,,,,,,,,,,,,,,,,
11-02-024-00095-008859,,,,,,,,,,,,,,,,,,
11-02-024-00095-008860,,,,,,,,,,,,,,,,,,
11-02-024-00095-008861,,,,,,,,,,,,,,,,,,
11-02-024-00095-008862,,,,,,,,,,,,,,,,,,
11-02-024-00095-008863,,,,,,,,,,,,,,,,,,
11-02-024-00095-008864,,,,,,,,,,,,,,,,,,
11-02-024-00095-008865,,,,,,,,,,,,,,,,,,
11-02-024-00095-008867,,,,,,,,,,,,,,,,,,
11-02-024-00095-008868,,,,,,,,,,,,,,,,,,
11-02-024-00095-008869,,,,,,,,,,,,,,,,,,
11-02-024-00095-008870,,,,,,,,,,,,,,,,,,
11-02-024-00095-008871,,,,,,,,,,,,,,,,,,
11-02-024-00095-008872,,,,,,,,,,,,,,,,,,
11-02-024-00095-008873,,,,,,,,,,,,,,,,,,
11-02-024-00095-008874,,,,,,,,,,,,,,,,,,
11-02-024-00095-008875,,,,,,,,,,,,,,,,,,
11-02-024-00095-008876,,,,,,,,,,,,,,,,,,
11-02-024-00095-008877,,,,,,,,,,,,,,,,,,
11-02-024-00095-008878,,,,,,,,,,,,,,,,,,
11-02-024-00095-008879,,,,,,,,,,,,,,,,,,
11-02-024-00095-008880,,,,,,,,,,,,,,,,,,
11-02-024-00095-008881,,,,,,,,,,,,,,,,,,
11-02-024-00095-008882,,,,,,,,,,,,,,,,,,
11-02-024-00095-008883,,,,,,,,,,,,,,,,,,
11-02-024-00095-008884,,,,,,,,,,,,,,,,,,
11-02-024-00095-008885,,,,,,,,,,,,,,,,,,
11-02-024-00095-008886,,,,,,,,,,,,,,,,,,
11-02-024-00095-008887,,,,,,,,,,,,,,,,,,
11-02-024-00095-008889,,,,,,,,,,,,,,,,,,
11-02-024-00095-008890,,,,,,,,,,,,,,,,,,
11-02-024-00095-008891,,,,,,,,,,,,,,,,,,
11-02-024-00095-008893,,,,,,,,,,,,,,,,,,
11-02-024-00095-008894,,,,,,,,,,,,,,,,,,
11-02-024-00095-008895,,,,,,,,,,,,,,,,,,
11-02-024-00095-008896,,,,,,,,,,,,,,,,,,
11-02-024-00095-008897,,,,,,,,,,,,,,,,,,
11-02-024-00095-008898,,,,,,,,,,,,,,,,,,
11-02-024-00095-008899,,,,,,,,,,,,,,,,,,
11-02-024-00095-008900,,,,,,,,,,,,,,,,,,
11-02-024-00095-008901,,,,,,,,,,,,,,,,,,
11-02-024-00095-008902,,,,,,,,,,,,,,,,,,
11-02-024-00095-008903,,,,,,,,,,,,,,,,,,
11-02-024-00095-008904,,,,,,,,,,,,,,,,,,
11-02-024-00095-008905,,,,,,,,,,,,,,,,,,
11-02-024-00095-008906,,,,,,,,,,,,,,,,,,
11-02-024-00095-008907,,,,,,,,,,,,,,,,,,
11-02-024-00095-008908,,,,,,,,,,,,,,,,,,
11-02-024-00095-008909,,,,,,,,,,,,,,,,,,
11-02-024-00095-008910,,,,,,,,,,,,,,,,,,
11-02-024-00095-008911,,,,,,,,,,,,,,,,,,
11-02-024-00095-008912,,,,,,,,,,,,,,,,,,
11-02-024-00095-008913,,,,,,,,,,,,,,,,,,
11-02-024-00095-008914,,,,,,,,,,,,,,,,,,
11-02-024-00095-008915,,,,,,,,,,,,,,,,,,
11-02-024-00095-008916,,,,,,,,,,,,,,,,,,
11-02-024-00095-008917,,,,,,,,,,,,,,,,,,
11-02-024-00095-008918,,,,,,,,,,,,,,,,,,
11-02-024-00095-008919,,,,,,,,,,,,,,,,,,
11-02-024-00095-008920,,,,,,,,,,,,,,,,,,
11-02-024-00095-008921,,,,,,,,,,,,,,,,,,
11-02-024-00095-008922,,,,,,,,,,,,,,,,,,
11-02-024-00095-008923,,,,,,,,,,,,,,,,,,
11-02-024-00095-008924,,,,,,,,,,,,,,,,,,
11-02-024-00095-008926,,,,,,,,,,,,,,,,,,
11-02-024-00095-008927,,,,,,,,,,,,,,,,,,
11-02-024-00095-008928,,,,,,,,,,,,,,,,,,
11-02-024-00095-008929,,,,,,,,,,,,,,,,,,
11-02-024-00095-008930,,,,,,,,,,,,,,,,,,
11-02-024-00095-008931,,,,,,,,,,,,,,,,,,
11-02-024-00095-008932,,,,,,,,,,,,,,,,,,
11-02-024-00095-008933,,,,,,,,,,,,,,,,,,
11-02-024-00095-008934,,,,,,,,,,,,,,,,,,
11-02-024-00095-008935,,,,,,,,,,,,,,,,,,
11-02-024-00095-008936,,,,,,,,,,,,,,,,,,
11-02-024-00095-008937,,,,,,,,,,,,,,,,,,
11-02-024-00095-008938,,,,,,,,,,,,,,,,,,
11-02-024-00095-008939,,,,,,,,,,,,,,,,,,
11-02-024-00095-008940,,,,,,,,,,,,,,,,,,
11-02-024-00095-008941,,,,,,,,,,,,,,,,,,
11-02-024-00095-008942,,,,,,,,,,,,,,,,,,
11-02-024-00095-008943,,,,,,,,,,,,,,,,,,
11-02-024-00095-008944,,,,,,,,,,,,,,,,,,
11-02-024-00095-008945,,,,,,,,,,,,,,,,,,
11-02-024-00095-008946,,,,,,,,,,,,,,,,,,
11-02-024-00095-008947,,,,,,,,,,,,,,,,,,
11-02-024-00095-008948,,,,,,,,,,,,,,,,,,
11-02-024-00095-008949,,,,,,,,,,,,,,,,,,
11-02-024-00095-008950,,,,,,,,,,,,,,,,,,
11-02-024-00095-008951,,,,,,,,,,,,,,,,,,
11-02-024-00095-008952,,,,,,,,,,,,,,,,,,
11-02-024-00095-008953,,,,,,,,,,,,,,,,,,
11-02-024-00095-008954,,,,,,,,,,,,,,,,,,
11-02-024-00095-008955,,,,,,,,,,,,,,,,,,
11-02-024-00095-008956,,,,,,,,,,,,,,,,,,
11-02-024-00095-008957,,,,,,,,,,,,,,,,,,
11-02-024-00095-008958,,,,,,,,,,,,,,,,,,
11-02-024-00095-008959,,,,,,,,,,,,,,,,,,
11-02-024-00095-008960,,,,,,,,,,,,,,,,,,
11-02-024-00095-008961,,,,,,,,,,,,,,,,,,
11-02-024-00095-008962,,,,,,,,,,,,,,,,,,
11-02-024-00095-008963,,,,,,,,,,,,,,,,,,
11-02-024-00095-008964,,,,,,,,,,,,,,,,,,
11-02-024-00095-008965,,,,,,,,,,,,,,,,,,
11-02-024-00095-008966,,,,,,,,,,,,,,,,,,
11-02-024-00095-008967,,,,,,,,,,,,,,,,,,
11-02-024-00095-008968,,,,,,,,,,,,,,,,,,
11-02-024-00095-008969,,,,,,,,,,,,,,,,,,
11-02-024-00095-008970,,,,,,,,,,,,,,,,,,
11-02-024-00095-008971,,,,,,,,,,,,,,,,,,
11-02-024-00095-008972,,,,,,,,,,,,,,,,,,
11-02-024-00095-008973,,,,,,,,,,,,,,,,,,
11-02-024-00095-008974,,,,,,,,,,,,,,,,,,
11-02-024-00095-008975,,,,,,,,,,,,,,,,,,
11-02-024-00095-008976,,,,,,,,,,,,,,,,,,
11-02-024-00095-008977,,,,,,,,,,,,,,,,,,
11-02-024-00095-008978,,,,,,,,,,,,,,,,,,
11-02-024-00095-008979,,,,,,,,,,,,,,,,,,
11-02-024-00095-008980,,,,,,,,,,,,,,,,,,
11-02-024-00095-008981,,,,,,,,,,,,,,,,,,
11-02-024-00095-008982,,,,,,,,,,,,,,,,,,
11-02-024-00095-008984,,,,,,,,,,,,,,,,,,
11-02-024-00095-008985,,,,,,,,,,,,,,,,,,
11-02-024-00095-008986,,,,,,,,,,,,,,,,,,
11-02-024-00095-008987,,,,,,,,,,,,,,,,,,
11-02-024-00095-008988,,,,,,,,,,,,,,,,,,
11-02-024-00095-008989,,,,,,,,,,,,,,,,,,
11-02-024-00095-008990,,,,,,,,,,,,,,,,,,
11-02-024-00095-008991,,,,,,,,,,,,,,,,,,
11-02-024-00095-008992,,,,,,,,,,,,,,,,,,
11-02-024-00095-008993,,,,,,,,,,,,,,,,,,
11-02-024-00095-008994,,,,,,,,,,,,,,,,,,
11-02-024-00095-008995,,,,,,,,,,,,,,,,,,
11-02-024-00095-008996,,,,,,,,,,,,,,,,,,
11-02-024-00095-008998,,,,,,,,,,,,,,,,,,
11-02-024-00095-008999,,,,,,,,,,,,,,,,,,
11-02-024-00095-009000,,,,,,,,,,,,,,,,,,
11-02-024-00095-009001,,,,,,,,,,,,,,,,,,
11-02-024-00095-009002,,,,,,,,,,,,,,,,,,
11-02-024-00095-009003,,,,,,,,,,,,,,,,,,
11-02-024-00095-009004,,,,,,,,,,,,,,,,,,
11-02-024-00095-009005,,,,,,,,,,,,,,,,,,
11-02-024-00095-009006,,,,,,,,,,,,,,,,,,
11-02-024-00095-009007,,,,,,,,,,,,,,,,,,
11-02-024-00095-009008,,,,,,,,,,,,,,,,,,
11-02-024-00095-009009,,,,,,,,,,,,,,,,,,
11-02-024-00095-009010,,,,,,,,,,,,,,,,,,
11-02-024-00095-009011,,,,,,,,,,,,,,,,,,
11-02-024-00095-009012,,,,,,,,,,,,,,,,,,
11-02-024-00095-009013,,,,,,,,,,,,,,,,,,
11-02-024-00095-009014,,,,,,,,,,,,,,,,,,
11-02-024-00095-009015,,,,,,,,,,,,,,,,,,
11-02-024-00095-009016,,,,,,,,,,,,,,,,,,
11-02-024-00095-009019,,,,,,,,,,,,,,,,,,
11-02-024-00095-009020,,,,,,,,,,,,,,,,,,
11-02-024-00095-009021,,,,,,,,,,,,,,,,,,
11-02-024-00095-009022,,,,,,,,,,,,,,,,,,
11-02-024-00095-009023,,,,,,,,,,,,,,,,,,
11-02-024-00095-009024,,,,,,,,,,,,,,,,,,
11-02-024-00095-009026,,,,,,,,,,,,,,,,,,
11-02-024-00095-009027,,,,,,,,,,,,,,,,,,
11-02-024-00095-009028,,,,,,,,,,,,,,,,,,
11-02-024-00095-009029,,,,,,,,,,,,,,,,,,
11-02-024-00095-009030,,,,,,,,,,,,,,,,,,
11-02-024-00095-009031,,,,,,,,,,,,,,,,,,
11-02-024-00095-009032,,,,,,,,,,,,,,,,,,
11-02-024-00095-009033,,,,,,,,,,,,,,,,,,
11-02-024-00095-009034,,,,,,,,,,,,,,,,,,
11-02-024-00095-009035,,,,,,,,,,,,,,,,,,
11-02-024-00095-009036,,,,,,,,,,,,,,,,,,
11-02-024-00095-009037,,,,,,,,,,,,,,,,,,
11-02-024-00095-009039,,,,,,,,,,,,,,,,,,
11-02-024-00095-009040,,,,,,,,,,,,,,,,,,
11-02-024-00095-009041,,,,,,,,,,,,,,,,,,
11-02-024-00096-009042,,,,,,,,,,,,,,,,,,
11-02-024-00096-009043,,,,,,,,,,,,,,,,,,
11-02-024-00096-009044,,,,,,,,,,,,,,,,,,
11-02-024-00096-009045,,,,,,,,,,,,,,,,,,
11-02-024-00096-009046,,,,,,,,,,,,,,,,,,
11-02-024-00096-009047,,,,,,,,,,,,,,,,,,
11-02-024-00096-009048,,,,,,,,,,,,,,,,,,
11-02-024-00096-009049,,,,,,,,,,,,,,,,,,
11-02-024-00096-009050,,,,,,,,,,,,,,,,,,
11-02-024-00096-009051,,,,,,,,,,,,,,,,,,
11-02-024-00096-009052,,,,,,,,,,,,,,,,,,
11-02-024-00096-009053,,,,,,,,,,,,,,,,,,
11-02-024-00096-009054,,,,,,,,,,,,,,,,,,
11-02-024-00096-009055,,,,,,,,,,,,,,,,,,
11-02-024-00096-009057,,,,,,,,,,,,,,,,,,
11-02-024-00096-009058,,,,,,,,,,,,,,,,,,
11-02-024-00096-009060,,,,,,,,,,,,,,,,,,
11-02-024-00096-009061,,,,,,,,,,,,,,,,,,
11-02-024-00096-009062,,,,,,,,,,,,,,,,,,
11-02-024-00096-009063,,,,,,,,,,,,,,,,,,
11-02-024-00096-009064,,,,,,,,,,,,,,,,,,
11-02-024-00096-009065,,,,,,,,,,,,,,,,,,
11-02-024-00096-009066,,,,,,,,,,,,,,,,,,
11-02-024-00096-009067,,,,,,,,,,,,,,,,,,
11-02-024-00096-009068,,,,,,,,,,,,,,,,,,
11-02-024-00096-009069,,,,,,,,,,,,,,,,,,
11-02-024-00096-009070,,,,,,,,,,,,,,,,,,
11-02-024-00096-009071,,,,,,,,,,,,,,,,,,
11-02-024-00096-009072,2011-01-10,,2012-11-01,,2012-07-20,,2009.0,,1.0,,33.49,,38.98,,0.0,,Bilka Mata Mandir - Jior Khas,
11-02-024-00096-009073,,,,,,,,,,,,,,,,,,
11-02-024-00096-009074,,,,,,,,,,,,,,,,,,
11-02-024-00096-009075,,,,,,,,,,,,,,,,,,
11-02-024-00096-009076,,,,,,,,,,,,,,,,,,
11-02-024-00096-009077,,,,,,,,,,,,,,,,,,
11-02-024-00096-009078,,,,,,,,,,,,,,,,,,
11-02-024-00096-009079,,,,,,,,,,,,,,,,,,
11-02-024-00096-009080,,,,,,,,,,,,,,,,,,
11-02-024-00096-009081,,,,,,,,,,,,,,,,,,
11-02-024-00096-009082,,,,,,,,,,,,,,,,,,
11-02-024-00096-009083,,,,,,,,,,,,,,,,,,
11-02-024-00096-009084,,,,,,,,,,,,,,,,,,
11-02-024-00096-009085,,,,,,,,,,,,,,,,,,
11-02-024-00096-009086,,,,,,,,,,,,,,,,,,
11-02-024-00096-009087,,,,,,,,,,,,,,,,,,
11-02-024-00096-009088,,,,,,,,,,,,,,,,,,
11-02-024-00096-009089,,,,,,,,,,,,,,,,,,
11-02-024-00096-009090,,,,,,,,,,,,,,,,,,
11-02-024-00096-009091,,,,,,,,,,,,,,,,,,
11-02-024-00096-009092,,,,,,,,,,,,,,,,,,
11-02-024-00096-009094,,,,,,,,,,,,,,,,,,
11-02-024-00096-009095,,,,,,,,,,,,,,,,,,
11-02-024-00096-009096,,,,,,,,,,,,,,,,,,
11-02-024-00096-009098,,,,,,,,,,,,,,,,,,
11-02-024-00096-009099,,,,,,,,,,,,,,,,,,
11-02-024-00096-009100,,,,,,,,,,,,,,,,,,
11-02-024-00096-009101,,,,,,,,,,,,,,,,,,
11-02-024-00096-009102,,,,,,,,,,,,,,,,,,
11-02-024-00096-009103,,,,,,,,,,,,,,,,,,
11-02-024-00096-009104,,,,,,,,,,,,,,,,,,
11-02-024-00096-009105,,,,,,,,,,,,,,,,,,
11-02-024-00096-009106,,,,,,,,,,,,,,,,,,
11-02-024-00096-009107,,,,,,,,,,,,,,,,,,
11-02-024-00096-009109,,,,,,,,,,,,,,,,,,
11-02-024-00096-009110,,,,,,,,,,,,,,,,,,
11-02-024-00096-009111,,,,,,,,,,,,,,,,,,
11-02-024-00096-009112,,,,,,,,,,,,,,,,,,
11-02-024-00096-009113,,,,,,,,,,,,,,,,,,
11-02-024-00096-009114,,,,,,,,,,,,,,,,,,
11-02-024-00096-009115,,,,,,,,,,,,,,,,,,
11-02-024-00096-009116,,,,,,,,,,,,,,,,,,
11-02-024-00096-009117,,,,,,,,,,,,,,,,,,
11-02-024-00096-009118,,,,,,,,,,,,,,,,,,
11-02-024-00096-009119,,,,,,,,,,,,,,,,,,
11-02-024-00096-009123,,,,,,,,,,,,,,,,,,
11-02-024-00096-009124,,,,,,,,,,,,,,,,,,
11-02-024-00096-009126,,,,,,,,,,,,,,,,,,
11-02-024-00096-009127,,,,,,,,,,,,,,,,,,
11-02-024-00096-009128,,,,,,,,,,,,,,,,,,
11-02-024-00096-009129,,,,,,,,,,,,,,,,,,
11-02-024-00096-009130,,,,,,,,,,,,,,,,,,
11-02-024-00096-009131,,,,,,,,,,,,,,,,,,
11-02-024-00096-009132,,,,,,,,,,,,,,,,,,
11-02-024-00096-009133,,,,,,,,,,,,,,,,,,
11-02-024-00096-009134,,,,,,,,,,,,,,,,,,
11-02-024-00096-009135,,,,,,,,,,,,,,,,,,
11-02-024-00096-009136,,,,,,,,,,,,,,,,,,
11-02-024-00096-009137,,,,,,,,,,,,,,,,,,
11-02-024-00096-009138,,,,,,,,,,,,,,,,,,
11-02-024-00096-009139,,,,,,,,,,,,,,,,,,
11-02-024-00096-009140,,,,,,,,,,,,,,,,,,
11-02-024-00096-009141,,,,,,,,,,,,,,,,,,
11-02-024-00096-009142,,,,,,,,,,,,,,,,,,
11-02-024-00096-009143,,,,,,,,,,,,,,,,,,
11-02-024-00096-009144,,,,,,,,,,,,,,,,,,
11-02-024-00096-009145,,,,,,,,,,,,,,,,,,
11-02-024-00096-009146,,,,,,,,,,,,,,,,,,
11-02-024-00096-009147,,,,,,,,,,,,,,,,,,
11-02-024-00096-009148,2004-07-30,,2005-09-01,,2005-08-14,,2003.0,,1.2,,39.65,,15.75,,0.0,,Guglara to Baglahar road,
11-02-024-00096-009149,,,,,,,,,,,,,,,,,,
11-02-024-00096-009150,,,,,,,,,,,,,,,,,,
11-02-024-00096-009151,,,,,,,,,,,,,,,,,,
11-02-024-00096-009152,,,,,,,,,,,,,,,,,,
11-02-024-00096-009153,,,,,,,,,,,,,,,,,,
11-02-024-00096-009154,,,,,,,,,,,,,,,,,,
11-02-024-00096-009155,,,,,,,,,,,,,,,,,,
11-02-024-00096-009156,,,,,,,,,,,,,,,,,,
11-02-024-00096-009157,,,,,,,,,,,,,,,,,,
11-02-024-00096-009158,,,,,,,,,,,,,,,,,,
11-02-024-00096-009159,,,,,,,,,,,,,,,,,,
11-02-024-00096-009160,,,,,,,,,,,,,,,,,,
11-02-024-00096-009161,,,,,,,,,,,,,,,,,,
11-02-024-00096-009162,,,,,,,,,,,,,,,,,,
11-02-024-00096-009163,,,,,,,,,,,,,,,,,,
11-02-024-00096-009164,,,,,,,,,,,,,,,,,,
11-02-024-00096-009165,,,,,,,,,,,,,,,,,,
11-02-024-00096-009166,,,,,,,,,,,,,,,,,,
11-02-024-00096-009167,,,,,,,,,,,,,,,,,,
11-02-024-00096-009168,,,,,,,,,,,,,,,,,,
11-02-024-00096-009169,,,,,,,,,,,,,,,,,,
11-02-024-00096-009170,,,,,,,,,,,,,,,,,,
11-02-024-00096-009171,,,,,,,,,,,,,,,,,,
11-02-024-00096-009172,,,,,,,,,,,,,,,,,,
11-02-024-00096-009173,,,,,,,,,,,,,,,,,,
11-02-024-00096-009174,,,,,,,,,,,,,,,,,,
11-02-024-00096-009175,,,,,,,,,,,,,,,,,,
11-02-024-00096-009177,,,,,,,,,,,,,,,,,,
11-02-024-00096-009178,,,,,,,,,,,,,,,,,,
11-02-024-00096-009179,,,,,,,,,,,,,,,,,,
11-02-024-00096-009180,,,,,,,,,,,,,,,,,,
11-02-024-00096-009181,,,,,,,,,,,,,,,,,,
11-02-024-00096-009182,,,,,,,,,,,,,,,,,,
11-02-024-00096-009183,,,,,,,,,,,,,,,,,,
11-02-024-00096-009184,,,,,,,,,,,,,,,,,,
11-02-024-00096-009185,,,,,,,,,,,,,,,,,,
11-02-024-00096-009186,,,,,,,,,,,,,,,,,,
11-02-024-00096-009187,,,,,,,,,,,,,,,,,,
11-02-024-00096-009188,,,,,,,,,,,,,,,,,,
11-02-024-00096-009189,,,,,,,,,,,,,,,,,,
11-02-024-00096-009190,,,,,,,,,,,,,,,,,,
11-02-024-00096-009192,,,,,,,,,,,,,,,,,,
11-02-024-00096-009194,,,,,,,,,,,,,,,,,,
11-02-024-00096-009195,,,,,,,,,,,,,,,,,,
11-02-024-00096-009196,,,,,,,,,,,,,,,,,,
11-02-024-00096-009197,,,,,,,,,,,,,,,,,,
11-02-024-00096-009198,,,,,,,,,,,,,,,,,,
11-02-024-00096-009199,,,,,,,,,,,,,,,,,,
11-02-024-00096-009200,,,,,,,,,,,,,,,,,,
11-02-024-00096-009201,,,,,,,,,,,,,,,,,,
11-02-024-00096-009203,,,,,,,,,,,,,,,,,,
11-02-024-00096-009204,,,,,,,,,,,,,,,,,,
11-02-024-00096-009205,,,,,,,,,,,,,,,,,,
11-02-024-00096-009207,,,,,,,,,,,,,,,,,,
11-02-024-00096-009208,,,,,,,,,,,,,,,,,,
11-02-024-00096-009209,,,,,,,,,,,,,,,,,,
11-02-024-00096-009210,,,,,,,,,,,,,,,,,,
11-02-024-00096-009211,,,,,,,,,,,,,,,,,,
11-02-024-00096-009212,,,,,,,,,,,,,,,,,,
11-02-024-00096-009213,,,,,,,,,,,,,,,,,,
11-02-024-00096-009214,,,,,,,,,,,,,,,,,,
11-02-024-00096-009215,,,,,,,,,,,,,,,,,,
11-02-024-00096-009216,,,,,,,,,,,,,,,,,,
11-02-024-00096-009217,,,,,,,,,,,,,,,,,,
11-02-024-00096-009218,,,,,,,,,,,,,,,,,,
11-02-024-00096-009219,,,,,,,,,,,,,,,,,,
11-02-024-00096-009220,,,,,,,,,,,,,,,,,,
11-02-024-00096-009221,,,,,,,,,,,,,,,,,,
11-02-024-00096-009222,,,,,,,,,,,,,,,,,,
11-02-024-00096-009223,,,,,,,,,,,,,,,,,,
11-02-024-00096-009224,,,,,,,,,,,,,,,,,,
11-02-024-00096-009225,,,,,,,,,,,,,,,,,,
11-02-024-00096-009226,,,,,,,,,,,,,,,,,,
11-02-024-00096-009227,,,,,,,,,,,,,,,,,,
11-02-024-00096-009228,,,,,,,,,,,,,,,,,,
11-02-024-00096-009229,,,,,,,,,,,,,,,,,,
11-02-024-00096-009230,,,,,,,,,,,,,,,,,,
11-02-024-00096-009231,,,,,,,,,,,,,,,,,,
11-02-024-00096-009232,,,,,,,,,,,,,,,,,,
11-02-024-00096-009233,,,,,,,,,,,,,,,,,,
11-02-024-00096-009234,,,,,,,,,,,,,,,,,,
11-02-024-00096-009235,,,,,,,,,,,,,,,,,,
11-02-024-00096-009236,,,,,,,,,,,,,,,,,,
11-02-024-00096-009237,,,,,,,,,,,,,,,,,,
11-02-024-00096-009238,,,,,,,,,,,,,,,,,,
11-02-024-00096-009239,,,,,,,,,,,,,,,,,,
